date,index,value,change,source
2026-10-02,EGY,2691.33,-12.44,daily
2026-10-02,MAT,3070.32,4.79,daily
2026-10-02,CG,2197.75,-9.68,daily
2026-10-02,CPS,2111.07,35.11,daily
2026-10-02,TRP,90525.82,-743.74,daily
2026-10-02,A&C,1112.6,17.43,daily
2026-10-02,CDA,1762.73,13.14,daily
2026-10-02,CS,495.23,1.41,daily
2026-10-02,RET,2997.73,-1.48,daily
2026-10-02,FSR,4019.58,-48.2,daily
2026-10-02,FBT,2260,-1.16,daily
2026-10-02,HPP,1299.11,-17.87,daily
2026-10-02,HES,1720.1,24.35,daily
2026-10-02,BNK,1691.51,-2.81,daily
2026-10-02,DF,3273.76,1.37,daily
2026-10-02,INS,2358.34,20.69,daily
2026-10-02,S&S,1024.71,-7.93,daily
2026-10-02,TEL,3609.2,4.77,daily
2026-10-02,UTI,1944.27,11.96,daily
2026-10-02,RE,3341.12,8.68,daily
2026-10-02,S&P SL20,5883.5,-18.15,daily
2026-10-02,ASI,20812.64,-68.26,daily
2026-10-02,ASTRI,32783.92,-107.52,daily
2026-10-02,S&P SL20 TRI,12495.25,-38.55,daily
2026-10-01,ASTRI,32891.44,,daily
2026-10-01,S&P SL20 TRI,12533.8,,daily
2025-10-07,EGY,2797.04,,backfill
2025-10-08,EGY,2756.76,-40.28,backfill
2025-10-09,EGY,2786.71,29.95,backfill
2025-10-10,EGY,2797.71,11,backfill
2025-10-13,EGY,2814.75,17.04,backfill
2025-10-14,EGY,2834.28,19.53,backfill
2025-10-15,EGY,2917.75,83.47,backfill
2025-10-16,EGY,2938.22,20.47,backfill
2025-10-17,EGY,2943.43,5.21,backfill
2025-10-21,EGY,2985.05,41.62,backfill
2025-10-22,EGY,2959.9,-25.15,backfill
2025-10-23,EGY,2998.58,38.68,backfill
2025-10-24,EGY,3002.14,3.56,backfill
2025-10-27,EGY,3011.12,8.98,backfill
2025-10-28,EGY,3060.03,48.91,backfill
2025-10-29,EGY,3173.77,113.74,backfill
2025-10-30,EGY,3150.08,-23.69,backfill
2025-10-31,EGY,3150.71,0.63,backfill
2025-11-03,EGY,3137.02,-13.69,backfill
2025-11-04,EGY,3118.41,-18.61,backfill
2025-11-06,EGY,3165.68,47.27,backfill
2025-11-07,EGY,3216.48,50.8,backfill
2025-11-10,EGY,3257.38,40.9,backfill
2025-11-11,EGY,3225.88,-31.5,backfill
2025-11-12,EGY,3181.29,-44.59,backfill
2025-11-13,EGY,3172.59,-8.7,backfill
2025-11-14,EGY,3202.54,29.95,backfill
2025-11-17,EGY,3177.8,-24.74,backfill
2025-11-18,EGY,3125.29,-52.51,backfill
2025-11-19,EGY,3165.4,40.11,backfill
2025-11-20,EGY,3134.12,-31.28,backfill
2025-11-21,EGY,3132.15,-1.97,backfill
2025-11-24,EGY,3099.38,-32.77,backfill
2025-11-25,EGY,3115.78,16.4,backfill
2025-11-26,EGY,3119.7,3.92,backfill
2025-11-27,EGY,3078.68,-41.02,backfill
2025-11-28,EGY,3076.58,-2.1,backfill
2025-12-01,EGY,3019.81,-56.77,backfill
2025-12-02,EGY,3010.47,-9.34,backfill
2025-12-03,EGY,2976.34,-34.13,backfill
2025-12-05,EGY,2910.37,-65.97,backfill
2025-12-08,EGY,2933.24,22.87,backfill
2025-12-09,EGY,2989,55.76,backfill
2025-12-10,EGY,3048.2,59.2,backfill
2025-12-11,EGY,3122.71,74.51,backfill
2025-12-12,EGY,3111.26,-11.45,backfill
2025-12-15,EGY,3061.77,-49.49,backfill
2025-12-16,EGY,3084.89,23.12,backfill
2025-12-17,EGY,3090.37,5.48,backfill
2025-12-18,EGY,3035.77,-54.6,backfill
2025-12-19,EGY,3022.03,-13.74,backfill
2025-12-22,EGY,2968.52,-53.51,backfill
2025-12-23,EGY,2998.98,30.46,backfill
2025-12-24,EGY,3042.07,43.09,backfill
2025-12-26,EGY,3057.52,15.45,backfill
2025-12-29,EGY,3033.59,-23.93,backfill
2025-12-30,EGY,3099.74,66.15,backfill
2025-12-31,EGY,3074.95,-24.79,backfill
2026-01-02,EGY,3213.18,138.23,backfill
2026-01-05,EGY,3204.15,-9.03,backfill
2026-01-06,EGY,3228.4,24.25,backfill
2026-01-08,EGY,3255.28,26.88,backfill
2026-01-09,EGY,3245.74,-9.54,backfill
2026-01-12,EGY,3256.72,10.98,backfill
2026-01-13,EGY,3264.16,7.44,backfill
2026-01-14,EGY,3345.15,80.99,backfill
2026-01-16,EGY,3239.44,-105.71,backfill
2026-01-19,EGY,3233.54,-5.9,backfill
2026-01-20,EGY,3224.01,-9.53,backfill
2026-01-21,EGY,3330.81,106.8,backfill
2026-01-22,EGY,3335.44,4.63,backfill
2026-01-23,EGY,3342.51,7.07,backfill
2026-01-26,EGY,3307.37,-35.14,backfill
2026-01-27,EGY,3296.61,-10.76,backfill
2026-01-28,EGY,3273.18,-23.43,backfill
2026-01-29,EGY,3290.15,16.97,backfill
2026-01-30,EGY,3323.1,32.95,backfill
2026-02-02,EGY,3269.09,-54.01,backfill
2026-02-03,EGY,3286.52,17.43,backfill
2026-02-05,EGY,3259.69,-26.83,backfill
2026-02-06,EGY,3286.71,27.02,backfill
2026-02-09,EGY,3267.91,-18.8,backfill
2026-02-10,EGY,3250.29,-17.62,backfill
2026-02-11,EGY,3281.15,30.86,backfill
2026-02-12,EGY,3266.79,-14.36,backfill
2026-02-13,EGY,3268.97,2.18,backfill
2026-02-16,EGY,3271.62,2.65,backfill
2026-02-17,EGY,3247.46,-24.16,backfill
2026-02-18,EGY,3289.65,42.19,backfill
2026-02-19,EGY,3265.24,-24.41,backfill
2026-02-20,EGY,3273.12,7.88,backfill
2026-02-23,EGY,3260.91,-12.21,backfill
2026-02-24,EGY,3270.65,9.74,backfill
2026-02-25,EGY,3246.91,-23.74,backfill
2026-02-26,EGY,3261.71,14.8,backfill
2026-02-27,EGY,3229.99,-31.72,backfill
2026-03-03,EGY,3198.96,-31.03,backfill
2026-03-04,EGY,3213.19,14.23,backfill
2026-03-05,EGY,3247.6,34.41,backfill
2026-03-06,EGY,3314.67,67.07,backfill
2026-03-09,EGY,3290.68,-23.99,backfill
2026-03-10,EGY,3328.89,38.21,backfill
2026-03-11,EGY,3303.82,-25.07,backfill
2026-03-12,EGY,3215.55,-88.27,backfill
2026-03-13,EGY,3199.57,-15.98,backfill
2026-03-16,EGY,3091.72,-107.85,backfill
2026-03-17,EGY,3004.89,-86.83,backfill
2026-03-18,EGY,3038.03,33.14,backfill
2026-03-19,EGY,2961.49,-76.54,backfill
2026-03-20,EGY,3004.58,43.09,backfill
2026-03-23,EGY,2993.84,-10.74,backfill
2026-03-24,EGY,3013.85,20.01,backfill
2026-03-25,EGY,3044.46,30.61,backfill
2026-03-26,EGY,3033.37,-11.09,backfill
2026-03-27,EGY,3025.45,-7.92,backfill
2026-03-30,EGY,2998.47,-26.98,backfill
2026-03-31,EGY,3022.83,24.36,backfill
2026-04-02,EGY,3051.72,28.89,backfill
2026-04-06,EGY,3021.39,-30.33,backfill
2026-04-07,EGY,3019.02,-2.37,backfill
2026-04-08,EGY,3092.88,73.86,backfill
2026-04-09,EGY,3106.79,13.91,backfill
2026-04-10,EGY,3176.64,69.85,backfill
2026-04-15,EGY,3169.74,-6.9,backfill
2026-04-16,EGY,3187.35,17.61,backfill
2026-04-17,EGY,3278.93,91.58,backfill
2026-04-20,EGY,3235.82,-43.11,backfill
2026-04-21,EGY,3199.16,-36.66,backfill
2026-04-22,EGY,3206.23,7.07,backfill
2026-04-23,EGY,3190.02,-16.21,backfill
2026-04-24,EGY,3202.36,12.34,backfill
2026-04-27,EGY,3183.49,-18.87,backfill
2026-04-28,EGY,3155.97,-27.52,backfill
2026-04-29,EGY,3151.67,-4.3,backfill
2026-04-30,EGY,3157.18,5.51,backfill
2026-05-04,EGY,3178.74,21.56,backfill
2026-05-05,EGY,3152.99,-25.75,backfill
2026-05-06,EGY,3145.24,-7.75,backfill
2026-05-07,EGY,3204.5,59.26,backfill
2026-05-08,EGY,3202.31,-2.19,backfill
2026-05-11,EGY,3184.31,-18,backfill
2026-05-12,EGY,3151.11,-33.2,backfill
2026-05-13,EGY,3134.78,-16.33,backfill
2026-05-14,EGY,3156.54,21.76,backfill
2026-05-15,EGY,3131.67,-24.87,backfill
2026-05-18,EGY,3044.15,-87.52,backfill
2026-05-19,EGY,3050.74,6.59,backfill
2026-05-20,EGY,2978.06,-72.68,backfill
2026-05-21,EGY,3038.57,60.51,backfill
2026-05-22,EGY,3062.24,23.67,backfill
2026-05-25,EGY,3086.72,24.48,backfill
2026-05-26,EGY,3038.74,-47.98,backfill
2026-05-27,EGY,3027.88,-10.86,backfill
2026-05-29,EGY,3035.09,7.21,backfill
2026-06-01,EGY,3017.01,-18.08,backfill
2026-06-02,EGY,2993.87,-23.14,backfill
2026-06-03,EGY,2945.76,-48.11,backfill
2026-06-04,EGY,2952.47,6.71,backfill
2026-06-05,EGY,2960.32,7.85,backfill
2026-06-08,EGY,2928.88,-31.44,backfill
2026-06-09,EGY,2951.2,22.32,backfill
2026-06-10,EGY,2948.34,-2.86,backfill
2026-06-11,EGY,2915.19,-33.15,backfill
2026-06-12,EGY,2980.65,65.46,backfill
2026-06-15,EGY,3088.86,108.21,backfill
2026-06-16,EGY,3069.06,-19.8,backfill
2026-06-17,EGY,3062.25,-6.81,backfill
2026-06-18,EGY,3057.41,-4.84,backfill
2026-06-19,EGY,3068.82,11.41,backfill
2026-06-22,EGY,3026.19,-42.63,backfill
2026-06-23,EGY,3037.57,11.38,backfill
2026-06-24,EGY,3045.43,7.86,backfill
2026-06-25,EGY,3103.17,57.74,backfill
2026-06-26,EGY,3080.59,-22.58,backfill
2026-06-30,EGY,3019.5,-61.09,backfill
2026-07-01,EGY,3047.07,27.57,backfill
2026-07-02,EGY,3041.83,-5.24,backfill
2026-07-03,EGY,3043.52,1.69,backfill
2026-07-06,EGY,3030.3,-13.22,backfill
2026-07-07,EGY,3014.51,-15.79,backfill
2026-07-08,EGY,3010.06,-4.45,backfill
2026-07-09,EGY,3031.39,21.33,backfill
2026-07-10,EGY,2951.6,-79.79,backfill
2026-07-13,EGY,2933.94,-17.66,backfill
2026-07-14,EGY,2939.39,5.45,backfill
2026-07-15,EGY,2901.46,-37.93,backfill
2026-07-16,EGY,2914.6,13.14,backfill
2026-07-17,EGY,2915.34,0.74,backfill
2026-07-20,EGY,2869.85,-45.49,backfill
2026-07-21,EGY,2857.11,-12.74,backfill
2026-07-22,EGY,2902.76,45.65,backfill
2026-07-23,EGY,2866.4,-36.36,backfill
2026-07-24,EGY,2865.9,-0.5,backfill
2026-07-27,EGY,2868.57,2.67,backfill
2026-07-28,EGY,2853.95,-14.62,backfill
2026-07-30,EGY,2851.96,-1.99,backfill
2026-07-31,EGY,2849.4,-2.56,backfill
2026-08-03,EGY,2843.07,-6.33,backfill
2026-08-04,EGY,2832.82,-10.25,backfill
2026-08-05,EGY,2858.1,25.28,backfill
2026-08-06,EGY,2867.41,9.31,backfill
2026-08-07,EGY,2867.26,-0.15,backfill
2026-08-10,EGY,2873.58,6.32,backfill
2026-08-11,EGY,2859.85,-13.73,backfill
2026-08-12,EGY,2848.24,-11.61,backfill
2026-08-13,EGY,2853.69,5.45,backfill
2026-08-14,EGY,2843.96,-9.73,backfill
2026-08-17,EGY,2828.16,-15.8,backfill
2026-08-18,EGY,2818,-10.16,backfill
2026-08-19,EGY,2831.25,13.25,backfill
2026-08-20,EGY,2820.39,-10.86,backfill
2026-08-21,EGY,2803.2,-17.19,backfill
2026-08-24,EGY,2761.3,-41.9,backfill
2026-08-25,EGY,2764.36,3.06,backfill
2026-08-28,EGY,2769.6,5.24,backfill
2026-08-31,EGY,2760.05,-9.55,backfill
2026-09-01,EGY,2783.03,22.98,backfill
2026-09-02,EGY,2755.4,-27.63,backfill
2026-09-03,EGY,2765.03,9.63,backfill
2026-09-04,EGY,2802.94,37.91,backfill
2026-09-07,EGY,2804.77,1.83,backfill
2026-09-08,EGY,2808.94,4.17,backfill
2026-09-09,EGY,2787.02,-21.92,backfill
2026-09-10,EGY,2772.85,-14.17,backfill
2026-09-11,EGY,2784.73,11.88,backfill
2026-09-14,EGY,2748.56,-36.17,backfill
2026-09-15,EGY,2769.48,20.92,backfill
2026-09-16,EGY,2777.71,8.23,backfill
2026-09-17,EGY,2749.16,-28.55,backfill
2026-09-18,EGY,2747.29,-1.87,backfill
2026-09-21,EGY,2718.02,-29.27,backfill
2026-09-22,EGY,2732.18,14.16,backfill
2026-09-23,EGY,2726.33,-5.85,backfill
2026-09-24,EGY,2731.98,5.65,backfill
2026-09-25,EGY,2719.82,-12.16,backfill
2026-09-28,EGY,2715.39,-4.43,backfill
2026-09-29,EGY,2718.44,3.05,backfill
2026-09-30,EGY,2722.64,4.2,backfill
2026-10-01,EGY,2717.18,-5.46,backfill
2025-10-07,MAT,3169.85,,backfill
2025-10-08,MAT,3153.22,-16.63,backfill
2025-10-09,MAT,3148.92,-4.3,backfill
2025-10-10,MAT,3153.9,4.98,backfill
2025-10-13,MAT,3140.83,-13.07,backfill
2025-10-14,MAT,3131.44,-9.39,backfill
2025-10-15,MAT,3108.35,-23.09,backfill
2025-10-16,MAT,3114.9,6.55,backfill
2025-10-17,MAT,3123.61,8.71,backfill
2025-10-21,MAT,3123.78,0.17,backfill
2025-10-22,MAT,3130.39,6.61,backfill
2025-10-23,MAT,3142.9,12.51,backfill
2025-10-24,MAT,3140.32,-2.58,backfill
2025-10-27,MAT,3119.39,-20.93,backfill
2025-10-28,MAT,3098.46,-20.93,backfill
2025-10-29,MAT,3114.19,15.73,backfill
2025-10-30,MAT,3101.76,-12.43,backfill
2025-10-31,MAT,3089.55,-12.21,backfill
2025-11-03,MAT,3089.02,-0.53,backfill
2025-11-04,MAT,3074.74,-14.28,backfill
2025-11-06,MAT,3069.24,-5.5,backfill
2025-11-07,MAT,3099.72,30.48,backfill
2025-11-10,MAT,3128.75,29.03,backfill
2025-11-11,MAT,3110.98,-17.77,backfill
2025-11-12,MAT,3121.87,10.89,backfill
2025-11-13,MAT,3100.37,-21.5,backfill
2025-11-14,MAT,3113.42,13.05,backfill
2025-11-17,MAT,3091.12,-22.3,backfill
2025-11-18,MAT,3083.65,-7.47,backfill
2025-11-19,MAT,3064.26,-19.39,backfill
2025-11-20,MAT,3101.48,37.22,backfill
2025-11-21,MAT,3092.39,-9.09,backfill
2025-11-24,MAT,3048.59,-43.8,backfill
2025-11-25,MAT,3070.66,22.07,backfill
2025-11-26,MAT,3077.04,6.38,backfill
2025-11-27,MAT,3049.68,-27.36,backfill
2025-11-28,MAT,3066.2,16.52,backfill
2025-12-01,MAT,3012.87,-53.33,backfill
2025-12-02,MAT,3050.94,38.07,backfill
2025-12-03,MAT,3024.81,-26.13,backfill
2025-12-05,MAT,2981.34,-43.47,backfill
2025-12-08,MAT,3004.57,23.23,backfill
2025-12-09,MAT,3073.66,69.09,backfill
2025-12-10,MAT,3120.66,47,backfill
2025-12-11,MAT,3112.93,-7.73,backfill
2025-12-12,MAT,3128.34,15.41,backfill
2025-12-15,MAT,3109.53,-18.81,backfill
2025-12-16,MAT,3105.35,-4.18,backfill
2025-12-17,MAT,3112.39,7.04,backfill
2025-12-18,MAT,3132.17,19.78,backfill
2025-12-19,MAT,3130.93,-1.24,backfill
2025-12-22,MAT,3105.83,-25.1,backfill
2025-12-23,MAT,3124.57,18.74,backfill
2025-12-24,MAT,3136.03,11.46,backfill
2025-12-26,MAT,3130.66,-5.37,backfill
2025-12-29,MAT,3138.51,7.85,backfill
2025-12-30,MAT,3189.48,50.97,backfill
2025-12-31,MAT,3200.45,10.97,backfill
2026-01-02,MAT,3269.48,69.03,backfill
2026-01-05,MAT,3291.37,21.89,backfill
2026-01-06,MAT,3321.45,30.08,backfill
2026-01-08,MAT,3304.75,-16.7,backfill
2026-01-09,MAT,3352.04,47.29,backfill
2026-01-12,MAT,3336.16,-15.88,backfill
2026-01-13,MAT,3330.9,-5.26,backfill
2026-01-14,MAT,3358.07,27.17,backfill
2026-01-16,MAT,3365.31,7.24,backfill
2026-01-19,MAT,3339.19,-26.12,backfill
2026-01-20,MAT,3360.37,21.18,backfill
2026-01-21,MAT,3407.53,47.16,backfill
2026-01-22,MAT,3397.98,-9.55,backfill
2026-01-23,MAT,3383.55,-14.43,backfill
2026-01-26,MAT,3388.79,5.24,backfill
2026-01-27,MAT,3371.38,-17.41,backfill
2026-01-28,MAT,3361.44,-9.94,backfill
2026-01-29,MAT,3338.1,-23.34,backfill
2026-01-30,MAT,3324.74,-13.36,backfill
2026-02-02,MAT,3320.97,-3.77,backfill
2026-02-03,MAT,3312.31,-8.66,backfill
2026-02-05,MAT,3305.99,-6.32,backfill
2026-02-06,MAT,3306.8,0.81,backfill
2026-02-09,MAT,3272.93,-33.87,backfill
2026-02-10,MAT,3260.62,-12.31,backfill
2026-02-11,MAT,3267.8,7.18,backfill
2026-02-12,MAT,3248.81,-18.99,backfill
2026-02-13,MAT,3250.53,1.72,backfill
2026-02-16,MAT,3250.84,0.31,backfill
2026-02-17,MAT,3257.91,7.07,backfill
2026-02-18,MAT,3248.94,-8.97,backfill
2026-02-19,MAT,3247.18,-1.76,backfill
2026-02-20,MAT,3239.12,-8.06,backfill
2026-02-23,MAT,3243.38,4.26,backfill
2026-02-24,MAT,3242.41,-0.97,backfill
2026-02-25,MAT,3239.72,-2.69,backfill
2026-02-26,MAT,3259.28,19.56,backfill
2026-02-27,MAT,3265.73,6.45,backfill
2026-03-03,MAT,3080.22,-185.51,backfill
2026-03-04,MAT,3109.54,29.32,backfill
2026-03-05,MAT,3136.73,27.19,backfill
2026-03-06,MAT,3131.78,-4.95,backfill
2026-03-09,MAT,3023.02,-108.76,backfill
2026-03-10,MAT,3062.64,39.62,backfill
2026-03-11,MAT,3054.98,-7.66,backfill
2026-03-12,MAT,3012.28,-42.7,backfill
2026-03-13,MAT,2936.38,-75.9,backfill
2026-03-16,MAT,2861.43,-74.95,backfill
2026-03-17,MAT,2780.77,-80.66,backfill
2026-03-18,MAT,2837.54,56.77,backfill
2026-03-19,MAT,2761.82,-75.72,backfill
2026-03-20,MAT,2812.59,50.77,backfill
2026-03-23,MAT,2767.31,-45.28,backfill
2026-03-24,MAT,2849.55,82.24,backfill
2026-03-25,MAT,2936.37,86.82,backfill
2026-03-26,MAT,2884.9,-51.47,backfill
2026-03-27,MAT,2892.8,7.9,backfill
2026-03-30,MAT,2857.16,-35.64,backfill
2026-03-31,MAT,2837.67,-19.49,backfill
2026-04-02,MAT,2864.8,27.13,backfill
2026-04-06,MAT,2865.24,0.44,backfill
2026-04-07,MAT,2851.33,-13.91,backfill
2026-04-08,MAT,2990.29,138.96,backfill
2026-04-09,MAT,2972.26,-18.03,backfill
2026-04-10,MAT,3048.2,75.94,backfill
2026-04-15,MAT,3071.16,22.96,backfill
2026-04-16,MAT,3125.94,54.78,backfill
2026-04-17,MAT,3150.41,24.47,backfill
2026-04-20,MAT,3117.48,-32.93,backfill
2026-04-21,MAT,3125.04,7.56,backfill
2026-04-22,MAT,3118.34,-6.7,backfill
2026-04-23,MAT,3105.14,-13.2,backfill
2026-04-24,MAT,3121.68,16.54,backfill
2026-04-27,MAT,3129.01,7.33,backfill
2026-04-28,MAT,3123.68,-5.33,backfill
2026-04-29,MAT,3124.09,0.41,backfill
2026-04-30,MAT,3105.14,-18.95,backfill
2026-05-04,MAT,3116.67,11.53,backfill
2026-05-05,MAT,3099.51,-17.16,backfill
2026-05-06,MAT,3103.21,3.7,backfill
2026-05-07,MAT,3167.85,64.64,backfill
2026-05-08,MAT,3175.94,8.09,backfill
2026-05-11,MAT,3173.68,-2.26,backfill
2026-05-12,MAT,3187.42,13.74,backfill
2026-05-13,MAT,3187.6,0.18,backfill
2026-05-14,MAT,3197.76,10.16,backfill
2026-05-15,MAT,3204.74,6.98,backfill
2026-05-18,MAT,3115.57,-89.17,backfill
2026-05-19,MAT,3110.84,-4.73,backfill
2026-05-20,MAT,3045.53,-65.31,backfill
2026-05-21,MAT,3053.19,7.66,backfill
2026-05-22,MAT,3046.08,-7.11,backfill
2026-05-25,MAT,3128.41,82.33,backfill
2026-05-26,MAT,3111.72,-16.69,backfill
2026-05-27,MAT,3100.08,-11.64,backfill
2026-05-29,MAT,3103.15,3.07,backfill
2026-06-01,MAT,3095.08,-8.07,backfill
2026-06-02,MAT,3110.53,15.45,backfill
2026-06-03,MAT,3058.27,-52.26,backfill
2026-06-04,MAT,3023.49,-34.78,backfill
2026-06-05,MAT,3010.46,-13.03,backfill
2026-06-08,MAT,2951.79,-58.67,backfill
2026-06-09,MAT,2976.23,24.44,backfill
2026-06-10,MAT,2961.28,-14.95,backfill
2026-06-11,MAT,2944.92,-16.36,backfill
2026-06-12,MAT,2989.92,45,backfill
2026-06-15,MAT,3099.48,109.56,backfill
2026-06-16,MAT,3112.87,13.39,backfill
2026-06-17,MAT,3107.92,-4.95,backfill
2026-06-18,MAT,3115.37,7.45,backfill
2026-06-19,MAT,3097.97,-17.4,backfill
2026-06-22,MAT,3067.93,-30.04,backfill
2026-06-23,MAT,3083.44,15.51,backfill
2026-06-24,MAT,3089.01,5.57,backfill
2026-06-25,MAT,3150.38,61.37,backfill
2026-06-26,MAT,3133.39,-16.99,backfill
2026-06-30,MAT,3112.69,-20.7,backfill
2026-07-01,MAT,3106.86,-5.83,backfill
2026-07-02,MAT,3104.83,-2.03,backfill
2026-07-03,MAT,3104.97,0.14,backfill
2026-07-06,MAT,3095.97,-9,backfill
2026-07-07,MAT,3079.32,-16.65,backfill
2026-07-08,MAT,3049.92,-29.4,backfill
2026-07-09,MAT,3045.05,-4.87,backfill
2026-07-10,MAT,3089.67,44.62,backfill
2026-07-13,MAT,3058,-31.67,backfill
2026-07-14,MAT,3031.16,-26.84,backfill
2026-07-15,MAT,3052.3,21.14,backfill
2026-07-16,MAT,3048.67,-3.63,backfill
2026-07-17,MAT,3043.28,-5.39,backfill
2026-07-20,MAT,3019.6,-23.68,backfill
2026-07-21,MAT,3007.54,-12.06,backfill
2026-07-22,MAT,2997.97,-9.57,backfill
2026-07-23,MAT,3018.19,20.22,backfill
2026-07-24,MAT,3010.72,-7.47,backfill
2026-07-27,MAT,3004.19,-6.53,backfill
2026-07-28,MAT,2994.24,-9.95,backfill
2026-07-30,MAT,2981.2,-13.04,backfill
2026-07-31,MAT,3003.67,22.47,backfill
2026-08-03,MAT,2999.13,-4.54,backfill
2026-08-04,MAT,3005,5.87,backfill
2026-08-05,MAT,3019.5,14.5,backfill
2026-08-06,MAT,3032.2,12.7,backfill
2026-08-07,MAT,3042.12,9.92,backfill
2026-08-10,MAT,3041.83,-0.29,backfill
2026-08-11,MAT,3036.36,-5.47,backfill
2026-08-12,MAT,3049.07,12.71,backfill
2026-08-13,MAT,3051.2,2.13,backfill
2026-08-14,MAT,3036.67,-14.53,backfill
2026-08-17,MAT,3041.79,5.12,backfill
2026-08-18,MAT,3020.52,-21.27,backfill
2026-08-19,MAT,3017.25,-3.27,backfill
2026-08-20,MAT,3012.73,-4.52,backfill
2026-08-21,MAT,3022.46,9.73,backfill
2026-08-24,MAT,3028.02,5.56,backfill
2026-08-25,MAT,3037.91,9.89,backfill
2026-08-28,MAT,3048.96,11.05,backfill
2026-08-31,MAT,3040.81,-8.15,backfill
2026-09-01,MAT,3045.45,4.64,backfill
2026-09-02,MAT,3064.88,19.43,backfill
2026-09-03,MAT,3142.72,77.84,backfill
2026-09-04,MAT,3181.54,38.82,backfill
2026-09-07,MAT,3164.82,-16.72,backfill
2026-09-08,MAT,3143.54,-21.28,backfill
2026-09-09,MAT,3126.9,-16.64,backfill
2026-09-10,MAT,3091.81,-35.09,backfill
2026-09-11,MAT,3128.67,36.86,backfill
2026-09-14,MAT,3112.8,-15.87,backfill
2026-09-15,MAT,3105.9,-6.9,backfill
2026-09-16,MAT,3078.03,-27.87,backfill
2026-09-17,MAT,3055.25,-22.78,backfill
2026-09-18,MAT,3060.62,5.37,backfill
2026-09-21,MAT,3064.65,4.03,backfill
2026-09-22,MAT,3107.34,42.69,backfill
2026-09-23,MAT,3100.45,-6.89,backfill
2026-09-24,MAT,3098.57,-1.88,backfill
2026-09-25,MAT,3094.43,-4.14,backfill
2026-09-28,MAT,3076.35,-18.08,backfill
2026-09-29,MAT,3059.06,-17.29,backfill
2026-09-30,MAT,3061.86,2.8,backfill
2026-10-01,MAT,3059.22,-2.64,backfill
2025-10-07,CG,2286.85,,backfill
2025-10-08,CG,2273.26,-13.59,backfill
2025-10-09,CG,2255.32,-17.94,backfill
2025-10-10,CG,2307.8,52.48,backfill
2025-10-13,CG,2298.74,-9.06,backfill
2025-10-14,CG,2290.21,-8.53,backfill
2025-10-15,CG,2281.04,-9.17,backfill
2025-10-16,CG,2292.54,11.5,backfill
2025-10-17,CG,2304.76,12.22,backfill
2025-10-21,CG,2298.82,-5.94,backfill
2025-10-22,CG,2292.78,-6.04,backfill
2025-10-23,CG,2297.32,4.54,backfill
2025-10-24,CG,2318.37,21.05,backfill
2025-10-27,CG,2321.87,3.5,backfill
2025-10-28,CG,2308.88,-12.99,backfill
2025-10-29,CG,2301.76,-7.12,backfill
2025-10-30,CG,2304.64,2.88,backfill
2025-10-31,CG,2315.67,11.03,backfill
2025-11-03,CG,2341.25,25.58,backfill
2025-11-04,CG,2351.85,10.6,backfill
2025-11-06,CG,2367.13,15.28,backfill
2025-11-07,CG,2396.46,29.33,backfill
2025-11-10,CG,2414.05,17.59,backfill
2025-11-11,CG,2452.11,38.06,backfill
2025-11-12,CG,2478.84,26.73,backfill
2025-11-13,CG,2457.67,-21.17,backfill
2025-11-14,CG,2454.16,-3.51,backfill
2025-11-17,CG,2452.71,-1.45,backfill
2025-11-18,CG,2441.88,-10.83,backfill
2025-11-19,CG,2454.82,12.94,backfill
2025-11-20,CG,2464.88,10.06,backfill
2025-11-21,CG,2462.62,-2.26,backfill
2025-11-24,CG,2427.56,-35.06,backfill
2025-11-25,CG,2436.04,8.48,backfill
2025-11-26,CG,2439.28,3.24,backfill
2025-11-27,CG,2422.18,-17.1,backfill
2025-11-28,CG,2420.87,-1.31,backfill
2025-12-01,CG,2378.81,-42.06,backfill
2025-12-02,CG,2398.4,19.59,backfill
2025-12-03,CG,2362.25,-36.15,backfill
2025-12-05,CG,2336.75,-25.5,backfill
2025-12-08,CG,2350.94,14.19,backfill
2025-12-09,CG,2414.65,63.71,backfill
2025-12-10,CG,2457.64,42.99,backfill
2025-12-11,CG,2475.03,17.39,backfill
2025-12-12,CG,2484.99,9.96,backfill
2025-12-15,CG,2448.25,-36.74,backfill
2025-12-16,CG,2451.47,3.22,backfill
2025-12-17,CG,2451.66,0.19,backfill
2025-12-18,CG,2446.2,-5.46,backfill
2025-12-19,CG,2395.66,-50.54,backfill
2025-12-22,CG,2347.74,-47.92,backfill
2025-12-23,CG,2371.52,23.78,backfill
2025-12-24,CG,2374.4,2.88,backfill
2025-12-26,CG,2386.39,11.99,backfill
2025-12-29,CG,2411.74,25.35,backfill
2025-12-30,CG,2455.38,43.64,backfill
2025-12-31,CG,2470.89,15.51,backfill
2026-01-02,CG,2500.25,29.36,backfill
2026-01-05,CG,2517.01,16.76,backfill
2026-01-06,CG,2536.67,19.66,backfill
2026-01-08,CG,2548.16,11.49,backfill
2026-01-09,CG,2573.99,25.83,backfill
2026-01-12,CG,2558.71,-15.28,backfill
2026-01-13,CG,2526.78,-31.93,backfill
2026-01-14,CG,2541.7,14.92,backfill
2026-01-16,CG,2520.41,-21.29,backfill
2026-01-19,CG,2509.98,-10.43,backfill
2026-01-20,CG,2511.08,1.1,backfill
2026-01-21,CG,2570.46,59.38,backfill
2026-01-22,CG,2552.59,-17.87,backfill
2026-01-23,CG,2577.88,25.29,backfill
2026-01-26,CG,2580.85,2.97,backfill
2026-01-27,CG,2607.04,26.19,backfill
2026-01-28,CG,2622.42,15.38,backfill
2026-01-29,CG,2606.24,-16.18,backfill
2026-01-30,CG,2598.8,-7.44,backfill
2026-02-02,CG,2579.26,-19.54,backfill
2026-02-03,CG,2587.7,8.44,backfill
2026-02-05,CG,2592.56,4.86,backfill
2026-02-06,CG,2597.27,4.71,backfill
2026-02-09,CG,2568.42,-28.85,backfill
2026-02-10,CG,2568.37,-0.05,backfill
2026-02-11,CG,2560.76,-7.61,backfill
2026-02-12,CG,2551.25,-9.51,backfill
2026-02-13,CG,2547.91,-3.34,backfill
2026-02-16,CG,2569.95,22.04,backfill
2026-02-17,CG,2574.6,4.65,backfill
2026-02-18,CG,2579.48,4.88,backfill
2026-02-19,CG,2580.49,1.01,backfill
2026-02-20,CG,2576.63,-3.86,backfill
2026-02-23,CG,2573.68,-2.95,backfill
2026-02-24,CG,2543.1,-30.58,backfill
2026-02-25,CG,2569.18,26.08,backfill
2026-02-26,CG,2596.45,27.27,backfill
2026-02-27,CG,2578.73,-17.72,backfill
2026-03-03,CG,2420.24,-158.49,backfill
2026-03-04,CG,2433.84,13.6,backfill
2026-03-05,CG,2469.66,35.82,backfill
2026-03-06,CG,2429.75,-39.91,backfill
2026-03-09,CG,2336.38,-93.37,backfill
2026-03-10,CG,2400.29,63.91,backfill
2026-03-11,CG,2388.64,-11.65,backfill
2026-03-12,CG,2341.3,-47.34,backfill
2026-03-13,CG,2307.75,-33.55,backfill
2026-03-16,CG,2215.49,-92.26,backfill
2026-03-17,CG,2136.24,-79.25,backfill
2026-03-18,CG,2177.42,41.18,backfill
2026-03-19,CG,2076.28,-101.14,backfill
2026-03-20,CG,2133.33,57.05,backfill
2026-03-23,CG,2105.17,-28.16,backfill
2026-03-24,CG,2196.85,91.68,backfill
2026-03-25,CG,2277.58,80.73,backfill
2026-03-26,CG,2235.42,-42.16,backfill
2026-03-27,CG,2195.13,-40.29,backfill
2026-03-30,CG,2148.31,-46.82,backfill
2026-03-31,CG,2156.95,8.64,backfill
2026-04-02,CG,2185.65,28.7,backfill
2026-04-06,CG,2204.16,18.51,backfill
2026-04-07,CG,2186.86,-17.3,backfill
2026-04-08,CG,2317.68,130.82,backfill
2026-04-09,CG,2308.14,-9.54,backfill
2026-04-10,CG,2336.62,28.48,backfill
2026-04-15,CG,2351.21,14.59,backfill
2026-04-16,CG,2390,38.79,backfill
2026-04-17,CG,2411.98,21.98,backfill
2026-04-20,CG,2389.73,-22.25,backfill
2026-04-21,CG,2387.76,-1.97,backfill
2026-04-22,CG,2381.25,-6.51,backfill
2026-04-23,CG,2371.23,-10.02,backfill
2026-04-24,CG,2379.47,8.24,backfill
2026-04-27,CG,2386.96,7.49,backfill
2026-04-28,CG,2396.23,9.27,backfill
2026-04-29,CG,2399.61,3.38,backfill
2026-04-30,CG,2386.52,-13.09,backfill
2026-05-04,CG,2395.27,8.75,backfill
2026-05-05,CG,2385.6,-9.67,backfill
2026-05-06,CG,2405.33,19.73,backfill
2026-05-07,CG,2431.96,26.63,backfill
2026-05-08,CG,2434.49,2.53,backfill
2026-05-11,CG,2427.16,-7.33,backfill
2026-05-12,CG,2436.95,9.79,backfill
2026-05-13,CG,2427.97,-8.98,backfill
2026-05-14,CG,2439.8,11.83,backfill
2026-05-15,CG,2432.75,-7.05,backfill
2026-05-18,CG,2363.23,-69.52,backfill
2026-05-19,CG,2368.02,4.79,backfill
2026-05-20,CG,2320.92,-47.1,backfill
2026-05-21,CG,2330.9,9.98,backfill
2026-05-22,CG,2346.91,16.01,backfill
2026-05-25,CG,2384.43,37.52,backfill
2026-05-26,CG,2367.76,-16.67,backfill
2026-05-27,CG,2355.08,-12.68,backfill
2026-05-29,CG,2365.09,10.01,backfill
2026-06-01,CG,2348.48,-16.61,backfill
2026-06-02,CG,2348.8,0.32,backfill
2026-06-03,CG,2335.55,-13.25,backfill
2026-06-04,CG,2308.33,-27.22,backfill
2026-06-05,CG,2311.47,3.14,backfill
2026-06-08,CG,2283.86,-27.61,backfill
2026-06-09,CG,2287.55,3.69,backfill
2026-06-10,CG,2281.58,-5.97,backfill
2026-06-11,CG,2263.13,-18.45,backfill
2026-06-12,CG,2301.6,38.47,backfill
2026-06-15,CG,2378.86,77.26,backfill
2026-06-16,CG,2378.45,-0.41,backfill
2026-06-17,CG,2376.44,-2.01,backfill
2026-06-18,CG,2389.32,12.88,backfill
2026-06-19,CG,2379.23,-10.09,backfill
2026-06-22,CG,2362.53,-16.7,backfill
2026-06-23,CG,2362.96,0.43,backfill
2026-06-24,CG,2358.21,-4.75,backfill
2026-06-25,CG,2398.33,40.12,backfill
2026-06-26,CG,2387.17,-11.16,backfill
2026-06-30,CG,2370.34,-16.83,backfill
2026-07-01,CG,2367.56,-2.78,backfill
2026-07-02,CG,2371.09,3.53,backfill
2026-07-03,CG,2358.82,-12.27,backfill
2026-07-06,CG,2352.46,-6.36,backfill
2026-07-07,CG,2339.92,-12.54,backfill
2026-07-08,CG,2325.66,-14.26,backfill
2026-07-09,CG,2304.68,-20.98,backfill
2026-07-10,CG,2324.3,19.62,backfill
2026-07-13,CG,2309.63,-14.67,backfill
2026-07-14,CG,2293.36,-16.27,backfill
2026-07-15,CG,2304.73,11.37,backfill
2026-07-16,CG,2302.46,-2.27,backfill
2026-07-17,CG,2300.84,-1.62,backfill
2026-07-20,CG,2272.41,-28.43,backfill
2026-07-21,CG,2271.83,-0.58,backfill
2026-07-22,CG,2263.76,-8.07,backfill
2026-07-23,CG,2264.43,0.67,backfill
2026-07-24,CG,2260.12,-4.31,backfill
2026-07-27,CG,2270.38,10.26,backfill
2026-07-28,CG,2283.24,12.86,backfill
2026-07-30,CG,2264.42,-18.82,backfill
2026-07-31,CG,2278.75,14.33,backfill
2026-08-03,CG,2270.61,-8.14,backfill
2026-08-04,CG,2265.34,-5.27,backfill
2026-08-05,CG,2284.26,18.92,backfill
2026-08-06,CG,2286.47,2.21,backfill
2026-08-07,CG,2303,16.53,backfill
2026-08-10,CG,2295.36,-7.64,backfill
2026-08-11,CG,2294.28,-1.08,backfill
2026-08-12,CG,2297.1,2.82,backfill
2026-08-13,CG,2296.28,-0.82,backfill
2026-08-14,CG,2306.51,10.23,backfill
2026-08-17,CG,2303.09,-3.42,backfill
2026-08-18,CG,2290.86,-12.23,backfill
2026-08-19,CG,2286.67,-4.19,backfill
2026-08-20,CG,2281.12,-5.55,backfill
2026-08-21,CG,2280.68,-0.44,backfill
2026-08-24,CG,2280.47,-0.21,backfill
2026-08-25,CG,2278.29,-2.18,backfill
2026-08-28,CG,2287.42,9.13,backfill
2026-08-31,CG,2287.23,-0.19,backfill
2026-09-01,CG,2262.15,-25.08,backfill
2026-09-02,CG,2265.92,3.77,backfill
2026-09-03,CG,2277.83,11.91,backfill
2026-09-04,CG,2309.51,31.68,backfill
2026-09-07,CG,2299.89,-9.62,backfill
2026-09-08,CG,2301.79,1.9,backfill
2026-09-09,CG,2288.69,-13.1,backfill
2026-09-10,CG,2272.35,-16.34,backfill
2026-09-11,CG,2273.88,1.53,backfill
2026-09-14,CG,2261.25,-12.63,backfill
2026-09-15,CG,2259.84,-1.41,backfill
2026-09-16,CG,2239.33,-20.51,backfill
2026-09-17,CG,2233.66,-5.67,backfill
2026-09-18,CG,2230.97,-2.69,backfill
2026-09-21,CG,2218.2,-12.77,backfill
2026-09-22,CG,2240.77,22.57,backfill
2026-09-23,CG,2237.85,-2.92,backfill
2026-09-24,CG,2233.92,-3.93,backfill
2026-09-25,CG,2230.26,-3.66,backfill
2026-09-28,CG,2215.5,-14.76,backfill
2026-09-29,CG,2214.29,-1.21,backfill
2026-09-30,CG,2207.99,-6.3,backfill
2026-10-01,CG,2206.49,-1.5,backfill
2025-10-07,CPS,1691.57,,backfill
2025-10-08,CPS,1717.91,26.34,backfill
2025-10-09,CPS,1693.98,-23.93,backfill
2025-10-10,CPS,1672.11,-21.87,backfill
2025-10-13,CPS,1664.57,-7.54,backfill
2025-10-14,CPS,1657.98,-6.59,backfill
2025-10-15,CPS,1649.72,-8.26,backfill
2025-10-16,CPS,1639.52,-10.2,backfill
2025-10-17,CPS,1717.13,77.61,backfill
2025-10-21,CPS,1729.1,11.97,backfill
2025-10-22,CPS,1793.49,64.39,backfill
2025-10-23,CPS,1812.5,19.01,backfill
2025-10-24,CPS,1776.96,-35.54,backfill
2025-10-27,CPS,1812.36,35.4,backfill
2025-10-28,CPS,1769.68,-42.68,backfill
2025-10-29,CPS,1855.79,86.11,backfill
2025-10-30,CPS,1835.97,-19.82,backfill
2025-10-31,CPS,1822.53,-13.44,backfill
2025-11-03,CPS,1822.35,-0.18,backfill
2025-11-04,CPS,1854.17,31.82,backfill
2025-11-06,CPS,1830.98,-23.19,backfill
2025-11-07,CPS,1872.06,41.08,backfill
2025-11-10,CPS,1846.53,-25.53,backfill
2025-11-11,CPS,1836.66,-9.87,backfill
2025-11-12,CPS,1826.79,-9.87,backfill
2025-11-13,CPS,1765.72,-61.07,backfill
2025-11-14,CPS,1763.06,-2.66,backfill
2025-11-17,CPS,1757.97,-5.09,backfill
2025-11-18,CPS,1747.94,-10.03,backfill
2025-11-19,CPS,1784.32,36.38,backfill
2025-11-20,CPS,1752.07,-32.25,backfill
2025-11-21,CPS,1786.82,34.75,backfill
2025-11-24,CPS,1758.15,-28.67,backfill
2025-11-25,CPS,1800.18,42.03,backfill
2025-11-26,CPS,1786.03,-14.15,backfill
2025-11-27,CPS,1809.05,23.02,backfill
2025-11-28,CPS,1743.87,-65.18,backfill
2025-12-01,CPS,1757.05,13.18,backfill
2025-12-02,CPS,1749.51,-7.54,backfill
2025-12-03,CPS,1753.55,4.04,backfill
2025-12-05,CPS,1704.97,-48.58,backfill
2025-12-08,CPS,1638.49,-66.48,backfill
2025-12-09,CPS,1703.42,64.93,backfill
2025-12-10,CPS,1734.7,31.28,backfill
2025-12-11,CPS,1697.97,-36.73,backfill
2025-12-12,CPS,1716.21,18.24,backfill
2025-12-15,CPS,1716.6,0.39,backfill
2025-12-16,CPS,1725.32,8.72,backfill
2025-12-17,CPS,1718.04,-7.28,backfill
2025-12-18,CPS,1693.53,-24.51,backfill
2025-12-19,CPS,1671.13,-22.4,backfill
2025-12-22,CPS,1682.69,11.56,backfill
2025-12-23,CPS,1673.14,-9.55,backfill
2025-12-24,CPS,1709.09,35.95,backfill
2025-12-26,CPS,1662.72,-46.37,backfill
2025-12-29,CPS,1696.72,34,backfill
2025-12-30,CPS,1668.27,-28.45,backfill
2025-12-31,CPS,1674.49,6.22,backfill
2026-01-02,CPS,1724.58,50.09,backfill
2026-01-05,CPS,1774.72,50.14,backfill
2026-01-06,CPS,1796.68,21.96,backfill
2026-01-08,CPS,1709.96,-86.72,backfill
2026-01-09,CPS,1748.06,38.1,backfill
2026-01-12,CPS,1755.29,7.23,backfill
2026-01-13,CPS,1770.59,15.3,backfill
2026-01-14,CPS,1835.35,64.76,backfill
2026-01-16,CPS,1865.49,30.14,backfill
2026-01-19,CPS,1814.1,-51.39,backfill
2026-01-20,CPS,1868.85,54.75,backfill
2026-01-21,CPS,1863.79,-5.06,backfill
2026-01-22,CPS,1864.68,0.89,backfill
2026-01-23,CPS,1902.69,38.01,backfill
2026-01-26,CPS,1935.23,32.54,backfill
2026-01-27,CPS,2061.55,126.32,backfill
2026-01-28,CPS,2061.92,0.37,backfill
2026-01-29,CPS,2033.42,-28.5,backfill
2026-01-30,CPS,2030.36,-3.06,backfill
2026-02-02,CPS,2073.67,43.31,backfill
2026-02-03,CPS,2243.49,169.82,backfill
2026-02-05,CPS,2450.94,207.45,backfill
2026-02-06,CPS,2567.22,116.28,backfill
2026-02-09,CPS,2596.94,29.72,backfill
2026-02-10,CPS,2612.63,15.69,backfill
2026-02-11,CPS,2742.45,129.82,backfill
2026-02-12,CPS,2965.02,222.57,backfill
2026-02-13,CPS,3046.36,81.34,backfill
2026-02-16,CPS,3156.14,109.78,backfill
2026-02-17,CPS,3063.42,-92.72,backfill
2026-02-18,CPS,2920.93,-142.49,backfill
2026-02-19,CPS,2725.12,-195.81,backfill
2026-02-20,CPS,2727.44,2.32,backfill
2026-02-23,CPS,2853.17,125.73,backfill
2026-02-24,CPS,2777.08,-76.09,backfill
2026-02-25,CPS,2743.91,-33.17,backfill
2026-02-26,CPS,2717.37,-26.54,backfill
2026-02-27,CPS,2699.27,-18.1,backfill
2026-03-03,CPS,2343.38,-355.89,backfill
2026-03-04,CPS,2552.8,209.42,backfill
2026-03-05,CPS,2653.01,100.21,backfill
2026-03-06,CPS,2582.28,-70.73,backfill
2026-03-09,CPS,2493.01,-89.27,backfill
2026-03-10,CPS,2601.34,108.33,backfill
2026-03-11,CPS,2596.52,-4.82,backfill
2026-03-12,CPS,2481.96,-114.56,backfill
2026-03-13,CPS,2435.85,-46.11,backfill
2026-03-16,CPS,2315.59,-120.26,backfill
2026-03-17,CPS,2184.97,-130.62,backfill
2026-03-18,CPS,2273.92,88.95,backfill
2026-03-19,CPS,2174.5,-99.42,backfill
2026-03-20,CPS,2266.73,92.23,backfill
2026-03-23,CPS,2153.55,-113.18,backfill
2026-03-24,CPS,2240.16,86.61,backfill
2026-03-25,CPS,2470.26,230.1,backfill
2026-03-26,CPS,2386.19,-84.07,backfill
2026-03-27,CPS,2399.91,13.72,backfill
2026-03-30,CPS,2333.87,-66.04,backfill
2026-03-31,CPS,2426.32,92.45,backfill
2026-04-02,CPS,2398.41,-27.91,backfill
2026-04-06,CPS,2450.84,52.43,backfill
2026-04-07,CPS,2376.26,-74.58,backfill
2026-04-08,CPS,2502.81,126.55,backfill
2026-04-09,CPS,2458.11,-44.7,backfill
2026-04-10,CPS,2466.21,8.1,backfill
2026-04-15,CPS,2500.2,33.99,backfill
2026-04-16,CPS,2536.35,36.15,backfill
2026-04-17,CPS,2601.92,65.57,backfill
2026-04-20,CPS,2620.1,18.18,backfill
2026-04-21,CPS,2582.22,-37.88,backfill
2026-04-22,CPS,2643.5,61.28,backfill
2026-04-23,CPS,2651.41,7.91,backfill
2026-04-24,CPS,2678.84,27.43,backfill
2026-04-27,CPS,2586.49,-92.35,backfill
2026-04-28,CPS,2564.91,-21.58,backfill
2026-04-29,CPS,2561.63,-3.28,backfill
2026-04-30,CPS,2571.04,9.41,backfill
2026-05-04,CPS,2550.15,-20.89,backfill
2026-05-05,CPS,2542.37,-7.78,backfill
2026-05-06,CPS,2547.8,5.43,backfill
2026-05-07,CPS,2611.58,63.78,backfill
2026-05-08,CPS,2599.55,-12.03,backfill
2026-05-11,CPS,2608.74,9.19,backfill
2026-05-12,CPS,2646.31,37.57,backfill
2026-05-13,CPS,2697.71,51.4,backfill
2026-05-14,CPS,2749.47,51.76,backfill
2026-05-15,CPS,2750.05,0.58,backfill
2026-05-18,CPS,2566.99,-183.06,backfill
2026-05-19,CPS,2608.73,41.74,backfill
2026-05-20,CPS,2604.19,-4.54,backfill
2026-05-21,CPS,2615.19,11,backfill
2026-05-22,CPS,2506.07,-109.12,backfill
2026-05-25,CPS,2664.79,158.72,backfill
2026-05-26,CPS,2626.05,-38.74,backfill
2026-05-27,CPS,2653.44,27.39,backfill
2026-05-29,CPS,2615.39,-38.05,backfill
2026-06-01,CPS,2597.82,-17.57,backfill
2026-06-02,CPS,2639.63,41.81,backfill
2026-06-03,CPS,2607.29,-32.34,backfill
2026-06-04,CPS,2533.23,-74.06,backfill
2026-06-05,CPS,2526.69,-6.54,backfill
2026-06-08,CPS,2442.23,-84.46,backfill
2026-06-09,CPS,2423.19,-19.04,backfill
2026-06-10,CPS,2388.15,-35.04,backfill
2026-06-11,CPS,2424.22,36.07,backfill
2026-06-12,CPS,2400.57,-23.65,backfill
2026-06-15,CPS,2502.25,101.68,backfill
2026-06-16,CPS,2547.36,45.11,backfill
2026-06-17,CPS,2525.45,-21.91,backfill
2026-06-18,CPS,2479.31,-46.14,backfill
2026-06-19,CPS,2466.6,-12.71,backfill
2026-06-22,CPS,2484.69,18.09,backfill
2026-06-23,CPS,2450.75,-33.94,backfill
2026-06-24,CPS,2438.72,-12.03,backfill
2026-06-25,CPS,2485.78,47.06,backfill
2026-06-26,CPS,2513.99,28.21,backfill
2026-06-30,CPS,2437.74,-76.25,backfill
2026-07-01,CPS,2435.83,-1.91,backfill
2026-07-02,CPS,2453.29,17.46,backfill
2026-07-03,CPS,2465.95,12.66,backfill
2026-07-06,CPS,2433.22,-32.73,backfill
2026-07-07,CPS,2468.29,35.07,backfill
2026-07-08,CPS,2406.64,-61.65,backfill
2026-07-09,CPS,2374.25,-32.39,backfill
2026-07-10,CPS,2406.07,31.82,backfill
2026-07-13,CPS,2390.46,-15.61,backfill
2026-07-14,CPS,2367.1,-23.36,backfill
2026-07-15,CPS,2351.23,-15.87,backfill
2026-07-16,CPS,2344.49,-6.74,backfill
2026-07-17,CPS,2349.33,4.84,backfill
2026-07-20,CPS,2284.01,-65.32,backfill
2026-07-21,CPS,2267.74,-16.27,backfill
2026-07-22,CPS,2209.38,-58.36,backfill
2026-07-23,CPS,2256.85,47.47,backfill
2026-07-24,CPS,2263.17,6.32,backfill
2026-07-27,CPS,2288.53,25.36,backfill
2026-07-28,CPS,2254.71,-33.82,backfill
2026-07-30,CPS,2226.01,-28.7,backfill
2026-07-31,CPS,2248.89,22.88,backfill
2026-08-03,CPS,2231.2,-17.69,backfill
2026-08-04,CPS,2189.87,-41.33,backfill
2026-08-05,CPS,2257.79,67.92,backfill
2026-08-06,CPS,2298.74,40.95,backfill
2026-08-07,CPS,2322.31,23.57,backfill
2026-08-10,CPS,2362.57,40.26,backfill
2026-08-11,CPS,2323.66,-38.91,backfill
2026-08-12,CPS,2333.73,10.07,backfill
2026-08-13,CPS,2302.08,-31.65,backfill
2026-08-14,CPS,2334.09,32.01,backfill
2026-08-17,CPS,2327.91,-6.18,backfill
2026-08-18,CPS,2325.3,-2.61,backfill
2026-08-19,CPS,2289.53,-35.77,backfill
2026-08-20,CPS,2295.2,5.67,backfill
2026-08-21,CPS,2320.21,25.01,backfill
2026-08-24,CPS,2275.51,-44.7,backfill
2026-08-25,CPS,2270.5,-5.01,backfill
2026-08-28,CPS,2252.45,-18.05,backfill
2026-08-31,CPS,2283.91,31.46,backfill
2026-09-01,CPS,2259.98,-23.93,backfill
2026-09-02,CPS,2306.4,46.42,backfill
2026-09-03,CPS,2322.83,16.43,backfill
2026-09-04,CPS,2326.17,3.34,backfill
2026-09-07,CPS,2334.11,7.94,backfill
2026-09-08,CPS,2315.33,-18.78,backfill
2026-09-09,CPS,2317.92,2.59,backfill
2026-09-10,CPS,2279.64,-38.28,backfill
2026-09-11,CPS,2314.79,35.15,backfill
2026-09-14,CPS,2273.32,-41.47,backfill
2026-09-15,CPS,2260.25,-13.07,backfill
2026-09-16,CPS,2235.53,-24.72,backfill
2026-09-17,CPS,2209.76,-25.77,backfill
2026-09-18,CPS,2198.18,-11.58,backfill
2026-09-21,CPS,2180.73,-17.45,backfill
2026-09-22,CPS,2153.21,-27.52,backfill
2026-09-23,CPS,2115.88,-37.33,backfill
2026-09-24,CPS,2115.17,-0.71,backfill
2026-09-25,CPS,2095.48,-19.69,backfill
2026-09-28,CPS,2095.89,0.41,backfill
2026-09-29,CPS,2098.44,2.55,backfill
2026-09-30,CPS,2075.56,-22.88,backfill
2026-10-01,CPS,2068.27,-7.29,backfill
2025-10-07,TRP,83892.49,,backfill
2025-10-08,TRP,83732.77,-159.72,backfill
2025-10-09,TRP,84481.26,748.49,backfill
2025-10-10,TRP,88451.34,3970.08,backfill
2025-10-13,TRP,87277.96,-1173.38,backfill
2025-10-14,TRP,86819.68,-458.28,backfill
2025-10-15,TRP,86701.71,-117.97,backfill
2025-10-16,TRP,87715.37,1013.66,backfill
2025-10-17,TRP,87711.2,-4.17,backfill
2025-10-21,TRP,86983.57,-727.63,backfill
2025-10-22,TRP,87416.81,433.24,backfill
2025-10-23,TRP,87248.74,-168.07,backfill
2025-10-24,TRP,87114.07,-134.67,backfill
2025-10-27,TRP,85923.98,-1190.09,backfill
2025-10-28,TRP,85940.68,16.7,backfill
2025-10-29,TRP,87551.48,1610.8,backfill
2025-10-30,TRP,88720.68,1169.2,backfill
2025-10-31,TRP,89906.59,1185.91,backfill
2025-11-03,TRP,90478.67,572.08,backfill
2025-11-04,TRP,92980.98,2502.31,backfill
2025-11-06,TRP,95188.89,2207.91,backfill
2025-11-07,TRP,95920.69,731.8,backfill
2025-11-10,TRP,94158.53,-1762.16,backfill
2025-11-11,TRP,93569.75,-588.78,backfill
2025-11-12,TRP,92127.03,-1442.72,backfill
2025-11-13,TRP,93127.1,1000.07,backfill
2025-11-14,TRP,92765.91,-361.19,backfill
2025-11-17,TRP,92614.54,-151.37,backfill
2025-11-18,TRP,92433.95,-180.59,backfill
2025-11-19,TRP,91256.39,-1177.56,backfill
2025-11-20,TRP,91857.69,601.3,backfill
2025-11-21,TRP,90684.31,-1173.38,backfill
2025-11-24,TRP,88720.68,-1963.63,backfill
2025-11-25,TRP,87702.85,-1017.83,backfill
2025-11-26,TRP,90348.17,2645.32,backfill
2025-11-27,TRP,89174.79,-1173.38,backfill
2025-11-28,TRP,90045.43,870.64,backfill
2025-12-01,TRP,86765.4,-3280.03,backfill
2025-12-02,TRP,85326.86,-1438.54,backfill
2025-12-03,TRP,83573.05,-1753.81,backfill
2025-12-05,TRP,83850.73,277.68,backfill
2025-12-08,TRP,84885.27,1034.54,backfill
2025-12-09,TRP,85911.46,1026.19,backfill
2025-12-10,TRP,87702.85,1791.39,backfill
2025-12-11,TRP,88304.15,601.3,backfill
2025-12-12,TRP,87416.81,-887.34,backfill
2025-12-15,TRP,85957.39,-1459.42,backfill
2025-12-16,TRP,85953.21,-4.18,backfill
2025-12-17,TRP,85953.21,0,backfill
2025-12-18,TRP,88291.62,2338.41,backfill
2025-12-19,TRP,87711.2,-580.42,backfill
2025-12-22,TRP,88279.1,567.9,backfill
2025-12-23,TRP,86807.15,-1471.95,backfill
2025-12-24,TRP,87395.93,588.78,backfill
2025-12-26,TRP,87681.97,286.04,backfill
2025-12-29,TRP,86491.89,-1190.08,backfill
2025-12-30,TRP,88262.4,1770.51,backfill
2025-12-31,TRP,88855.35,592.95,backfill
2026-01-02,TRP,91525.73,2670.38,backfill
2026-01-05,TRP,90495.37,-1030.36,backfill
2026-01-06,TRP,92118.68,1623.31,backfill
2026-01-08,TRP,93317.12,1198.44,backfill
2026-01-09,TRP,94801.59,1484.47,backfill
2026-01-12,TRP,94998.88,197.29,backfill
2026-01-13,TRP,99520.16,4521.28,backfill
2026-01-14,TRP,100390.81,870.65,backfill
2026-01-16,TRP,100088.07,-302.74,backfill
2026-01-19,TRP,98334.26,-1753.81,backfill
2026-01-20,TRP,98052.39,-281.87,backfill
2026-01-21,TRP,99599.49,1547.1,backfill
2026-01-22,TRP,99713.29,113.8,backfill
2026-01-23,TRP,99570.27,-143.02,backfill
2026-01-26,TRP,97652.56,-1917.71,backfill
2026-01-27,TRP,97816.46,163.9,backfill
2026-01-28,TRP,97899.96,83.5,backfill
2026-01-29,TRP,97883.26,-16.7,backfill
2026-01-30,TRP,97837.33,-45.93,backfill
2026-02-02,TRP,97269.43,-567.9,backfill
2026-02-03,TRP,96709.88,-559.55,backfill
2026-02-05,TRP,95203.46,-1506.42,backfill
2026-02-06,TRP,97373.81,2170.35,backfill
2026-02-09,TRP,96401.89,-971.92,backfill
2026-02-10,TRP,95918.56,-483.33,backfill
2026-02-11,TRP,95018.69,-899.87,backfill
2026-02-12,TRP,94884.02,-134.67,backfill
2026-02-13,TRP,95189.87,305.85,backfill
2026-02-16,TRP,95290.07,100.2,backfill
2026-02-17,TRP,95130.35,-159.72,backfill
2026-02-18,TRP,94049.89,-1080.46,backfill
2026-02-19,TRP,94428.85,378.96,backfill
2026-02-20,TRP,93566.55,-862.3,backfill
2026-02-23,TRP,93394.31,-172.24,backfill
2026-02-24,TRP,93213.71,-180.6,backfill
2026-02-25,TRP,92440.17,-773.54,backfill
2026-02-26,TRP,93145.85,705.68,backfill
2026-02-27,TRP,93655.3,509.45,backfill
2026-03-03,TRP,85913.5,-7741.8,backfill
2026-03-04,TRP,86195.37,281.87,backfill
2026-03-05,TRP,87385.45,1190.08,backfill
2026-03-06,TRP,86157.79,-1227.66,backfill
2026-03-09,TRP,83167.97,-2989.82,backfill
2026-03-10,TRP,85324.72,2156.75,backfill
2026-03-11,TRP,86775.79,1451.07,backfill
2026-03-12,TRP,84837.21,-1938.58,backfill
2026-03-13,TRP,82591.72,-2245.49,backfill
2026-03-16,TRP,80741.88,-1849.84,backfill
2026-03-17,TRP,76570.33,-4171.55,backfill
2026-03-18,TRP,79829.49,3259.16,backfill
2026-03-19,TRP,79472.47,-357.02,backfill
2026-03-20,TRP,81233.57,1761.1,backfill
2026-03-23,TRP,78987.63,-2245.94,backfill
2026-03-24,TRP,84046.15,5058.52,backfill
2026-03-25,TRP,87168.73,3122.58,backfill
2026-03-26,TRP,84054.44,-3114.29,backfill
2026-03-27,TRP,83185.17,-869.27,backfill
2026-03-30,TRP,80934.61,-2250.56,backfill
2026-03-31,TRP,81547.29,612.68,backfill
2026-04-02,TRP,83032,1484.71,backfill
2026-04-06,TRP,82009.56,-1022.44,backfill
2026-04-07,TRP,81385.83,-623.73,backfill
2026-04-08,TRP,86572.64,5186.81,backfill
2026-04-09,TRP,86126.95,-445.69,backfill
2026-04-10,TRP,85834.43,-292.52,backfill
2026-04-15,TRP,86728.57,894.14,backfill
2026-04-16,TRP,90414.09,3685.52,backfill
2026-04-17,TRP,91524.97,1110.88,backfill
2026-04-20,TRP,90335.54,-1189.43,backfill
2026-04-21,TRP,91057.17,721.63,backfill
2026-04-22,TRP,91215.87,158.7,backfill
2026-04-23,TRP,91424.31,208.44,backfill
2026-04-24,TRP,90680.58,-743.73,backfill
2026-04-27,TRP,89340.75,-1339.83,backfill
2026-04-28,TRP,89170.99,-169.76,backfill
2026-04-29,TRP,90641.88,1470.89,backfill
2026-04-30,TRP,90483.19,-158.69,backfill
2026-05-04,TRP,90931.64,448.45,backfill
2026-05-05,TRP,92107.24,1175.6,backfill
2026-05-06,TRP,91811.96,-295.28,backfill
2026-05-07,TRP,95951.46,4139.5,backfill
2026-05-08,TRP,96558.61,607.15,backfill
2026-05-11,TRP,98037.79,1479.18,backfill
2026-05-12,TRP,99065.75,1027.96,backfill
2026-05-13,TRP,97441.69,-1624.06,backfill
2026-05-14,TRP,96842.84,-598.85,backfill
2026-05-15,TRP,96979.42,136.58,backfill
2026-05-18,TRP,95623.01,-1356.41,backfill
2026-05-19,TRP,96057.64,434.63,backfill
2026-05-20,TRP,92935.05,-3122.59,backfill
2026-05-21,TRP,93659.44,724.39,backfill
2026-05-22,TRP,93954.72,295.28,backfill
2026-05-25,TRP,95112.59,1157.87,backfill
2026-05-26,TRP,95098.77,-13.82,backfill
2026-05-27,TRP,96624.94,1526.17,backfill
2026-05-29,TRP,96351.77,-273.17,backfill
2026-06-01,TRP,98162.17,1810.4,backfill
2026-06-02,TRP,100089.8,1927.63,backfill
2026-06-03,TRP,99343.3,-746.5,backfill
2026-06-04,TRP,98140.05,-1203.25,backfill
2026-06-05,TRP,96622.18,-1517.87,backfill
2026-06-08,TRP,95514.06,-1108.12,backfill
2026-06-09,TRP,95104.3,-409.76,backfill
2026-06-10,TRP,95071.13,-33.17,backfill
2026-06-11,TRP,94419.76,-651.37,backfill
2026-06-12,TRP,95363.65,943.89,backfill
2026-06-15,TRP,99664.61,4300.96,backfill
2026-06-16,TRP,99795.67,131.06,backfill
2026-06-17,TRP,100987.86,1192.19,backfill
2026-06-18,TRP,102740.21,1752.35,backfill
2026-06-19,TRP,101843.31,-896.9,backfill
2026-06-22,TRP,102286.23,442.92,backfill
2026-06-23,TRP,101545.26,-740.97,backfill
2026-06-24,TRP,101394.85,-150.41,backfill
2026-06-25,TRP,103754.36,2359.51,backfill
2026-06-26,TRP,103149.97,-604.39,backfill
2026-06-30,TRP,103136.15,-13.82,backfill
2026-07-01,TRP,101823.96,-1312.19,backfill
2026-07-02,TRP,101821.2,-2.76,backfill
2026-07-03,TRP,102110.95,289.75,backfill
2026-07-06,TRP,101534.2,-576.75,backfill
2026-07-07,TRP,100913.23,-620.97,backfill
2026-07-08,TRP,101501.04,587.81,backfill
2026-07-09,TRP,99291.94,-2209.1,backfill
2026-07-10,TRP,99743.16,451.22,backfill
2026-07-13,TRP,97965.93,-1777.23,backfill
2026-07-14,TRP,97941.05,-24.88,backfill
2026-07-15,TRP,97358.78,-582.27,backfill
2026-07-16,TRP,98539.91,1181.13,backfill
2026-07-17,TRP,97787.88,-752.03,backfill
2026-07-20,TRP,96595.69,-1192.19,backfill
2026-07-21,TRP,96286.59,-309.1,backfill
2026-07-22,TRP,98495.69,2209.1,backfill
2026-07-23,TRP,98061.05,-434.64,backfill
2026-07-24,TRP,97894.06,-166.99,backfill
2026-07-27,TRP,97451.14,-442.92,backfill
2026-07-28,TRP,97902.36,451.22,backfill
2026-07-30,TRP,96562.53,-1339.83,backfill
2026-07-31,TRP,95988.54,-573.99,backfill
2026-08-03,TRP,96431.47,442.93,backfill
2026-08-04,TRP,95854.72,-576.75,backfill
2026-08-05,TRP,95564.96,-289.76,backfill
2026-08-06,TRP,95576.02,11.06,backfill
2026-08-07,TRP,95422.85,-153.17,backfill
2026-08-10,TRP,94857.16,-565.69,backfill
2026-08-11,TRP,94982.69,125.53,backfill
2026-08-12,TRP,95138.62,155.93,backfill
2026-08-13,TRP,95294.56,155.94,backfill
2026-08-14,TRP,95015.86,-278.7,backfill
2026-08-17,TRP,97080.08,2064.22,backfill
2026-08-18,TRP,96166.59,-913.49,backfill
2026-08-19,TRP,94840.58,-1326.01,backfill
2026-08-20,TRP,94556.35,-284.23,backfill
2026-08-21,TRP,94988.22,431.87,backfill
2026-08-24,TRP,94988.22,0,backfill
2026-08-25,TRP,94679.11,-309.11,backfill
2026-08-28,TRP,94375.54,-303.57,backfill
2026-08-31,TRP,94085.78,-289.76,backfill
2026-09-01,TRP,94979.93,894.15,backfill
2026-09-02,TRP,94668.06,-311.87,backfill
2026-09-03,TRP,94829.52,161.46,backfill
2026-09-04,TRP,95010.33,180.81,backfill
2026-09-07,TRP,95024.15,13.82,backfill
2026-09-08,TRP,95015.86,-8.29,backfill
2026-09-09,TRP,94397.65,-618.21,backfill
2026-09-10,TRP,93659.44,-738.21,backfill
2026-09-11,TRP,93497.98,-161.46,backfill
2026-09-14,TRP,92612.13,-885.85,backfill
2026-09-15,TRP,93497.98,885.85,backfill
2026-09-16,TRP,91740.1,-1757.88,backfill
2026-09-17,TRP,91442.05,-298.05,backfill
2026-09-18,TRP,91431,-11.05,backfill
2026-09-21,TRP,91425.48,-5.52,backfill
2026-09-22,TRP,92612.14,1186.66,backfill
2026-09-23,TRP,91436.52,-1175.62,backfill
2026-09-24,TRP,92601.1,1164.58,backfill
2026-09-25,TRP,93634.6,1033.5,backfill
2026-09-28,TRP,92612.14,-1022.46,backfill
2026-09-29,TRP,91417.2,-1194.94,backfill
2026-09-30,TRP,91871.17,453.97,backfill
2026-10-01,TRP,91283.36,-587.81,backfill
2025-10-07,A&C,1260.05,,backfill
2025-10-08,A&C,1260.05,0,backfill
2025-10-09,A&C,1254.69,-5.36,backfill
2025-10-10,A&C,1257.37,2.68,backfill
2025-10-13,A&C,1266.76,9.39,backfill
2025-10-14,A&C,1258.71,-8.05,backfill
2025-10-15,A&C,1249.33,-9.38,backfill
2025-10-16,A&C,1253.35,4.02,backfill
2025-10-17,A&C,1247.99,-5.36,backfill
2025-10-21,A&C,1247.99,0,backfill
2025-10-22,A&C,1239.95,-8.04,backfill
2025-10-23,A&C,1243.97,4.02,backfill
2025-10-24,A&C,1246.65,2.68,backfill
2025-10-27,A&C,1231.9,-14.75,backfill
2025-10-28,A&C,1233.24,1.34,backfill
2025-10-29,A&C,1233.24,0,backfill
2025-10-30,A&C,1246.65,13.41,backfill
2025-10-31,A&C,1233.24,-13.41,backfill
2025-11-03,A&C,1247.99,14.75,backfill
2025-11-04,A&C,1258.71,10.72,backfill
2025-11-06,A&C,1260.05,1.34,backfill
2025-11-07,A&C,1256.03,-4.02,backfill
2025-11-10,A&C,1254.69,-1.34,backfill
2025-11-11,A&C,1250.67,-4.02,backfill
2025-11-12,A&C,1238.61,-12.06,backfill
2025-11-13,A&C,1238.61,0,backfill
2025-11-14,A&C,1243.97,5.36,backfill
2025-11-17,A&C,1217.16,-26.81,backfill
2025-11-18,A&C,1226.54,9.38,backfill
2025-11-19,A&C,1225.2,-1.34,backfill
2025-11-20,A&C,1218.5,-6.7,backfill
2025-11-21,A&C,1225.2,6.7,backfill
2025-11-24,A&C,1219.84,-5.36,backfill
2025-11-25,A&C,1219.84,0,backfill
2025-11-26,A&C,1230.56,10.72,backfill
2025-11-27,A&C,1230.56,0,backfill
2025-11-28,A&C,1230.56,0,backfill
2025-12-01,A&C,1206.43,-24.13,backfill
2025-12-02,A&C,1213.14,6.71,backfill
2025-12-03,A&C,1206.43,-6.71,backfill
2025-12-05,A&C,1193.03,-13.4,backfill
2025-12-08,A&C,1206.43,13.4,backfill
2025-12-09,A&C,1203.75,-2.68,backfill
2025-12-10,A&C,1203.75,0,backfill
2025-12-11,A&C,1205.09,1.34,backfill
2025-12-12,A&C,1205.09,0,backfill
2025-12-15,A&C,1205.09,0,backfill
2025-12-16,A&C,1206.43,1.34,backfill
2025-12-17,A&C,1209.12,2.69,backfill
2025-12-18,A&C,1213.14,4.02,backfill
2025-12-19,A&C,1205.09,-8.05,backfill
2025-12-22,A&C,1203.75,-1.34,backfill
2025-12-23,A&C,1201.07,-2.68,backfill
2025-12-24,A&C,1195.71,-5.36,backfill
2025-12-26,A&C,1193.03,-2.68,backfill
2025-12-29,A&C,1201.07,8.04,backfill
2025-12-30,A&C,1205.09,4.02,backfill
2025-12-31,A&C,1205.09,0,backfill
2026-01-02,A&C,1206.43,1.34,backfill
2026-01-05,A&C,1206.43,0,backfill
2026-01-06,A&C,1206.43,0,backfill
2026-01-08,A&C,1193.03,-13.4,backfill
2026-01-09,A&C,1238.61,45.58,backfill
2026-01-12,A&C,1234.58,-4.03,backfill
2026-01-13,A&C,1237.27,2.69,backfill
2026-01-14,A&C,1226.54,-10.73,backfill
2026-01-16,A&C,1229.22,2.68,backfill
2026-01-19,A&C,1217.16,-12.06,backfill
2026-01-20,A&C,1219.84,2.68,backfill
2026-01-21,A&C,1219.84,0,backfill
2026-01-22,A&C,1205.09,-14.75,backfill
2026-01-23,A&C,1213.14,8.05,backfill
2026-01-26,A&C,1206.43,-6.71,backfill
2026-01-27,A&C,1218.5,12.07,backfill
2026-01-28,A&C,1206.43,-12.07,backfill
2026-01-29,A&C,1209.12,2.69,backfill
2026-01-30,A&C,1207.77,-1.35,backfill
2026-02-02,A&C,1207.77,0,backfill
2026-02-03,A&C,1201.07,-6.7,backfill
2026-02-05,A&C,1191.69,-9.38,backfill
2026-02-06,A&C,1203.75,12.06,backfill
2026-02-09,A&C,1206.43,2.68,backfill
2026-02-10,A&C,1206.43,0,backfill
2026-02-11,A&C,1195.71,-10.72,backfill
2026-02-12,A&C,1195.71,0,backfill
2026-02-13,A&C,1179.62,-16.09,backfill
2026-02-16,A&C,1199.73,20.11,backfill
2026-02-17,A&C,1199.73,0,backfill
2026-02-18,A&C,1197.05,-2.68,backfill
2026-02-19,A&C,1199.73,2.68,backfill
2026-02-20,A&C,1206.43,6.7,backfill
2026-02-23,A&C,1206.43,0,backfill
2026-02-24,A&C,1201.07,-5.36,backfill
2026-02-25,A&C,1206.43,5.36,backfill
2026-02-26,A&C,1203.75,-2.68,backfill
2026-02-27,A&C,1205.09,1.34,backfill
2026-03-03,A&C,1172.92,-32.17,backfill
2026-03-04,A&C,1176.94,4.02,backfill
2026-03-05,A&C,1175.6,-1.34,backfill
2026-03-06,A&C,1174.26,-1.34,backfill
2026-03-09,A&C,1168.9,-5.36,backfill
2026-03-10,A&C,1193.03,24.13,backfill
2026-03-11,A&C,1179.62,-13.41,backfill
2026-03-12,A&C,1180.97,1.35,backfill
2026-03-13,A&C,1155.5,-25.47,backfill
2026-03-16,A&C,1148.79,-6.71,backfill
2026-03-17,A&C,1112.6,-36.19,backfill
2026-03-18,A&C,1108.58,-4.02,backfill
2026-03-19,A&C,1124.66,16.08,backfill
2026-03-20,A&C,1111.26,-13.4,backfill
2026-03-23,A&C,1104.56,-6.7,backfill
2026-03-24,A&C,1112.6,8.04,backfill
2026-03-25,A&C,1156.84,44.24,backfill
2026-03-26,A&C,1099.2,-57.64,backfill
2026-03-27,A&C,1099.2,0,backfill
2026-03-30,A&C,1085.79,-13.41,backfill
2026-03-31,A&C,1119.3,33.51,backfill
2026-04-02,A&C,1112.6,-6.7,backfill
2026-04-06,A&C,1126.01,13.41,backfill
2026-04-07,A&C,1139.41,13.4,backfill
2026-04-08,A&C,1193.03,53.62,backfill
2026-04-09,A&C,1206.43,13.4,backfill
2026-04-10,A&C,1206.43,0,backfill
2026-04-15,A&C,1206.43,0,backfill
2026-04-16,A&C,1206.43,0,backfill
2026-04-17,A&C,1203.75,-2.68,backfill
2026-04-20,A&C,1206.43,2.68,backfill
2026-04-21,A&C,1206.43,0,backfill
2026-04-22,A&C,1205.09,-1.34,backfill
2026-04-23,A&C,1205.09,0,backfill
2026-04-24,A&C,1202.41,-2.68,backfill
2026-04-27,A&C,1218.5,16.09,backfill
2026-04-28,A&C,1205.09,-13.41,backfill
2026-04-29,A&C,1194.37,-10.72,backfill
2026-04-30,A&C,1198.39,4.02,backfill
2026-05-04,A&C,1201.07,2.68,backfill
2026-05-05,A&C,1219.84,18.77,backfill
2026-05-06,A&C,1219.84,0,backfill
2026-05-07,A&C,1218.5,-1.34,backfill
2026-05-08,A&C,1218.5,0,backfill
2026-05-11,A&C,1217.16,-1.34,backfill
2026-05-12,A&C,1218.5,1.34,backfill
2026-05-13,A&C,1194.37,-24.13,backfill
2026-05-14,A&C,1214.48,20.11,backfill
2026-05-15,A&C,1211.8,-2.68,backfill
2026-05-18,A&C,1199.73,-12.07,backfill
2026-05-19,A&C,1206.43,6.7,backfill
2026-05-20,A&C,1187.67,-18.76,backfill
2026-05-21,A&C,1193.03,5.36,backfill
2026-05-22,A&C,1191.69,-1.34,backfill
2026-05-25,A&C,1193.03,1.34,backfill
2026-05-26,A&C,1191.69,-1.34,backfill
2026-05-27,A&C,1190.35,-1.34,backfill
2026-05-29,A&C,1201.07,10.72,backfill
2026-06-01,A&C,1201.07,0,backfill
2026-06-02,A&C,1205.09,4.02,backfill
2026-06-03,A&C,1206.43,1.34,backfill
2026-06-04,A&C,1193.03,-13.4,backfill
2026-06-05,A&C,1182.31,-10.72,backfill
2026-06-08,A&C,1172.92,-9.39,backfill
2026-06-09,A&C,1190.35,17.43,backfill
2026-06-10,A&C,1184.99,-5.36,backfill
2026-06-11,A&C,1186.33,1.34,backfill
2026-06-12,A&C,1186.33,0,backfill
2026-06-15,A&C,1179.62,-6.71,backfill
2026-06-16,A&C,1178.28,-1.34,backfill
2026-06-17,A&C,1186.33,8.05,backfill
2026-06-18,A&C,1186.33,0,backfill
2026-06-19,A&C,1179.62,-6.71,backfill
2026-06-22,A&C,1193.03,13.41,backfill
2026-06-23,A&C,1191.69,-1.34,backfill
2026-06-24,A&C,1191.69,0,backfill
2026-06-25,A&C,1190.35,-1.34,backfill
2026-06-26,A&C,1206.43,16.08,backfill
2026-06-30,A&C,1193.03,-13.4,backfill
2026-07-01,A&C,1206.43,13.4,backfill
2026-07-02,A&C,1205.09,-1.34,backfill
2026-07-03,A&C,1201.07,-4.02,backfill
2026-07-06,A&C,1179.62,-21.45,backfill
2026-07-07,A&C,1199.73,20.11,backfill
2026-07-08,A&C,1186.33,-13.4,backfill
2026-07-09,A&C,1180.97,-5.36,backfill
2026-07-10,A&C,1179.62,-1.35,backfill
2026-07-13,A&C,1179.62,0,backfill
2026-07-14,A&C,1179.62,0,backfill
2026-07-15,A&C,1186.33,6.71,backfill
2026-07-16,A&C,1172.92,-13.41,backfill
2026-07-17,A&C,1166.22,-6.7,backfill
2026-07-20,A&C,1179.62,13.4,backfill
2026-07-21,A&C,1172.92,-6.7,backfill
2026-07-22,A&C,1166.22,-6.7,backfill
2026-07-23,A&C,1178.28,12.06,backfill
2026-07-24,A&C,1166.22,-12.06,backfill
2026-07-27,A&C,1166.22,0,backfill
2026-07-28,A&C,1171.58,5.36,backfill
2026-07-30,A&C,1178.28,6.7,backfill
2026-07-31,A&C,1175.6,-2.68,backfill
2026-08-03,A&C,1190.35,14.75,backfill
2026-08-04,A&C,1191.69,1.34,backfill
2026-08-05,A&C,1193.03,1.34,backfill
2026-08-06,A&C,1205.09,12.06,backfill
2026-08-07,A&C,1206.43,1.34,backfill
2026-08-10,A&C,1187.67,-18.76,backfill
2026-08-11,A&C,1195.71,8.04,backfill
2026-08-12,A&C,1206.43,10.72,backfill
2026-08-13,A&C,1211.8,5.37,backfill
2026-08-14,A&C,1219.84,8.04,backfill
2026-08-17,A&C,1250.67,30.83,backfill
2026-08-18,A&C,1250.67,0,backfill
2026-08-19,A&C,1233.24,-17.43,backfill
2026-08-20,A&C,1253.35,20.11,backfill
2026-08-21,A&C,1253.35,0,backfill
2026-08-24,A&C,1246.65,-6.7,backfill
2026-08-25,A&C,1245.31,-1.34,backfill
2026-08-28,A&C,1245.31,0,backfill
2026-08-31,A&C,1250.67,5.36,backfill
2026-09-01,A&C,1154.16,-96.51,backfill
2026-09-02,A&C,1142.09,-12.07,backfill
2026-09-03,A&C,1154.16,12.07,backfill
2026-09-04,A&C,1152.82,-1.34,backfill
2026-09-07,A&C,1151.47,-1.35,backfill
2026-09-08,A&C,1143.43,-8.04,backfill
2026-09-09,A&C,1132.71,-10.72,backfill
2026-09-10,A&C,1123.32,-9.39,backfill
2026-09-11,A&C,1132.71,9.39,backfill
2026-09-14,A&C,1126.01,-6.7,backfill
2026-09-15,A&C,1104.56,-21.45,backfill
2026-09-16,A&C,1112.6,8.04,backfill
2026-09-17,A&C,1105.9,-6.7,backfill
2026-09-18,A&C,1112.6,6.7,backfill
2026-09-21,A&C,1119.3,6.7,backfill
2026-09-22,A&C,1139.41,20.11,backfill
2026-09-23,A&C,1136.73,-2.68,backfill
2026-09-24,A&C,1132.71,-4.02,backfill
2026-09-25,A&C,1136.73,4.02,backfill
2026-09-28,A&C,1132.71,-4.02,backfill
2026-09-29,A&C,1126.01,-6.7,backfill
2026-09-30,A&C,1112.6,-13.41,backfill
2026-10-01,A&C,1115.28,2.68,backfill
2025-10-07,CDA,2200.94,,backfill
2025-10-08,CDA,2221.48,20.54,backfill
2025-10-09,CDA,2222.27,0.79,backfill
2025-10-10,CDA,2204.02,-18.25,backfill
2025-10-13,CDA,2282.9,78.88,backfill
2025-10-14,CDA,2288.98,6.08,backfill
2025-10-15,CDA,2278.9,-10.08,backfill
2025-10-16,CDA,2309.98,31.08,backfill
2025-10-17,CDA,2305.34,-4.64,backfill
2025-10-21,CDA,2290.96,-14.38,backfill
2025-10-22,CDA,2310.22,19.26,backfill
2025-10-23,CDA,2295.56,-14.66,backfill
2025-10-24,CDA,2312.8,17.24,backfill
2025-10-27,CDA,2331.74,18.94,backfill
2025-10-28,CDA,2306.81,-24.93,backfill
2025-10-29,CDA,2311.97,5.16,backfill
2025-10-30,CDA,2312.87,0.9,backfill
2025-10-31,CDA,2280.28,-32.59,backfill
2025-11-03,CDA,2289.29,9.01,backfill
2025-11-04,CDA,2316.56,27.27,backfill
2025-11-06,CDA,2311.42,-5.14,backfill
2025-11-07,CDA,2350.35,38.93,backfill
2025-11-10,CDA,2365.28,14.93,backfill
2025-11-11,CDA,2341.65,-23.63,backfill
2025-11-12,CDA,2342.79,1.14,backfill
2025-11-13,CDA,2351.58,8.79,backfill
2025-11-14,CDA,2335.45,-16.13,backfill
2025-11-17,CDA,2305.25,-30.2,backfill
2025-11-18,CDA,2291.75,-13.5,backfill
2025-11-19,CDA,2273.29,-18.46,backfill
2025-11-20,CDA,2279.7,6.41,backfill
2025-11-21,CDA,2243.22,-36.48,backfill
2025-11-24,CDA,2210.19,-33.03,backfill
2025-11-25,CDA,2201.37,-8.82,backfill
2025-11-26,CDA,2208.98,7.61,backfill
2025-11-27,CDA,2194.08,-14.9,backfill
2025-11-28,CDA,2200.56,6.48,backfill
2025-12-01,CDA,2162.36,-38.2,backfill
2025-12-02,CDA,2181,18.64,backfill
2025-12-03,CDA,2125.05,-55.95,backfill
2025-12-05,CDA,2108.68,-16.37,backfill
2025-12-08,CDA,2104.58,-4.1,backfill
2025-12-09,CDA,2116.97,12.39,backfill
2025-12-10,CDA,2148.02,31.05,backfill
2025-12-11,CDA,2133.21,-14.81,backfill
2025-12-12,CDA,2127.77,-5.44,backfill
2025-12-15,CDA,2115.73,-12.04,backfill
2025-12-16,CDA,2101.66,-14.07,backfill
2025-12-17,CDA,2108.04,6.38,backfill
2025-12-18,CDA,2123.22,15.18,backfill
2025-12-19,CDA,2093.59,-29.63,backfill
2025-12-22,CDA,2047.63,-45.96,backfill
2025-12-23,CDA,2065.62,17.99,backfill
2025-12-24,CDA,2082.93,17.31,backfill
2025-12-26,CDA,2085.03,2.1,backfill
2025-12-29,CDA,2079.21,-5.82,backfill
2025-12-30,CDA,2127.25,48.04,backfill
2025-12-31,CDA,2135.79,8.54,backfill
2026-01-02,CDA,2135.58,-0.21,backfill
2026-01-05,CDA,2149.23,13.65,backfill
2026-01-06,CDA,2162.61,13.38,backfill
2026-01-08,CDA,2196.85,34.24,backfill
2026-01-09,CDA,2246.04,49.19,backfill
2026-01-12,CDA,2200.23,-45.81,backfill
2026-01-13,CDA,2206.5,6.27,backfill
2026-01-14,CDA,2197.71,-8.79,backfill
2026-01-16,CDA,2190.01,-7.7,backfill
2026-01-19,CDA,2131.86,-58.15,backfill
2026-01-20,CDA,2138.03,6.17,backfill
2026-01-21,CDA,2110.6,-27.43,backfill
2026-01-22,CDA,2126.93,16.33,backfill
2026-01-23,CDA,2103.73,-23.2,backfill
2026-01-26,CDA,2118.39,14.66,backfill
2026-01-27,CDA,2134.82,16.43,backfill
2026-01-28,CDA,2126.65,-8.17,backfill
2026-01-29,CDA,2133.35,6.7,backfill
2026-01-30,CDA,2140.02,6.67,backfill
2026-02-02,CDA,2124.43,-15.59,backfill
2026-02-03,CDA,2188.71,64.28,backfill
2026-02-05,CDA,2225,36.29,backfill
2026-02-06,CDA,2243.98,18.98,backfill
2026-02-09,CDA,2231.1,-12.88,backfill
2026-02-10,CDA,2212.78,-18.32,backfill
2026-02-11,CDA,2205.4,-7.38,backfill
2026-02-12,CDA,2199.11,-6.29,backfill
2026-02-13,CDA,2199.38,0.27,backfill
2026-02-16,CDA,2183.68,-15.7,backfill
2026-02-17,CDA,2184.6,0.92,backfill
2026-02-18,CDA,2207.68,23.08,backfill
2026-02-19,CDA,2204.41,-3.27,backfill
2026-02-20,CDA,2201.78,-2.63,backfill
2026-02-23,CDA,2204.09,2.31,backfill
2026-02-24,CDA,2192.92,-11.17,backfill
2026-02-25,CDA,2200.88,7.96,backfill
2026-02-26,CDA,2171.35,-29.53,backfill
2026-02-27,CDA,2190.92,19.57,backfill
2026-03-03,CDA,2049.61,-141.31,backfill
2026-03-04,CDA,2065.25,15.64,backfill
2026-03-05,CDA,2102.49,37.24,backfill
2026-03-06,CDA,2094.58,-7.91,backfill
2026-03-09,CDA,2032.99,-61.59,backfill
2026-03-10,CDA,2042.69,9.7,backfill
2026-03-11,CDA,2045.5,2.81,backfill
2026-03-12,CDA,2013.12,-32.38,backfill
2026-03-13,CDA,2001.58,-11.54,backfill
2026-03-16,CDA,1907.87,-93.71,backfill
2026-03-17,CDA,1885.91,-21.96,backfill
2026-03-18,CDA,1938.03,52.12,backfill
2026-03-19,CDA,1910.02,-28.01,backfill
2026-03-20,CDA,1919.09,9.07,backfill
2026-03-23,CDA,1892.51,-26.58,backfill
2026-03-24,CDA,1918.7,26.19,backfill
2026-03-25,CDA,1939.43,20.73,backfill
2026-03-26,CDA,1907.17,-32.26,backfill
2026-03-27,CDA,1883.81,-23.36,backfill
2026-03-30,CDA,1868.77,-15.04,backfill
2026-03-31,CDA,1864.34,-4.43,backfill
2026-04-02,CDA,1850.57,-13.77,backfill
2026-04-06,CDA,1859.99,9.42,backfill
2026-04-07,CDA,1844.76,-15.23,backfill
2026-04-08,CDA,1937.86,93.1,backfill
2026-04-09,CDA,1945.69,7.83,backfill
2026-04-10,CDA,1951.68,5.99,backfill
2026-04-15,CDA,1963.6,11.92,backfill
2026-04-16,CDA,1981.31,17.71,backfill
2026-04-17,CDA,2012.45,31.14,backfill
2026-04-20,CDA,2000.33,-12.12,backfill
2026-04-21,CDA,1993.91,-6.42,backfill
2026-04-22,CDA,2016.26,22.35,backfill
2026-04-23,CDA,2019.22,2.96,backfill
2026-04-24,CDA,2005.02,-14.2,backfill
2026-04-27,CDA,2003.34,-1.68,backfill
2026-04-28,CDA,2013.14,9.8,backfill
2026-04-29,CDA,2004.31,-8.83,backfill
2026-04-30,CDA,1998.76,-5.55,backfill
2026-05-04,CDA,2004.63,5.87,backfill
2026-05-05,CDA,1987.61,-17.02,backfill
2026-05-06,CDA,1988.9,1.29,backfill
2026-05-07,CDA,2031.33,42.43,backfill
2026-05-08,CDA,2051.75,20.42,backfill
2026-05-11,CDA,2055.04,3.29,backfill
2026-05-12,CDA,2054.14,-0.9,backfill
2026-05-13,CDA,2046.52,-7.62,backfill
2026-05-14,CDA,2046.27,-0.25,backfill
2026-05-15,CDA,2038.33,-7.94,backfill
2026-05-18,CDA,1996.29,-42.04,backfill
2026-05-19,CDA,1983.45,-12.84,backfill
2026-05-20,CDA,1914.39,-69.06,backfill
2026-05-21,CDA,1946.17,31.78,backfill
2026-05-22,CDA,1961.91,15.74,backfill
2026-05-25,CDA,1983.19,21.28,backfill
2026-05-26,CDA,1983.13,-0.06,backfill
2026-05-27,CDA,1986.45,3.32,backfill
2026-05-29,CDA,1989.69,3.24,backfill
2026-06-01,CDA,1970.8,-18.89,backfill
2026-06-02,CDA,1950.3,-20.5,backfill
2026-06-03,CDA,1954.72,4.42,backfill
2026-06-04,CDA,1925.15,-29.57,backfill
2026-06-05,CDA,1914.77,-10.38,backfill
2026-06-08,CDA,1907.77,-7,backfill
2026-06-09,CDA,1908.57,0.8,backfill
2026-06-10,CDA,1843.03,-65.54,backfill
2026-06-11,CDA,1869.21,26.18,backfill
2026-06-12,CDA,1894.5,25.29,backfill
2026-06-15,CDA,1957.78,63.28,backfill
2026-06-16,CDA,1973.99,16.21,backfill
2026-06-17,CDA,1980.53,6.54,backfill
2026-06-18,CDA,1975.95,-4.58,backfill
2026-06-19,CDA,1964.17,-11.78,backfill
2026-06-22,CDA,1974.55,10.38,backfill
2026-06-23,CDA,1969.6,-4.95,backfill
2026-06-24,CDA,1964.28,-5.32,backfill
2026-06-25,CDA,1989.62,25.34,backfill
2026-06-26,CDA,1971.67,-17.95,backfill
2026-06-30,CDA,1980.82,9.15,backfill
2026-07-01,CDA,1985.31,4.49,backfill
2026-07-02,CDA,1976.43,-8.88,backfill
2026-07-03,CDA,1997.7,21.27,backfill
2026-07-06,CDA,1956.03,-41.67,backfill
2026-07-07,CDA,1966.32,10.29,backfill
2026-07-08,CDA,1949.93,-16.39,backfill
2026-07-09,CDA,1923.1,-26.83,backfill
2026-07-10,CDA,1927.18,4.08,backfill
2026-07-13,CDA,1899.05,-28.13,backfill
2026-07-14,CDA,1882.22,-16.83,backfill
2026-07-15,CDA,1876.51,-5.71,backfill
2026-07-16,CDA,1854.15,-22.36,backfill
2026-07-17,CDA,1838.77,-15.38,backfill
2026-07-20,CDA,1847.3,8.53,backfill
2026-07-21,CDA,1844.84,-2.46,backfill
2026-07-22,CDA,1848.34,3.5,backfill
2026-07-23,CDA,1864.09,15.75,backfill
2026-07-24,CDA,1899.95,35.86,backfill
2026-07-27,CDA,1883.71,-16.24,backfill
2026-07-28,CDA,1876.64,-7.07,backfill
2026-07-30,CDA,1875.57,-1.07,backfill
2026-07-31,CDA,1860.66,-14.91,backfill
2026-08-03,CDA,1868.22,7.56,backfill
2026-08-04,CDA,1860.27,-7.95,backfill
2026-08-05,CDA,1853.55,-6.72,backfill
2026-08-06,CDA,1864.93,11.38,backfill
2026-08-07,CDA,1870.45,5.52,backfill
2026-08-10,CDA,1854.72,-15.73,backfill
2026-08-11,CDA,1853.71,-1.01,backfill
2026-08-12,CDA,1837.47,-16.24,backfill
2026-08-13,CDA,1840.52,3.05,backfill
2026-08-14,CDA,1851.82,11.3,backfill
2026-08-17,CDA,1840.11,-11.71,backfill
2026-08-18,CDA,1842.64,2.53,backfill
2026-08-19,CDA,1817.27,-25.37,backfill
2026-08-20,CDA,1826.13,8.86,backfill
2026-08-21,CDA,1837.24,11.11,backfill
2026-08-24,CDA,1833.32,-3.92,backfill
2026-08-25,CDA,1829.99,-3.33,backfill
2026-08-28,CDA,1831.67,1.68,backfill
2026-08-31,CDA,1855.85,24.18,backfill
2026-09-01,CDA,1865.5,9.65,backfill
2026-09-02,CDA,1851.27,-14.23,backfill
2026-09-03,CDA,1879.85,28.58,backfill
2026-09-04,CDA,1870.92,-8.93,backfill
2026-09-07,CDA,1868.86,-2.06,backfill
2026-09-08,CDA,1884.13,15.27,backfill
2026-09-09,CDA,1856.99,-27.14,backfill
2026-09-10,CDA,1850.48,-6.51,backfill
2026-09-11,CDA,1841.77,-8.71,backfill
2026-09-14,CDA,1847.16,5.39,backfill
2026-09-15,CDA,1830.87,-16.29,backfill
2026-09-16,CDA,1825.21,-5.66,backfill
2026-09-17,CDA,1802.07,-23.14,backfill
2026-09-18,CDA,1805.07,3,backfill
2026-09-21,CDA,1792.36,-12.71,backfill
2026-09-22,CDA,1804.84,12.48,backfill
2026-09-23,CDA,1805.29,0.45,backfill
2026-09-24,CDA,1795.46,-9.83,backfill
2026-09-25,CDA,1781.14,-14.32,backfill
2026-09-28,CDA,1777.73,-3.41,backfill
2026-09-29,CDA,1775.83,-1.9,backfill
2026-09-30,CDA,1775.72,-0.11,backfill
2026-10-01,CDA,1750.95,-24.77,backfill
2025-10-07,CS,731.5,,backfill
2025-10-08,CS,732.65,1.15,backfill
2025-10-09,CS,729.77,-2.88,backfill
2025-10-10,CS,729.41,-0.36,backfill
2025-10-13,CS,728.84,-0.57,backfill
2025-10-14,CS,726.26,-2.58,backfill
2025-10-15,CS,722.34,-3.92,backfill
2025-10-16,CS,729.17,6.83,backfill
2025-10-17,CS,732.96,3.79,backfill
2025-10-21,CS,732.48,-0.48,backfill
2025-10-22,CS,730.28,-2.2,backfill
2025-10-23,CS,724.34,-5.94,backfill
2025-10-24,CS,718.81,-5.53,backfill
2025-10-27,CS,713.44,-5.37,backfill
2025-10-28,CS,709.07,-4.37,backfill
2025-10-29,CS,716.9,7.83,backfill
2025-10-30,CS,721.27,4.37,backfill
2025-10-31,CS,720.74,-0.53,backfill
2025-11-03,CS,722.17,1.43,backfill
2025-11-04,CS,719.84,-2.33,backfill
2025-11-06,CS,713.63,-6.21,backfill
2025-11-07,CS,715,1.37,backfill
2025-11-10,CS,712.52,-2.48,backfill
2025-11-11,CS,716.34,3.82,backfill
2025-11-12,CS,714.47,-1.87,backfill
2025-11-13,CS,711.01,-3.46,backfill
2025-11-14,CS,713.59,2.58,backfill
2025-11-17,CS,703.54,-10.05,backfill
2025-11-18,CS,690.03,-13.51,backfill
2025-11-19,CS,690.35,0.32,backfill
2025-11-20,CS,694.36,4.01,backfill
2025-11-21,CS,696.09,1.73,backfill
2025-11-24,CS,682.72,-13.37,backfill
2025-11-25,CS,701.56,18.84,backfill
2025-11-26,CS,705.41,3.85,backfill
2025-11-27,CS,692.72,-12.69,backfill
2025-11-28,CS,690.1,-2.62,backfill
2025-12-01,CS,643.98,-46.12,backfill
2025-12-02,CS,638,-5.98,backfill
2025-12-03,CS,625.03,-12.97,backfill
2025-12-05,CS,624.47,-0.56,backfill
2025-12-08,CS,626.76,2.29,backfill
2025-12-09,CS,635.69,8.93,backfill
2025-12-10,CS,644.23,8.54,backfill
2025-12-11,CS,643.46,-0.77,backfill
2025-12-12,CS,643.67,0.21,backfill
2025-12-15,CS,636.67,-7,backfill
2025-12-16,CS,635.62,-1.05,backfill
2025-12-17,CS,637.5,1.88,backfill
2025-12-18,CS,637.77,0.27,backfill
2025-12-19,CS,632.2,-5.57,backfill
2025-12-22,CS,624.74,-7.46,backfill
2025-12-23,CS,623.62,-1.12,backfill
2025-12-24,CS,627.54,3.92,backfill
2025-12-26,CS,633.45,5.91,backfill
2025-12-29,CS,637.09,3.64,backfill
2025-12-30,CS,657.57,20.48,backfill
2025-12-31,CS,667.94,10.37,backfill
2026-01-02,CS,673.61,5.67,backfill
2026-01-05,CS,673.24,-0.37,backfill
2026-01-06,CS,676.41,3.17,backfill
2026-01-08,CS,674.89,-1.52,backfill
2026-01-09,CS,671.95,-2.94,backfill
2026-01-12,CS,666.7,-5.25,backfill
2026-01-13,CS,662.91,-3.79,backfill
2026-01-14,CS,660.62,-2.29,backfill
2026-01-16,CS,660.32,-0.3,backfill
2026-01-19,CS,657.12,-3.2,backfill
2026-01-20,CS,657.93,0.81,backfill
2026-01-21,CS,659.27,1.34,backfill
2026-01-22,CS,659.71,0.44,backfill
2026-01-23,CS,662.04,2.33,backfill
2026-01-26,CS,657.96,-4.08,backfill
2026-01-27,CS,654.84,-3.12,backfill
2026-01-28,CS,650.47,-4.37,backfill
2026-01-29,CS,652.38,1.91,backfill
2026-01-30,CS,647.87,-4.51,backfill
2026-02-02,CS,647.26,-0.61,backfill
2026-02-03,CS,641.48,-5.78,backfill
2026-02-05,CS,647.44,5.96,backfill
2026-02-06,CS,651.47,4.03,backfill
2026-02-09,CS,646.49,-4.98,backfill
2026-02-10,CS,638.1,-8.39,backfill
2026-02-11,CS,639.17,1.07,backfill
2026-02-12,CS,652.19,13.02,backfill
2026-02-13,CS,654.83,2.64,backfill
2026-02-16,CS,651.89,-2.94,backfill
2026-02-17,CS,650.48,-1.41,backfill
2026-02-18,CS,647.45,-3.03,backfill
2026-02-19,CS,643.68,-3.77,backfill
2026-02-20,CS,640.51,-3.17,backfill
2026-02-23,CS,637.27,-3.24,backfill
2026-02-24,CS,634.73,-2.54,backfill
2026-02-25,CS,635.65,0.92,backfill
2026-02-26,CS,633.38,-2.27,backfill
2026-02-27,CS,638.41,5.03,backfill
2026-03-03,CS,587.52,-50.89,backfill
2026-03-04,CS,596.57,9.05,backfill
2026-03-05,CS,598.95,2.38,backfill
2026-03-06,CS,596.7,-2.25,backfill
2026-03-09,CS,571.57,-25.13,backfill
2026-03-10,CS,580.49,8.92,backfill
2026-03-11,CS,584.46,3.97,backfill
2026-03-12,CS,572.68,-11.78,backfill
2026-03-13,CS,568.41,-4.27,backfill
2026-03-16,CS,535.8,-32.61,backfill
2026-03-17,CS,516.94,-18.86,backfill
2026-03-18,CS,528.83,11.89,backfill
2026-03-19,CS,517.83,-11,backfill
2026-03-20,CS,524.09,6.26,backfill
2026-03-23,CS,510.66,-13.43,backfill
2026-03-24,CS,533.61,22.95,backfill
2026-03-25,CS,555.2,21.59,backfill
2026-03-26,CS,542.89,-12.31,backfill
2026-03-27,CS,550.21,7.32,backfill
2026-03-30,CS,540.91,-9.3,backfill
2026-03-31,CS,538.42,-2.49,backfill
2026-04-02,CS,539.14,0.72,backfill
2026-04-06,CS,545.29,6.15,backfill
2026-04-07,CS,544.59,-0.7,backfill
2026-04-08,CS,569.75,25.16,backfill
2026-04-09,CS,560.18,-9.57,backfill
2026-04-10,CS,571.86,11.68,backfill
2026-04-15,CS,585.27,13.41,backfill
2026-04-16,CS,592.3,7.03,backfill
2026-04-17,CS,595.23,2.93,backfill
2026-04-20,CS,587.33,-7.9,backfill
2026-04-21,CS,588,0.67,backfill
2026-04-22,CS,585.26,-2.74,backfill
2026-04-23,CS,584.5,-0.76,backfill
2026-04-24,CS,582.6,-1.9,backfill
2026-04-27,CS,584.68,2.08,backfill
2026-04-28,CS,582.4,-2.28,backfill
2026-04-29,CS,583.62,1.22,backfill
2026-04-30,CS,575.74,-7.88,backfill
2026-05-04,CS,579.34,3.6,backfill
2026-05-05,CS,579.74,0.4,backfill
2026-05-06,CS,585.01,5.27,backfill
2026-05-07,CS,583.67,-1.34,backfill
2026-05-08,CS,583.23,-0.44,backfill
2026-05-11,CS,582.15,-1.08,backfill
2026-05-12,CS,580.83,-1.32,backfill
2026-05-13,CS,578.41,-2.42,backfill
2026-05-14,CS,574.86,-3.55,backfill
2026-05-15,CS,571.87,-2.99,backfill
2026-05-18,CS,555,-16.87,backfill
2026-05-19,CS,557.36,2.36,backfill
2026-05-20,CS,546.68,-10.68,backfill
2026-05-21,CS,546.09,-0.59,backfill
2026-05-22,CS,548.86,2.77,backfill
2026-05-25,CS,555.25,6.39,backfill
2026-05-26,CS,550.52,-4.73,backfill
2026-05-27,CS,557.62,7.1,backfill
2026-05-29,CS,559.84,2.22,backfill
2026-06-01,CS,558.97,-0.87,backfill
2026-06-02,CS,550.7,-8.27,backfill
2026-06-03,CS,549.37,-1.33,backfill
2026-06-04,CS,542.27,-7.1,backfill
2026-06-05,CS,544.39,2.12,backfill
2026-06-08,CS,531.12,-13.27,backfill
2026-06-09,CS,537.12,6,backfill
2026-06-10,CS,536.12,-1,backfill
2026-06-11,CS,530.01,-6.11,backfill
2026-06-12,CS,538.01,8,backfill
2026-06-15,CS,556.05,18.04,backfill
2026-06-16,CS,555.77,-0.28,backfill
2026-06-17,CS,557.28,1.51,backfill
2026-06-18,CS,561.02,3.74,backfill
2026-06-19,CS,562.64,1.62,backfill
2026-06-22,CS,557.74,-4.9,backfill
2026-06-23,CS,553.97,-3.77,backfill
2026-06-24,CS,553.04,-0.93,backfill
2026-06-25,CS,559.82,6.78,backfill
2026-06-26,CS,556.77,-3.05,backfill
2026-06-30,CS,554.45,-2.32,backfill
2026-07-01,CS,554.33,-0.12,backfill
2026-07-02,CS,548.37,-5.96,backfill
2026-07-03,CS,549.45,1.08,backfill
2026-07-06,CS,545.36,-4.09,backfill
2026-07-07,CS,541.48,-3.88,backfill
2026-07-08,CS,540.57,-0.91,backfill
2026-07-09,CS,540.16,-0.41,backfill
2026-07-10,CS,539.82,-0.34,backfill
2026-07-13,CS,535.01,-4.81,backfill
2026-07-14,CS,532.62,-2.39,backfill
2026-07-15,CS,532.84,0.22,backfill
2026-07-16,CS,530.3,-2.54,backfill
2026-07-17,CS,530.89,0.59,backfill
2026-07-20,CS,523.36,-7.53,backfill
2026-07-21,CS,520.9,-2.46,backfill
2026-07-22,CS,523.74,2.84,backfill
2026-07-23,CS,522.28,-1.46,backfill
2026-07-24,CS,521.51,-0.77,backfill
2026-07-27,CS,522.22,0.71,backfill
2026-07-28,CS,523.62,1.4,backfill
2026-07-30,CS,523.73,0.11,backfill
2026-07-31,CS,518.01,-5.72,backfill
2026-08-03,CS,522.24,4.23,backfill
2026-08-04,CS,519.66,-2.58,backfill
2026-08-05,CS,528.13,8.47,backfill
2026-08-06,CS,528.03,-0.1,backfill
2026-08-07,CS,523.4,-4.63,backfill
2026-08-10,CS,525.3,1.9,backfill
2026-08-11,CS,525.23,-0.07,backfill
2026-08-12,CS,523.25,-1.98,backfill
2026-08-13,CS,527.15,3.9,backfill
2026-08-14,CS,527.36,0.21,backfill
2026-08-17,CS,525.58,-1.78,backfill
2026-08-18,CS,520.01,-5.57,backfill
2026-08-19,CS,517.77,-2.24,backfill
2026-08-20,CS,519.1,1.33,backfill
2026-08-21,CS,513.52,-5.58,backfill
2026-08-24,CS,516.08,2.56,backfill
2026-08-25,CS,513.6,-2.48,backfill
2026-08-28,CS,514.3,0.7,backfill
2026-08-31,CS,516.14,1.84,backfill
2026-09-01,CS,520.05,3.91,backfill
2026-09-02,CS,513.84,-6.21,backfill
2026-09-03,CS,515.38,1.54,backfill
2026-09-04,CS,521.08,5.7,backfill
2026-09-07,CS,515.22,-5.86,backfill
2026-09-08,CS,514.05,-1.17,backfill
2026-09-09,CS,513.89,-0.16,backfill
2026-09-10,CS,510.31,-3.58,backfill
2026-09-11,CS,512.7,2.39,backfill
2026-09-14,CS,508.67,-4.03,backfill
2026-09-15,CS,512.77,4.1,backfill
2026-09-16,CS,506.2,-6.57,backfill
2026-09-17,CS,504.29,-1.91,backfill
2026-09-18,CS,501.67,-2.62,backfill
2026-09-21,CS,500.94,-0.73,backfill
2026-09-22,CS,506.14,5.2,backfill
2026-09-23,CS,501.69,-4.45,backfill
2026-09-24,CS,502.75,1.06,backfill
2026-09-25,CS,503.31,0.56,backfill
2026-09-28,CS,498.41,-4.9,backfill
2026-09-29,CS,493.94,-4.47,backfill
2026-09-30,CS,489.82,-4.12,backfill
2026-10-01,CS,498.44,8.62,backfill
2025-10-07,RET,3384.83,,backfill
2025-10-08,RET,3327.14,-57.69,backfill
2025-10-09,RET,3291.81,-35.33,backfill
2025-10-10,RET,3271.62,-20.19,backfill
2025-10-13,RET,3253.32,-18.3,backfill
2025-10-14,RET,3288.58,35.26,backfill
2025-10-15,RET,3332.28,43.7,backfill
2025-10-16,RET,3360.71,28.43,backfill
2025-10-17,RET,3495.49,134.78,backfill
2025-10-21,RET,3507.76,12.27,backfill
2025-10-22,RET,3546.64,38.88,backfill
2025-10-23,RET,3648.65,102.01,backfill
2025-10-24,RET,3637.53,-11.12,backfill
2025-10-27,RET,3616.41,-21.12,backfill
2025-10-28,RET,3639.64,23.23,backfill
2025-10-29,RET,3634.92,-4.72,backfill
2025-10-30,RET,3744,109.08,backfill
2025-10-31,RET,3749.93,5.93,backfill
2025-11-03,RET,3724.09,-25.84,backfill
2025-11-04,RET,3707.56,-16.53,backfill
2025-11-06,RET,3642.48,-65.08,backfill
2025-11-07,RET,3690.42,47.94,backfill
2025-11-10,RET,3674.66,-15.76,backfill
2025-11-11,RET,3677.77,3.11,backfill
2025-11-12,RET,3671.07,-6.7,backfill
2025-11-13,RET,3627.5,-43.57,backfill
2025-11-14,RET,3731.23,103.73,backfill
2025-11-17,RET,3659.76,-71.47,backfill
2025-11-18,RET,3624.74,-35.02,backfill
2025-11-19,RET,3627.03,2.29,backfill
2025-11-20,RET,3657.71,30.68,backfill
2025-11-21,RET,3595.04,-62.67,backfill
2025-11-24,RET,3590.27,-4.77,backfill
2025-11-25,RET,3568.38,-21.89,backfill
2025-11-26,RET,3603.55,35.17,backfill
2025-11-27,RET,3558.82,-44.73,backfill
2025-11-28,RET,3644.71,85.89,backfill
2025-12-01,RET,3495.77,-148.94,backfill
2025-12-02,RET,3497.52,1.75,backfill
2025-12-03,RET,3397.5,-100.02,backfill
2025-12-05,RET,3333.13,-64.37,backfill
2025-12-08,RET,3359.12,25.99,backfill
2025-12-09,RET,3360.68,1.56,backfill
2025-12-10,RET,3471,110.32,backfill
2025-12-11,RET,3474.68,3.68,backfill
2025-12-12,RET,3481.64,6.96,backfill
2025-12-15,RET,3468.21,-13.43,backfill
2025-12-16,RET,3470.24,2.03,backfill
2025-12-17,RET,3442.84,-27.4,backfill
2025-12-18,RET,3478.76,35.92,backfill
2025-12-19,RET,3493.61,14.85,backfill
2025-12-22,RET,3455.66,-37.95,backfill
2025-12-23,RET,3476.8,21.14,backfill
2025-12-24,RET,3478.75,1.95,backfill
2025-12-26,RET,3463.78,-14.97,backfill
2025-12-29,RET,3453.42,-10.36,backfill
2025-12-30,RET,3495.1,41.68,backfill
2025-12-31,RET,3525.88,30.78,backfill
2026-01-02,RET,3610.68,84.8,backfill
2026-01-05,RET,3730.29,119.61,backfill
2026-01-06,RET,3693.83,-36.46,backfill
2026-01-08,RET,3713.77,19.94,backfill
2026-01-09,RET,3760.59,46.82,backfill
2026-01-12,RET,3794.31,33.72,backfill
2026-01-13,RET,3894.48,100.17,backfill
2026-01-14,RET,3963.68,69.2,backfill
2026-01-16,RET,3939.31,-24.37,backfill
2026-01-19,RET,3889.89,-49.42,backfill
2026-01-20,RET,3928.53,38.64,backfill
2026-01-21,RET,3962.72,34.19,backfill
2026-01-22,RET,4086.73,124.01,backfill
2026-01-23,RET,4138.67,51.94,backfill
2026-01-26,RET,4108.46,-30.21,backfill
2026-01-27,RET,4167.37,58.91,backfill
2026-01-28,RET,4123.24,-44.13,backfill
2026-01-29,RET,4091.31,-31.93,backfill
2026-01-30,RET,4095.41,4.1,backfill
2026-02-02,RET,4031.25,-64.16,backfill
2026-02-03,RET,4098.08,66.83,backfill
2026-02-05,RET,4112.25,14.17,backfill
2026-02-06,RET,4055.72,-56.53,backfill
2026-02-09,RET,4018.16,-37.56,backfill
2026-02-10,RET,3959.53,-58.63,backfill
2026-02-11,RET,3926.09,-33.44,backfill
2026-02-12,RET,3878.88,-47.21,backfill
2026-02-13,RET,3853.77,-25.11,backfill
2026-02-16,RET,3885.83,32.06,backfill
2026-02-17,RET,3830.46,-55.37,backfill
2026-02-18,RET,3829.79,-0.67,backfill
2026-02-19,RET,3859.72,29.93,backfill
2026-02-20,RET,3819.76,-39.96,backfill
2026-02-23,RET,3829.93,10.17,backfill
2026-02-24,RET,3796.81,-33.12,backfill
2026-02-25,RET,3797.85,1.04,backfill
2026-02-26,RET,3751.61,-46.24,backfill
2026-02-27,RET,3768.38,16.77,backfill
2026-03-03,RET,3409.72,-358.66,backfill
2026-03-04,RET,3446.69,36.97,backfill
2026-03-05,RET,3516.1,69.41,backfill
2026-03-06,RET,3480.27,-35.83,backfill
2026-03-09,RET,3286.32,-193.95,backfill
2026-03-10,RET,3440.67,154.35,backfill
2026-03-11,RET,3392.41,-48.26,backfill
2026-03-12,RET,3311.18,-81.23,backfill
2026-03-13,RET,3209.62,-101.56,backfill
2026-03-16,RET,3009.43,-200.19,backfill
2026-03-17,RET,2836.49,-172.94,backfill
2026-03-18,RET,3014.49,178,backfill
2026-03-19,RET,2844.14,-170.35,backfill
2026-03-20,RET,3010.94,166.8,backfill
2026-03-23,RET,2884.78,-126.16,backfill
2026-03-24,RET,3199.12,314.34,backfill
2026-03-25,RET,3378.62,179.5,backfill
2026-03-26,RET,3207.86,-170.76,backfill
2026-03-27,RET,3259.81,51.95,backfill
2026-03-30,RET,3163.83,-95.98,backfill
2026-03-31,RET,3164.15,0.32,backfill
2026-04-02,RET,3236.8,72.65,backfill
2026-04-06,RET,3245.98,9.18,backfill
2026-04-07,RET,3205.92,-40.06,backfill
2026-04-08,RET,3536.75,330.83,backfill
2026-04-09,RET,3523.11,-13.64,backfill
2026-04-10,RET,3581.88,58.77,backfill
2026-04-15,RET,3631.81,49.93,backfill
2026-04-16,RET,3683.71,51.9,backfill
2026-04-17,RET,3713.51,29.8,backfill
2026-04-20,RET,3616.54,-96.97,backfill
2026-04-21,RET,3598.08,-18.46,backfill
2026-04-22,RET,3630.17,32.09,backfill
2026-04-23,RET,3586.31,-43.86,backfill
2026-04-24,RET,3565.36,-20.95,backfill
2026-04-27,RET,3590.63,25.27,backfill
2026-04-28,RET,3563.62,-27.01,backfill
2026-04-29,RET,3539.71,-23.91,backfill
2026-04-30,RET,3529.56,-10.15,backfill
2026-05-04,RET,3556.28,26.72,backfill
2026-05-05,RET,3532.61,-23.67,backfill
2026-05-06,RET,3590.21,57.6,backfill
2026-05-07,RET,3628.73,38.52,backfill
2026-05-08,RET,3630.66,1.93,backfill
2026-05-11,RET,3593.97,-36.69,backfill
2026-05-12,RET,3621.16,27.19,backfill
2026-05-13,RET,3582.33,-38.83,backfill
2026-05-14,RET,3558.72,-23.61,backfill
2026-05-15,RET,3546.18,-12.54,backfill
2026-05-18,RET,3339.63,-206.55,backfill
2026-05-19,RET,3296.62,-43.01,backfill
2026-05-20,RET,3139.19,-157.43,backfill
2026-05-21,RET,3153.16,13.97,backfill
2026-05-22,RET,3096.77,-56.39,backfill
2026-05-25,RET,3204.14,107.37,backfill
2026-05-26,RET,3164.21,-39.93,backfill
2026-05-27,RET,3147.12,-17.09,backfill
2026-05-29,RET,3150.55,3.43,backfill
2026-06-01,RET,3192.7,42.15,backfill
2026-06-02,RET,3206.87,14.17,backfill
2026-06-03,RET,3144.38,-62.49,backfill
2026-06-04,RET,3107.95,-36.43,backfill
2026-06-05,RET,3104.3,-3.65,backfill
2026-06-08,RET,2982.95,-121.35,backfill
2026-06-09,RET,3036.1,53.15,backfill
2026-06-10,RET,3044.19,8.09,backfill
2026-06-11,RET,2976.5,-67.69,backfill
2026-06-12,RET,3085.51,109.01,backfill
2026-06-15,RET,3234.13,148.62,backfill
2026-06-16,RET,3280.37,46.24,backfill
2026-06-17,RET,3301.53,21.16,backfill
2026-06-18,RET,3301.72,0.19,backfill
2026-06-19,RET,3258.66,-43.06,backfill
2026-06-22,RET,3214.84,-43.82,backfill
2026-06-23,RET,3226.96,12.12,backfill
2026-06-24,RET,3217.58,-9.38,backfill
2026-06-25,RET,3322.16,104.58,backfill
2026-06-26,RET,3321.37,-0.79,backfill
2026-06-30,RET,3257,-64.37,backfill
2026-07-01,RET,3222.18,-34.82,backfill
2026-07-02,RET,3196.25,-25.93,backfill
2026-07-03,RET,3187.7,-8.55,backfill
2026-07-06,RET,3151.41,-36.29,backfill
2026-07-07,RET,3139.36,-12.05,backfill
2026-07-08,RET,3100.31,-39.05,backfill
2026-07-09,RET,3056.05,-44.26,backfill
2026-07-10,RET,3090.43,34.38,backfill
2026-07-13,RET,3054.81,-35.62,backfill
2026-07-14,RET,3026.21,-28.6,backfill
2026-07-15,RET,3023.54,-2.67,backfill
2026-07-16,RET,3034.15,10.61,backfill
2026-07-17,RET,3037.82,3.67,backfill
2026-07-20,RET,3005.27,-32.55,backfill
2026-07-21,RET,2995.25,-10.02,backfill
2026-07-22,RET,3002.99,7.74,backfill
2026-07-23,RET,2983.1,-19.89,backfill
2026-07-24,RET,2990.63,7.53,backfill
2026-07-27,RET,3013.02,22.39,backfill
2026-07-28,RET,3044.06,31.04,backfill
2026-07-30,RET,3034.12,-9.94,backfill
2026-07-31,RET,3031.43,-2.69,backfill
2026-08-03,RET,3027.1,-4.33,backfill
2026-08-04,RET,3024.51,-2.59,backfill
2026-08-05,RET,3041.76,17.25,backfill
2026-08-06,RET,3088.25,46.49,backfill
2026-08-07,RET,3124.88,36.63,backfill
2026-08-10,RET,3153.8,28.92,backfill
2026-08-11,RET,3153.07,-0.73,backfill
2026-08-12,RET,3163.35,10.28,backfill
2026-08-13,RET,3173.61,10.26,backfill
2026-08-14,RET,3193.69,20.08,backfill
2026-08-17,RET,3167.83,-25.86,backfill
2026-08-18,RET,3135.64,-32.19,backfill
2026-08-19,RET,3127.41,-8.23,backfill
2026-08-20,RET,3124.5,-2.91,backfill
2026-08-21,RET,3103.62,-20.88,backfill
2026-08-24,RET,3084.44,-19.18,backfill
2026-08-25,RET,3091.43,6.99,backfill
2026-08-28,RET,3107.9,16.47,backfill
2026-08-31,RET,3104.84,-3.06,backfill
2026-09-01,RET,3127.34,22.5,backfill
2026-09-02,RET,3111.14,-16.2,backfill
2026-09-03,RET,3172.47,61.33,backfill
2026-09-04,RET,3246.98,74.51,backfill
2026-09-07,RET,3233.52,-13.46,backfill
2026-09-08,RET,3233.6,0.08,backfill
2026-09-09,RET,3198.6,-35,backfill
2026-09-10,RET,3152.97,-45.63,backfill
2026-09-11,RET,3171.13,18.16,backfill
2026-09-14,RET,3135.96,-35.17,backfill
2026-09-15,RET,3125.52,-10.44,backfill
2026-09-16,RET,3081.43,-44.09,backfill
2026-09-17,RET,3063.2,-18.23,backfill
2026-09-18,RET,3051.26,-11.94,backfill
2026-09-21,RET,3016.08,-35.18,backfill
2026-09-22,RET,3091.44,75.36,backfill
2026-09-23,RET,3047.5,-43.94,backfill
2026-09-24,RET,3030.8,-16.7,backfill
2026-09-25,RET,3036.67,5.87,backfill
2026-09-28,RET,2999.95,-36.72,backfill
2026-09-29,RET,2951.19,-48.76,backfill
2026-09-30,RET,3007.85,56.66,backfill
2026-10-01,RET,2991.51,-16.34,backfill
2025-10-07,FSR,4935.56,,backfill
2025-10-08,FSR,4689.95,-245.61,backfill
2025-10-09,FSR,4736.78,46.83,backfill
2025-10-10,FSR,4789.62,52.84,backfill
2025-10-13,FSR,4798.78,9.16,backfill
2025-10-14,FSR,4803.18,4.4,backfill
2025-10-15,FSR,4759.32,-43.86,backfill
2025-10-16,FSR,4821.3,61.98,backfill
2025-10-17,FSR,5073.97,252.67,backfill
2025-10-21,FSR,5061.31,-12.66,backfill
2025-10-22,FSR,5063.23,1.92,backfill
2025-10-23,FSR,5134.77,71.54,backfill
2025-10-24,FSR,5087.09,-47.68,backfill
2025-10-27,FSR,5010.14,-76.95,backfill
2025-10-28,FSR,4969.52,-40.62,backfill
2025-10-29,FSR,4983.32,13.8,backfill
2025-10-30,FSR,4922.13,-61.19,backfill
2025-10-31,FSR,4972.3,50.17,backfill
2025-11-03,FSR,4967.62,-4.68,backfill
2025-11-04,FSR,5065.67,98.05,backfill
2025-11-06,FSR,5099.12,33.45,backfill
2025-11-07,FSR,5069.25,-29.87,backfill
2025-11-10,FSR,5131.05,61.8,backfill
2025-11-11,FSR,5138.68,7.63,backfill
2025-11-12,FSR,5071.52,-67.16,backfill
2025-11-13,FSR,5073.28,1.76,backfill
2025-11-14,FSR,5055.96,-17.32,backfill
2025-11-17,FSR,4998.48,-57.48,backfill
2025-11-18,FSR,4958.98,-39.5,backfill
2025-11-19,FSR,4958.45,-0.53,backfill
2025-11-20,FSR,4978.12,19.67,backfill
2025-11-21,FSR,4944.31,-33.81,backfill
2025-11-24,FSR,4942.08,-2.23,backfill
2025-11-25,FSR,4927.91,-14.17,backfill
2025-11-26,FSR,4921.69,-6.22,backfill
2025-11-27,FSR,4896.66,-25.03,backfill
2025-11-28,FSR,4897.12,0.46,backfill
2025-12-01,FSR,4867.28,-29.84,backfill
2025-12-02,FSR,4911.82,44.54,backfill
2025-12-03,FSR,4818.71,-93.11,backfill
2025-12-05,FSR,4890.47,71.76,backfill
2025-12-08,FSR,4811.34,-79.13,backfill
2025-12-09,FSR,4857.11,45.77,backfill
2025-12-10,FSR,4921.31,64.2,backfill
2025-12-11,FSR,4853.14,-68.17,backfill
2025-12-12,FSR,4802.26,-50.88,backfill
2025-12-15,FSR,4804.33,2.07,backfill
2025-12-16,FSR,4744.87,-59.46,backfill
2025-12-17,FSR,4854.96,110.09,backfill
2025-12-18,FSR,4778.42,-76.54,backfill
2025-12-19,FSR,4783.07,4.65,backfill
2025-12-22,FSR,4801.58,18.51,backfill
2025-12-23,FSR,4837.17,35.59,backfill
2025-12-24,FSR,4858.96,21.79,backfill
2025-12-26,FSR,4857.62,-1.34,backfill
2025-12-29,FSR,4819.84,-37.78,backfill
2025-12-30,FSR,4820.54,0.7,backfill
2025-12-31,FSR,4745.57,-74.97,backfill
2026-01-02,FSR,4817.43,71.86,backfill
2026-01-05,FSR,4806.63,-10.8,backfill
2026-01-06,FSR,4814.86,8.23,backfill
2026-01-08,FSR,4828.16,13.3,backfill
2026-01-09,FSR,4813.05,-15.11,backfill
2026-01-12,FSR,4777.02,-36.03,backfill
2026-01-13,FSR,4833.91,56.89,backfill
2026-01-14,FSR,4813.27,-20.64,backfill
2026-01-16,FSR,4810.64,-2.63,backfill
2026-01-19,FSR,4831.31,20.67,backfill
2026-01-20,FSR,4790.59,-40.72,backfill
2026-01-21,FSR,4810.46,19.87,backfill
2026-01-22,FSR,4734.78,-75.68,backfill
2026-01-23,FSR,4801.82,67.04,backfill
2026-01-26,FSR,4686.49,-115.33,backfill
2026-01-27,FSR,4728.39,41.9,backfill
2026-01-28,FSR,4792.62,64.23,backfill
2026-01-29,FSR,4779.68,-12.94,backfill
2026-01-30,FSR,4723.62,-56.06,backfill
2026-02-02,FSR,4723.62,0,backfill
2026-02-03,FSR,4739.92,16.3,backfill
2026-02-05,FSR,4749.26,9.34,backfill
2026-02-06,FSR,4745.21,-4.05,backfill
2026-02-09,FSR,4724.09,-21.12,backfill
2026-02-10,FSR,4693.01,-31.08,backfill
2026-02-11,FSR,4667.28,-25.73,backfill
2026-02-12,FSR,4696.28,29,backfill
2026-02-13,FSR,4679,-17.28,backfill
2026-02-16,FSR,4678.22,-0.78,backfill
2026-02-17,FSR,4606.55,-71.67,backfill
2026-02-18,FSR,4537.22,-69.33,backfill
2026-02-19,FSR,4594.21,56.99,backfill
2026-02-20,FSR,4513.93,-80.28,backfill
2026-02-23,FSR,4608.53,94.6,backfill
2026-02-24,FSR,4643.32,34.79,backfill
2026-02-25,FSR,4573.98,-69.34,backfill
2026-02-26,FSR,4675.06,101.08,backfill
2026-02-27,FSR,4641.09,-33.97,backfill
2026-03-03,FSR,4522.88,-118.21,backfill
2026-03-04,FSR,4556.51,33.63,backfill
2026-03-05,FSR,4554.66,-1.85,backfill
2026-03-06,FSR,4586.27,31.61,backfill
2026-03-09,FSR,4320.78,-265.49,backfill
2026-03-10,FSR,4379.65,58.87,backfill
2026-03-11,FSR,4392.56,12.91,backfill
2026-03-12,FSR,4307.8,-84.76,backfill
2026-03-13,FSR,4408.28,100.48,backfill
2026-03-16,FSR,4208.83,-199.45,backfill
2026-03-17,FSR,4109.41,-99.42,backfill
2026-03-18,FSR,4258.8,149.39,backfill
2026-03-19,FSR,4177.66,-81.14,backfill
2026-03-20,FSR,4073.15,-104.51,backfill
2026-03-23,FSR,4236.05,162.9,backfill
2026-03-24,FSR,4268.33,32.28,backfill
2026-03-25,FSR,4357.31,88.98,backfill
2026-03-26,FSR,4228.61,-128.7,backfill
2026-03-27,FSR,4248.98,20.37,backfill
2026-03-30,FSR,4136.62,-112.36,backfill
2026-03-31,FSR,4288.54,151.92,backfill
2026-04-02,FSR,4288.09,-0.45,backfill
2026-04-06,FSR,4332.5,44.41,backfill
2026-04-07,FSR,4239.22,-93.28,backfill
2026-04-08,FSR,4331.83,92.61,backfill
2026-04-09,FSR,4279.18,-52.65,backfill
2026-04-10,FSR,4366.11,86.93,backfill
2026-04-15,FSR,4307.48,-58.63,backfill
2026-04-16,FSR,4354.2,46.72,backfill
2026-04-17,FSR,4361.71,7.51,backfill
2026-04-20,FSR,4341.46,-20.25,backfill
2026-04-21,FSR,4340.28,-1.18,backfill
2026-04-22,FSR,4285.59,-54.69,backfill
2026-04-23,FSR,4243.09,-42.5,backfill
2026-04-24,FSR,4247.27,4.18,backfill
2026-04-27,FSR,4247.49,0.22,backfill
2026-04-28,FSR,4305.31,57.82,backfill
2026-04-29,FSR,4244.73,-60.58,backfill
2026-04-30,FSR,4301.14,56.41,backfill
2026-05-04,FSR,4351.15,50.01,backfill
2026-05-05,FSR,4300.42,-50.73,backfill
2026-05-06,FSR,4293.85,-6.57,backfill
2026-05-07,FSR,4294.65,0.8,backfill
2026-05-08,FSR,4283.87,-10.78,backfill
2026-05-11,FSR,4282.46,-1.41,backfill
2026-05-12,FSR,4259.62,-22.84,backfill
2026-05-13,FSR,4245.63,-13.99,backfill
2026-05-14,FSR,4230.96,-14.67,backfill
2026-05-15,FSR,4245.11,14.15,backfill
2026-05-18,FSR,4227.87,-17.24,backfill
2026-05-19,FSR,4222.8,-5.07,backfill
2026-05-20,FSR,4243.69,20.89,backfill
2026-05-21,FSR,4225.73,-17.96,backfill
2026-05-22,FSR,4222.13,-3.6,backfill
2026-05-25,FSR,4244.66,22.53,backfill
2026-05-26,FSR,4205.25,-39.41,backfill
2026-05-27,FSR,4193.1,-12.15,backfill
2026-05-29,FSR,4215.27,22.17,backfill
2026-06-01,FSR,4238.46,23.19,backfill
2026-06-02,FSR,4225.7,-12.76,backfill
2026-06-03,FSR,4192.39,-33.31,backfill
2026-06-04,FSR,4192.84,0.45,backfill
2026-06-05,FSR,4177.02,-15.82,backfill
2026-06-08,FSR,4158.09,-18.93,backfill
2026-06-09,FSR,4154.94,-3.15,backfill
2026-06-10,FSR,3962.82,-192.12,backfill
2026-06-11,FSR,4097.68,134.86,backfill
2026-06-12,FSR,3964.27,-133.41,backfill
2026-06-15,FSR,4053.83,89.56,backfill
2026-06-16,FSR,4058.76,4.93,backfill
2026-06-17,FSR,4010.44,-48.32,backfill
2026-06-18,FSR,4061.61,51.17,backfill
2026-06-19,FSR,4010.44,-51.17,backfill
2026-06-22,FSR,4010.06,-0.38,backfill
2026-06-23,FSR,4064.16,54.1,backfill
2026-06-24,FSR,4067.58,3.42,backfill
2026-06-25,FSR,4007.9,-59.68,backfill
2026-06-26,FSR,4001.09,-6.81,backfill
2026-06-30,FSR,3983.35,-17.74,backfill
2026-07-01,FSR,3938.58,-44.77,backfill
2026-07-02,FSR,3991.93,53.35,backfill
2026-07-03,FSR,3956.16,-35.77,backfill
2026-07-06,FSR,3951.61,-4.55,backfill
2026-07-07,FSR,3950.64,-0.97,backfill
2026-07-08,FSR,3959.14,8.5,backfill
2026-07-09,FSR,3926.7,-32.44,backfill
2026-07-10,FSR,3890.97,-35.73,backfill
2026-07-13,FSR,3862.69,-28.28,backfill
2026-07-14,FSR,3923.33,60.64,backfill
2026-07-15,FSR,3822.46,-100.87,backfill
2026-07-16,FSR,3887.24,64.78,backfill
2026-07-17,FSR,3848.61,-38.63,backfill
2026-07-20,FSR,3838.3,-10.31,backfill
2026-07-21,FSR,3822.2,-16.1,backfill
2026-07-22,FSR,3823.12,0.92,backfill
2026-07-23,FSR,3803.36,-19.76,backfill
2026-07-24,FSR,3848.82,45.46,backfill
2026-07-27,FSR,3811.13,-37.69,backfill
2026-07-28,FSR,3820.34,9.21,backfill
2026-07-30,FSR,3812.8,-7.54,backfill
2026-07-31,FSR,3797.88,-14.92,backfill
2026-08-03,FSR,3790.34,-7.54,backfill
2026-08-04,FSR,3785.88,-4.46,backfill
2026-08-05,FSR,4010.87,224.99,backfill
2026-08-06,FSR,3933.1,-77.77,backfill
2026-08-07,FSR,3992.91,59.81,backfill
2026-08-10,FSR,4016.58,23.67,backfill
2026-08-11,FSR,3917.3,-99.28,backfill
2026-08-12,FSR,4019.12,101.82,backfill
2026-08-13,FSR,4008.47,-10.65,backfill
2026-08-14,FSR,4115.18,106.71,backfill
2026-08-17,FSR,4100.68,-14.5,backfill
2026-08-18,FSR,4079.57,-21.11,backfill
2026-08-19,FSR,4081.36,1.79,backfill
2026-08-20,FSR,4075.53,-5.83,backfill
2026-08-21,FSR,4023.11,-52.42,backfill
2026-08-24,FSR,4140.92,117.81,backfill
2026-08-25,FSR,3967.35,-173.57,backfill
2026-08-28,FSR,4133.58,166.23,backfill
2026-08-31,FSR,4114.65,-18.93,backfill
2026-09-01,FSR,4106.91,-7.74,backfill
2026-09-02,FSR,4131.3,24.39,backfill
2026-09-03,FSR,4120.78,-10.52,backfill
2026-09-04,FSR,4129.32,8.54,backfill
2026-09-07,FSR,4070.08,-59.24,backfill
2026-09-08,FSR,4129.55,59.47,backfill
2026-09-09,FSR,4109.09,-20.46,backfill
2026-09-10,FSR,4132.23,23.14,backfill
2026-09-11,FSR,4133.34,1.11,backfill
2026-09-14,FSR,4132.16,-1.18,backfill
2026-09-15,FSR,4131.85,-0.31,backfill
2026-09-16,FSR,4081.7,-50.15,backfill
2026-09-17,FSR,4042.91,-38.79,backfill
2026-09-18,FSR,4124.74,81.83,backfill
2026-09-21,FSR,4086.5,-38.24,backfill
2026-09-22,FSR,4041.8,-44.7,backfill
2026-09-23,FSR,4051.71,9.91,backfill
2026-09-24,FSR,4077.44,25.73,backfill
2026-09-25,FSR,4110.81,33.37,backfill
2026-09-28,FSR,4111.47,0.66,backfill
2026-09-29,FSR,4083.93,-27.54,backfill
2026-09-30,FSR,4052.97,-30.96,backfill
2026-10-01,FSR,4083.87,30.9,backfill
2025-10-07,FBT,2465.18,,backfill
2025-10-08,FBT,2467.67,2.49,backfill
2025-10-09,FBT,2507.58,39.91,backfill
2025-10-10,FBT,2513.46,5.88,backfill
2025-10-13,FBT,2518.01,4.55,backfill
2025-10-14,FBT,2500.15,-17.86,backfill
2025-10-15,FBT,2495.73,-4.42,backfill
2025-10-16,FBT,2495.01,-0.72,backfill
2025-10-17,FBT,2510.84,15.83,backfill
2025-10-21,FBT,2516.99,6.15,backfill
2025-10-22,FBT,2511.49,-5.5,backfill
2025-10-23,FBT,2531.46,19.97,backfill
2025-10-24,FBT,2515.31,-16.15,backfill
2025-10-27,FBT,2511.95,-3.36,backfill
2025-10-28,FBT,2505.05,-6.9,backfill
2025-10-29,FBT,2488.24,-16.81,backfill
2025-10-30,FBT,2487.48,-0.76,backfill
2025-10-31,FBT,2474.74,-12.74,backfill
2025-11-03,FBT,2489.11,14.37,backfill
2025-11-04,FBT,2484.02,-5.09,backfill
2025-11-06,FBT,2502.12,18.1,backfill
2025-11-07,FBT,2507.5,5.38,backfill
2025-11-10,FBT,2500.28,-7.22,backfill
2025-11-11,FBT,2509.78,9.5,backfill
2025-11-12,FBT,2511.64,1.86,backfill
2025-11-13,FBT,2483.11,-28.53,backfill
2025-11-14,FBT,2472.99,-10.12,backfill
2025-11-17,FBT,2434.31,-38.68,backfill
2025-11-18,FBT,2421.32,-12.99,backfill
2025-11-19,FBT,2422.78,1.46,backfill
2025-11-20,FBT,2433.96,11.18,backfill
2025-11-21,FBT,2417.48,-16.48,backfill
2025-11-24,FBT,2367.3,-50.18,backfill
2025-11-25,FBT,2400.15,32.85,backfill
2025-11-26,FBT,2392.68,-7.47,backfill
2025-11-27,FBT,2384.49,-8.19,backfill
2025-11-28,FBT,2410.37,25.88,backfill
2025-12-01,FBT,2334.78,-75.59,backfill
2025-12-02,FBT,2357.63,22.85,backfill
2025-12-03,FBT,2309.2,-48.43,backfill
2025-12-05,FBT,2261.26,-47.94,backfill
2025-12-08,FBT,2267.82,6.56,backfill
2025-12-09,FBT,2311,43.18,backfill
2025-12-10,FBT,2349.91,38.91,backfill
2025-12-11,FBT,2346.64,-3.27,backfill
2025-12-12,FBT,2358.44,11.8,backfill
2025-12-15,FBT,2333.23,-25.21,backfill
2025-12-16,FBT,2345.9,12.67,backfill
2025-12-17,FBT,2338.87,-7.03,backfill
2025-12-18,FBT,2348.27,9.4,backfill
2025-12-19,FBT,2338.99,-9.28,backfill
2025-12-22,FBT,2324.74,-14.25,backfill
2025-12-23,FBT,2306.43,-18.31,backfill
2025-12-24,FBT,2326.74,20.31,backfill
2025-12-26,FBT,2320.23,-6.51,backfill
2025-12-29,FBT,2316.65,-3.58,backfill
2025-12-30,FBT,2340.82,24.17,backfill
2025-12-31,FBT,2352.56,11.74,backfill
2026-01-02,FBT,2389.12,36.56,backfill
2026-01-05,FBT,2409.88,20.76,backfill
2026-01-06,FBT,2420.55,10.67,backfill
2026-01-08,FBT,2427.66,7.11,backfill
2026-01-09,FBT,2447.8,20.14,backfill
2026-01-12,FBT,2449.77,1.97,backfill
2026-01-13,FBT,2451.28,1.51,backfill
2026-01-14,FBT,2451.07,-0.21,backfill
2026-01-16,FBT,2456.75,5.68,backfill
2026-01-19,FBT,2449.8,-6.95,backfill
2026-01-20,FBT,2449.15,-0.65,backfill
2026-01-21,FBT,2397.74,-51.41,backfill
2026-01-22,FBT,2405.33,7.59,backfill
2026-01-23,FBT,2418.13,12.8,backfill
2026-01-26,FBT,2431.88,13.75,backfill
2026-01-27,FBT,2430.88,-1,backfill
2026-01-28,FBT,2439.98,9.1,backfill
2026-01-29,FBT,2423.3,-16.68,backfill
2026-01-30,FBT,2417.77,-5.53,backfill
2026-02-02,FBT,2394.14,-23.63,backfill
2026-02-03,FBT,2400.1,5.96,backfill
2026-02-05,FBT,2391.6,-8.5,backfill
2026-02-06,FBT,2383.41,-8.19,backfill
2026-02-09,FBT,2400.32,16.91,backfill
2026-02-10,FBT,2386.77,-13.55,backfill
2026-02-11,FBT,2377.1,-9.67,backfill
2026-02-12,FBT,2389.22,12.12,backfill
2026-02-13,FBT,2390.86,1.64,backfill
2026-02-16,FBT,2376.65,-14.21,backfill
2026-02-17,FBT,2386.33,9.68,backfill
2026-02-18,FBT,2379.9,-6.43,backfill
2026-02-19,FBT,2376.65,-3.25,backfill
2026-02-20,FBT,2364.47,-12.18,backfill
2026-02-23,FBT,2369.6,5.13,backfill
2026-02-24,FBT,2355.5,-14.1,backfill
2026-02-25,FBT,2355,-0.5,backfill
2026-02-26,FBT,2366.43,11.43,backfill
2026-02-27,FBT,2379.38,12.95,backfill
2026-03-03,FBT,2259.84,-119.54,backfill
2026-03-04,FBT,2287.94,28.1,backfill
2026-03-05,FBT,2307.02,19.08,backfill
2026-03-06,FBT,2272.42,-34.6,backfill
2026-03-09,FBT,2218.54,-53.88,backfill
2026-03-10,FBT,2266.13,47.59,backfill
2026-03-11,FBT,2250.35,-15.78,backfill
2026-03-12,FBT,2200.73,-49.62,backfill
2026-03-13,FBT,2241.27,40.54,backfill
2026-03-16,FBT,2140.02,-101.25,backfill
2026-03-17,FBT,2093.9,-46.12,backfill
2026-03-18,FBT,2132.73,38.83,backfill
2026-03-19,FBT,2078.09,-54.64,backfill
2026-03-20,FBT,2122.06,43.97,backfill
2026-03-23,FBT,2116.99,-5.07,backfill
2026-03-24,FBT,2161.46,44.47,backfill
2026-03-25,FBT,2249.72,88.26,backfill
2026-03-26,FBT,2181.19,-68.53,backfill
2026-03-27,FBT,2206.79,25.6,backfill
2026-03-30,FBT,2186.81,-19.98,backfill
2026-03-31,FBT,2207.28,20.47,backfill
2026-04-02,FBT,2218.23,10.95,backfill
2026-04-06,FBT,2226.45,8.22,backfill
2026-04-07,FBT,2215.22,-11.23,backfill
2026-04-08,FBT,2298.36,83.14,backfill
2026-04-09,FBT,2291.37,-6.99,backfill
2026-04-10,FBT,2326.69,35.32,backfill
2026-04-15,FBT,2330.43,3.74,backfill
2026-04-16,FBT,2395.74,65.31,backfill
2026-04-17,FBT,2413.67,17.93,backfill
2026-04-20,FBT,2383.65,-30.02,backfill
2026-04-21,FBT,2424.68,41.03,backfill
2026-04-22,FBT,2433.91,9.23,backfill
2026-04-23,FBT,2425.74,-8.17,backfill
2026-04-24,FBT,2421.08,-4.66,backfill
2026-04-27,FBT,2430.56,9.48,backfill
2026-04-28,FBT,2428.97,-1.59,backfill
2026-04-29,FBT,2433.23,4.26,backfill
2026-04-30,FBT,2423,-10.23,backfill
2026-05-04,FBT,2462.87,39.87,backfill
2026-05-05,FBT,2457.16,-5.71,backfill
2026-05-06,FBT,2473.75,16.59,backfill
2026-05-07,FBT,2481.09,7.34,backfill
2026-05-08,FBT,2493.09,12,backfill
2026-05-11,FBT,2490.04,-3.05,backfill
2026-05-12,FBT,2489.56,-0.48,backfill
2026-05-13,FBT,2472.33,-17.23,backfill
2026-05-14,FBT,2467.26,-5.07,backfill
2026-05-15,FBT,2467.13,-0.13,backfill
2026-05-18,FBT,2418.04,-49.09,backfill
2026-05-19,FBT,2408.91,-9.13,backfill
2026-05-20,FBT,2348.87,-60.04,backfill
2026-05-21,FBT,2361.84,12.97,backfill
2026-05-22,FBT,2394.05,32.21,backfill
2026-05-25,FBT,2430.98,36.93,backfill
2026-05-26,FBT,2411.51,-19.47,backfill
2026-05-27,FBT,2426.15,14.64,backfill
2026-05-29,FBT,2422.45,-3.7,backfill
2026-06-01,FBT,2411.83,-10.62,backfill
2026-06-02,FBT,2397.04,-14.79,backfill
2026-06-03,FBT,2375.49,-21.55,backfill
2026-06-04,FBT,2357.01,-18.48,backfill
2026-06-05,FBT,2361.19,4.18,backfill
2026-06-08,FBT,2302.2,-58.99,backfill
2026-06-09,FBT,2328.8,26.6,backfill
2026-06-10,FBT,2312.95,-15.85,backfill
2026-06-11,FBT,2313.5,0.55,backfill
2026-06-12,FBT,2335.96,22.46,backfill
2026-06-15,FBT,2399.52,63.56,backfill
2026-06-16,FBT,2405.09,5.57,backfill
2026-06-17,FBT,2408.21,3.12,backfill
2026-06-18,FBT,2404.86,-3.35,backfill
2026-06-19,FBT,2385.44,-19.42,backfill
2026-06-22,FBT,2399.03,13.59,backfill
2026-06-23,FBT,2387.21,-11.82,backfill
2026-06-24,FBT,2395.68,8.47,backfill
2026-06-25,FBT,2395.31,-0.37,backfill
2026-06-26,FBT,2389.78,-5.53,backfill
2026-06-30,FBT,2377.91,-11.87,backfill
2026-07-01,FBT,2390.14,12.23,backfill
2026-07-02,FBT,2368.12,-22.02,backfill
2026-07-03,FBT,2382.98,14.86,backfill
2026-07-06,FBT,2374.69,-8.29,backfill
2026-07-07,FBT,2356.85,-17.84,backfill
2026-07-08,FBT,2343.13,-13.72,backfill
2026-07-09,FBT,2323.18,-19.95,backfill
2026-07-10,FBT,2331.31,8.13,backfill
2026-07-13,FBT,2309.21,-22.1,backfill
2026-07-14,FBT,2299.48,-9.73,backfill
2026-07-15,FBT,2300.83,1.35,backfill
2026-07-16,FBT,2311.21,10.38,backfill
2026-07-17,FBT,2301.46,-9.75,backfill
2026-07-20,FBT,2290.79,-10.67,backfill
2026-07-21,FBT,2297.6,6.81,backfill
2026-07-22,FBT,2293.67,-3.93,backfill
2026-07-23,FBT,2301.41,7.74,backfill
2026-07-24,FBT,2288.81,-12.6,backfill
2026-07-27,FBT,2279.71,-9.1,backfill
2026-07-28,FBT,2297.48,17.77,backfill
2026-07-30,FBT,2278.07,-19.41,backfill
2026-07-31,FBT,2289.31,11.24,backfill
2026-08-03,FBT,2282.58,-6.73,backfill
2026-08-04,FBT,2285.78,3.2,backfill
2026-08-05,FBT,2300.92,15.14,backfill
2026-08-06,FBT,2301.9,0.98,backfill
2026-08-07,FBT,2314.81,12.91,backfill
2026-08-10,FBT,2317.89,3.08,backfill
2026-08-11,FBT,2320.66,2.77,backfill
2026-08-12,FBT,2318.21,-2.45,backfill
2026-08-13,FBT,2327.69,9.48,backfill
2026-08-14,FBT,2338.44,10.75,backfill
2026-08-17,FBT,2317.16,-21.28,backfill
2026-08-18,FBT,2317.44,0.28,backfill
2026-08-19,FBT,2318.03,0.59,backfill
2026-08-20,FBT,2309.6,-8.43,backfill
2026-08-21,FBT,2308.87,-0.73,backfill
2026-08-24,FBT,2283.72,-25.15,backfill
2026-08-25,FBT,2291.53,7.81,backfill
2026-08-28,FBT,2284.58,-6.95,backfill
2026-08-31,FBT,2297.8,13.22,backfill
2026-09-01,FBT,2319.8,22,backfill
2026-09-02,FBT,2291.74,-28.06,backfill
2026-09-03,FBT,2301.06,9.32,backfill
2026-09-04,FBT,2329.91,28.85,backfill
2026-09-07,FBT,2307.89,-22.02,backfill
2026-09-08,FBT,2314.27,6.38,backfill
2026-09-09,FBT,2304,-10.27,backfill
2026-09-10,FBT,2308.96,4.96,backfill
2026-09-11,FBT,2304.1,-4.86,backfill
2026-09-14,FBT,2289.88,-14.22,backfill
2026-09-15,FBT,2280.16,-9.72,backfill
2026-09-16,FBT,2281.79,1.63,backfill
2026-09-17,FBT,2268.15,-13.64,backfill
2026-09-18,FBT,2280.75,12.6,backfill
2026-09-21,FBT,2275.14,-5.61,backfill
2026-09-22,FBT,2285.97,10.83,backfill
2026-09-23,FBT,2278.7,-7.27,backfill
2026-09-24,FBT,2279.56,0.86,backfill
2026-09-25,FBT,2278.41,-1.15,backfill
2026-09-28,FBT,2255.44,-22.97,backfill
2026-09-29,FBT,2262.85,7.41,backfill
2026-09-30,FBT,2261.4,-1.45,backfill
2026-10-01,FBT,2270.18,8.78,backfill
2025-10-07,HPP,1493.44,,backfill
2025-10-08,HPP,1487.63,-5.81,backfill
2025-10-09,HPP,1517.86,30.23,backfill
2025-10-10,HPP,1481.82,-36.04,backfill
2025-10-13,HPP,1470.2,-11.62,backfill
2025-10-14,HPP,1464.39,-5.81,backfill
2025-10-15,HPP,1487.63,23.24,backfill
2025-10-16,HPP,1493.44,5.81,backfill
2025-10-17,HPP,1627.9,134.46,backfill
2025-10-21,HPP,1621.3,-6.6,backfill
2025-10-22,HPP,1702.64,81.34,backfill
2025-10-23,HPP,1702.66,0.02,backfill
2025-10-24,HPP,1667.76,-34.9,backfill
2025-10-27,HPP,1673.57,5.81,backfill
2025-10-28,HPP,1829.25,155.68,backfill
2025-10-29,HPP,1792.13,-37.12,backfill
2025-10-30,HPP,1731.67,-60.46,backfill
2025-10-31,HPP,1792.13,60.46,backfill
2025-11-03,HPP,1757.27,-34.86,backfill
2025-11-04,HPP,1739.84,-17.43,backfill
2025-11-06,HPP,1725.93,-13.91,backfill
2025-11-07,HPP,1632.89,-93.04,backfill
2025-11-10,HPP,1592.22,-40.67,backfill
2025-11-11,HPP,1626.92,34.7,backfill
2025-11-12,HPP,1623.63,-3.29,backfill
2025-11-13,HPP,1615.5,-8.13,backfill
2025-11-14,HPP,1516.69,-98.81,backfill
2025-11-17,HPP,1598.07,81.38,backfill
2025-11-18,HPP,1510.88,-87.19,backfill
2025-11-19,HPP,1522.5,11.62,backfill
2025-11-20,HPP,1499.25,-23.25,backfill
2025-11-21,HPP,1571.34,72.09,backfill
2025-11-24,HPP,1533.75,-37.59,backfill
2025-11-25,HPP,1493.44,-40.31,backfill
2025-11-26,HPP,1536.77,43.33,backfill
2025-11-27,HPP,1543.83,7.06,backfill
2025-11-28,HPP,1493.44,-50.39,backfill
2025-12-01,HPP,1446.96,-46.48,backfill
2025-12-02,HPP,1412.1,-34.86,backfill
2025-12-03,HPP,1452.77,40.67,backfill
2025-12-05,HPP,1429.53,-23.24,backfill
2025-12-08,HPP,1441.15,11.62,backfill
2025-12-09,HPP,1534.12,92.97,backfill
2025-12-10,HPP,1505.06,-29.06,backfill
2025-12-11,HPP,1499.25,-5.81,backfill
2025-12-12,HPP,1528.31,29.06,backfill
2025-12-15,HPP,1505.06,-23.25,backfill
2025-12-16,HPP,1516.69,11.63,backfill
2025-12-17,HPP,1493.44,-23.25,backfill
2025-12-18,HPP,1470.2,-23.24,backfill
2025-12-19,HPP,1476.01,5.81,backfill
2025-12-22,HPP,1464.39,-11.62,backfill
2025-12-23,HPP,1529.89,65.5,backfill
2025-12-24,HPP,1452.77,-77.12,backfill
2025-12-26,HPP,1464.39,11.62,backfill
2025-12-29,HPP,1457,-7.39,backfill
2025-12-30,HPP,1464.39,7.39,backfill
2025-12-31,HPP,1535.7,71.31,backfill
2026-01-02,HPP,1553.13,17.43,backfill
2026-01-05,HPP,1522.13,-31,backfill
2026-01-06,HPP,1482.96,-39.17,backfill
2026-01-08,HPP,1464.39,-18.57,backfill
2026-01-09,HPP,1487.5,23.11,backfill
2026-01-12,HPP,1458.58,-28.92,backfill
2026-01-13,HPP,1464.39,5.81,backfill
2026-01-14,HPP,1529.12,64.73,backfill
2026-01-16,HPP,1464.39,-64.73,backfill
2026-01-19,HPP,1524.92,60.53,backfill
2026-01-20,HPP,1515.78,-9.14,backfill
2026-01-21,HPP,1498.67,-17.11,backfill
2026-01-22,HPP,1452.77,-45.9,backfill
2026-01-23,HPP,1446.96,-5.81,backfill
2026-01-26,HPP,1429.53,-17.43,backfill
2026-01-27,HPP,1435.34,5.81,backfill
2026-01-28,HPP,1452.77,17.43,backfill
2026-01-29,HPP,1446.96,-5.81,backfill
2026-01-30,HPP,1435.34,-11.62,backfill
2026-02-02,HPP,1504.9,69.56,backfill
2026-02-03,HPP,1423.72,-81.18,backfill
2026-02-05,HPP,1452.77,29.05,backfill
2026-02-06,HPP,1502.08,49.31,backfill
2026-02-09,HPP,1446.96,-55.12,backfill
2026-02-10,HPP,1423.72,-23.24,backfill
2026-02-11,HPP,1377.24,-46.48,backfill
2026-02-12,HPP,1406.29,29.05,backfill
2026-02-13,HPP,1388.86,-17.43,backfill
2026-02-16,HPP,1406.29,17.43,backfill
2026-02-17,HPP,1400.48,-5.81,backfill
2026-02-18,HPP,1377.24,-23.24,backfill
2026-02-19,HPP,1371.42,-5.82,backfill
2026-02-20,HPP,1419.09,47.67,backfill
2026-02-23,HPP,1383.05,-36.04,backfill
2026-02-24,HPP,1383.05,0,backfill
2026-02-25,HPP,1365.61,-17.44,backfill
2026-02-26,HPP,1387.57,21.96,backfill
2026-02-27,HPP,1437.27,49.7,backfill
2026-03-03,HPP,1355.61,-81.66,backfill
2026-03-04,HPP,1319.13,-36.48,backfill
2026-03-05,HPP,1377.24,58.11,backfill
2026-03-06,HPP,1377.24,0,backfill
2026-03-09,HPP,1294.34,-82.9,backfill
2026-03-10,HPP,1319.13,24.79,backfill
2026-03-11,HPP,1290.08,-29.05,backfill
2026-03-12,HPP,1290.08,0,backfill
2026-03-13,HPP,1290.08,0,backfill
2026-03-16,HPP,1271.22,-18.86,backfill
2026-03-17,HPP,1231.97,-39.25,backfill
2026-03-18,HPP,1249.41,17.44,backfill
2026-03-19,HPP,1237.78,-11.63,backfill
2026-03-20,HPP,1283.9,46.12,backfill
2026-03-23,HPP,1283.74,-0.16,backfill
2026-03-24,HPP,1262.02,-21.72,backfill
2026-03-25,HPP,1341.69,79.67,backfill
2026-03-26,HPP,1291.24,-50.45,backfill
2026-03-27,HPP,1321.01,29.77,backfill
2026-03-30,HPP,1285.28,-35.73,backfill
2026-03-31,HPP,1290.48,5.2,backfill
2026-04-02,HPP,1328.42,37.94,backfill
2026-04-06,HPP,1318.39,-10.03,backfill
2026-04-07,HPP,1309.1,-9.29,backfill
2026-04-08,HPP,1332.92,23.82,backfill
2026-04-09,HPP,1358.78,25.86,backfill
2026-04-10,HPP,1404.39,45.61,backfill
2026-04-15,HPP,1392.48,-11.91,backfill
2026-04-16,HPP,1380.56,-11.92,backfill
2026-04-17,HPP,1476.16,95.6,backfill
2026-04-20,HPP,1452.03,-24.13,backfill
2026-04-21,HPP,1529.44,77.41,backfill
2026-04-22,HPP,1594.95,65.51,backfill
2026-04-23,HPP,1559.22,-35.73,backfill
2026-04-24,HPP,1529.44,-29.78,backfill
2026-04-27,HPP,1535.4,5.96,backfill
2026-04-28,HPP,1577.09,41.69,backfill
2026-04-29,HPP,1535.4,-41.69,backfill
2026-04-30,HPP,1529.44,-5.96,backfill
2026-05-04,HPP,1571.45,42.01,backfill
2026-05-05,HPP,1499.67,-71.78,backfill
2026-05-06,HPP,1481.8,-17.87,backfill
2026-05-07,HPP,1493.71,11.91,backfill
2026-05-08,HPP,1487.76,-5.95,backfill
2026-05-11,HPP,1529.44,41.68,backfill
2026-05-12,HPP,1517.53,-11.91,backfill
2026-05-13,HPP,1536.85,19.32,backfill
2026-05-14,HPP,1542.05,5.2,backfill
2026-05-15,HPP,1535.71,-6.34,backfill
2026-05-18,HPP,1485.29,-50.42,backfill
2026-05-19,HPP,1533.07,47.78,backfill
2026-05-20,HPP,1480.98,-52.09,backfill
2026-05-21,HPP,1491.25,10.27,backfill
2026-05-22,HPP,1503.16,11.91,backfill
2026-05-25,HPP,1509.11,5.95,backfill
2026-05-26,HPP,1491.29,-17.82,backfill
2026-05-27,HPP,1479.34,-11.95,backfill
2026-05-29,HPP,1461.29,-18.05,backfill
2026-06-01,HPP,1503.16,41.87,backfill
2026-06-02,HPP,1492.93,-10.23,backfill
2026-06-03,HPP,1441.57,-51.36,backfill
2026-06-04,HPP,1431.7,-9.87,backfill
2026-06-05,HPP,1477.3,45.6,backfill
2026-06-08,HPP,1407.87,-69.43,backfill
2026-06-09,HPP,1431.7,23.83,backfill
2026-06-10,HPP,1455.52,23.82,backfill
2026-06-11,HPP,1390.01,-65.51,backfill
2026-06-12,HPP,1415.94,25.93,backfill
2026-06-15,HPP,1451.31,35.37,backfill
2026-06-16,HPP,1478.81,27.5,backfill
2026-06-17,HPP,1454.09,-24.72,backfill
2026-06-18,HPP,1441.98,-12.11,backfill
2026-06-19,HPP,1439.74,-2.24,backfill
2026-06-22,HPP,1450.88,11.14,backfill
2026-06-23,HPP,1436.08,-14.8,backfill
2026-06-24,HPP,1436.08,0,backfill
2026-06-25,HPP,1443.46,7.38,backfill
2026-06-26,HPP,1436.08,-7.38,backfill
2026-06-30,HPP,1441.6,5.52,backfill
2026-07-01,HPP,1442.04,0.44,backfill
2026-07-02,HPP,1412.39,-29.65,backfill
2026-07-03,HPP,1443.45,31.06,backfill
2026-07-06,HPP,1401.22,-42.23,backfill
2026-07-07,HPP,1410.34,9.12,backfill
2026-07-08,HPP,1394.39,-15.95,backfill
2026-07-09,HPP,1419.64,25.25,backfill
2026-07-10,HPP,1414.06,-5.58,backfill
2026-07-13,HPP,1406.3,-7.76,backfill
2026-07-14,HPP,1436.08,29.78,backfill
2026-07-15,HPP,1457.23,21.15,backfill
2026-07-16,HPP,1419.62,-37.61,backfill
2026-07-17,HPP,1390.62,-29,backfill
2026-07-20,HPP,1414.06,23.44,backfill
2026-07-21,HPP,1414.06,0,backfill
2026-07-22,HPP,1385.76,-28.3,backfill
2026-07-23,HPP,1358.66,-27.1,backfill
2026-07-24,HPP,1367.02,8.36,backfill
2026-07-27,HPP,1382.48,15.46,backfill
2026-07-28,HPP,1382.48,0,backfill
2026-07-30,HPP,1406.3,23.82,backfill
2026-07-31,HPP,1406.3,0,backfill
2026-08-03,HPP,1388.44,-17.86,backfill
2026-08-04,HPP,1382.48,-5.96,backfill
2026-08-05,HPP,1406.3,23.82,backfill
2026-08-06,HPP,1358.66,-47.64,backfill
2026-08-07,HPP,1349.49,-9.17,backfill
2026-08-10,HPP,1399.14,49.65,backfill
2026-08-11,HPP,1376.47,-22.67,backfill
2026-08-12,HPP,1388.44,11.97,backfill
2026-08-13,HPP,1420.66,32.22,backfill
2026-08-14,HPP,1396.57,-24.09,backfill
2026-08-17,HPP,1430.13,33.56,backfill
2026-08-18,HPP,1418.22,-11.91,backfill
2026-08-19,HPP,1370.57,-47.65,backfill
2026-08-20,HPP,1344.87,-25.7,backfill
2026-08-21,HPP,1340.8,-4.07,backfill
2026-08-24,HPP,1350.77,9.97,backfill
2026-08-25,HPP,1328.83,-21.94,backfill
2026-08-28,HPP,1330.69,1.86,backfill
2026-08-31,HPP,1359.53,28.84,backfill
2026-09-01,HPP,1359.99,0.46,backfill
2026-09-02,HPP,1353.58,-6.41,backfill
2026-09-03,HPP,1382.48,28.9,backfill
2026-09-04,HPP,1357.21,-25.27,backfill
2026-09-07,HPP,1382.48,25.27,backfill
2026-09-08,HPP,1346.75,-35.73,backfill
2026-09-09,HPP,1401.06,54.31,backfill
2026-09-10,HPP,1412.26,11.2,backfill
2026-09-11,HPP,1404.39,-7.87,backfill
2026-09-14,HPP,1386.13,-18.26,backfill
2026-09-15,HPP,1364.62,-21.51,backfill
2026-09-16,HPP,1355.15,-9.47,backfill
2026-09-17,HPP,1349.39,-5.76,backfill
2026-09-18,HPP,1329.36,-20.03,backfill
2026-09-21,HPP,1332.92,3.56,backfill
2026-09-22,HPP,1338.88,5.96,backfill
2026-09-23,HPP,1340.8,1.92,backfill
2026-09-24,HPP,1352.71,11.91,backfill
2026-09-25,HPP,1330.03,-22.68,backfill
2026-09-28,HPP,1309.12,-20.91,backfill
2026-09-29,HPP,1299.11,-10.01,backfill
2026-09-30,HPP,1303.17,4.06,backfill
2026-10-01,HPP,1316.98,13.81,backfill
2025-10-07,HES,1627.41,,backfill
2025-10-08,HES,1622.13,-5.28,backfill
2025-10-09,HES,1617.85,-4.28,backfill
2025-10-10,HES,1605.46,-12.39,backfill
2025-10-13,HES,1619.94,14.48,backfill
2025-10-14,HES,1638.24,18.3,backfill
2025-10-15,HES,1639.17,0.93,backfill
2025-10-16,HES,1637.2,-1.97,backfill
2025-10-17,HES,1616.74,-20.46,backfill
2025-10-21,HES,1630.98,14.24,backfill
2025-10-22,HES,1630.39,-0.59,backfill
2025-10-23,HES,1630.22,-0.17,backfill
2025-10-24,HES,1669.61,39.39,backfill
2025-10-27,HES,1784,114.39,backfill
2025-10-28,HES,1768.73,-15.27,backfill
2025-10-29,HES,1829.25,60.52,backfill
2025-10-30,HES,1844.22,14.97,backfill
2025-10-31,HES,1840.09,-4.13,backfill
2025-11-03,HES,1818.69,-21.4,backfill
2025-11-04,HES,1799.3,-19.39,backfill
2025-11-06,HES,1781.08,-18.22,backfill
2025-11-07,HES,1783.41,2.33,backfill
2025-11-10,HES,1780.52,-2.89,backfill
2025-11-11,HES,1792.65,12.13,backfill
2025-11-12,HES,1791.15,-1.5,backfill
2025-11-13,HES,1774.44,-16.71,backfill
2025-11-14,HES,1742.25,-32.19,backfill
2025-11-17,HES,1756,13.75,backfill
2025-11-18,HES,1720.89,-35.11,backfill
2025-11-19,HES,1745.34,24.45,backfill
2025-11-20,HES,1742.66,-2.68,backfill
2025-11-21,HES,1737.82,-4.84,backfill
2025-11-24,HES,1700.62,-37.2,backfill
2025-11-25,HES,1709.19,8.57,backfill
2025-11-26,HES,1701.77,-7.42,backfill
2025-11-27,HES,1703.71,1.94,backfill
2025-11-28,HES,1685.97,-17.74,backfill
2025-12-01,HES,1679.16,-6.81,backfill
2025-12-02,HES,1702.88,23.72,backfill
2025-12-03,HES,1668.38,-34.5,backfill
2025-12-05,HES,1669.72,1.34,backfill
2025-12-08,HES,1637.54,-32.18,backfill
2025-12-09,HES,1690.95,53.41,backfill
2025-12-10,HES,1707.12,16.17,backfill
2025-12-11,HES,1682.86,-24.26,backfill
2025-12-12,HES,1679.14,-3.72,backfill
2025-12-15,HES,1689.93,10.79,backfill
2025-12-16,HES,1687.77,-2.16,backfill
2025-12-17,HES,1672.22,-15.55,backfill
2025-12-18,HES,1682.02,9.8,backfill
2025-12-19,HES,1665.13,-16.89,backfill
2025-12-22,HES,1652.94,-12.19,backfill
2025-12-23,HES,1649.42,-3.52,backfill
2025-12-24,HES,1661.09,11.67,backfill
2025-12-26,HES,1665.55,4.46,backfill
2025-12-29,HES,1646.26,-19.29,backfill
2025-12-30,HES,1650.77,4.51,backfill
2025-12-31,HES,1682.64,31.87,backfill
2026-01-02,HES,1682.34,-0.3,backfill
2026-01-05,HES,1703.52,21.18,backfill
2026-01-06,HES,1703.77,0.25,backfill
2026-01-08,HES,1785.84,82.07,backfill
2026-01-09,HES,1747.42,-38.42,backfill
2026-01-12,HES,1778.7,31.28,backfill
2026-01-13,HES,1773.85,-4.85,backfill
2026-01-14,HES,1799.57,25.72,backfill
2026-01-16,HES,1789.16,-10.41,backfill
2026-01-19,HES,1801.23,12.07,backfill
2026-01-20,HES,1806.48,5.25,backfill
2026-01-21,HES,1849.15,42.67,backfill
2026-01-22,HES,1849.55,0.4,backfill
2026-01-23,HES,1819.4,-30.15,backfill
2026-01-26,HES,1838.64,19.24,backfill
2026-01-27,HES,1934.59,95.95,backfill
2026-01-28,HES,1922.37,-12.22,backfill
2026-01-29,HES,1930.69,8.32,backfill
2026-01-30,HES,1895.31,-35.38,backfill
2026-02-02,HES,1965.88,70.57,backfill
2026-02-03,HES,1971.86,5.98,backfill
2026-02-05,HES,1958.98,-12.88,backfill
2026-02-06,HES,1965.54,6.56,backfill
2026-02-09,HES,1985.06,19.52,backfill
2026-02-10,HES,1972.91,-12.15,backfill
2026-02-11,HES,1997.91,25,backfill
2026-02-12,HES,1999.74,1.83,backfill
2026-02-13,HES,1984.09,-15.65,backfill
2026-02-16,HES,1956.03,-28.06,backfill
2026-02-17,HES,1959.88,3.85,backfill
2026-02-18,HES,1970.51,10.63,backfill
2026-02-19,HES,1966.27,-4.24,backfill
2026-02-20,HES,1953.68,-12.59,backfill
2026-02-23,HES,1967.36,13.68,backfill
2026-02-24,HES,1961.36,-6,backfill
2026-02-25,HES,1949.98,-11.38,backfill
2026-02-26,HES,1982.79,32.81,backfill
2026-02-27,HES,1968.95,-13.84,backfill
2026-03-03,HES,1844.49,-124.46,backfill
2026-03-04,HES,1874.59,30.1,backfill
2026-03-05,HES,1861.98,-12.61,backfill
2026-03-06,HES,1824.63,-37.35,backfill
2026-03-09,HES,1747.18,-77.45,backfill
2026-03-10,HES,1783.21,36.03,backfill
2026-03-11,HES,1901.77,118.56,backfill
2026-03-12,HES,1854.04,-47.73,backfill
2026-03-13,HES,1821.84,-32.2,backfill
2026-03-16,HES,1762.68,-59.16,backfill
2026-03-17,HES,1668.02,-94.66,backfill
2026-03-18,HES,1719.08,51.06,backfill
2026-03-19,HES,1701.26,-17.82,backfill
2026-03-20,HES,1739.9,38.64,backfill
2026-03-23,HES,1691.57,-48.33,backfill
2026-03-24,HES,1732.39,40.82,backfill
2026-03-25,HES,1781.11,48.72,backfill
2026-03-26,HES,1740.93,-40.18,backfill
2026-03-27,HES,1728.05,-12.88,backfill
2026-03-30,HES,1691.94,-36.11,backfill
2026-03-31,HES,1718.18,26.24,backfill
2026-04-02,HES,1695.76,-22.42,backfill
2026-04-06,HES,1756.14,60.38,backfill
2026-04-07,HES,1732.16,-23.98,backfill
2026-04-08,HES,1790.4,58.24,backfill
2026-04-09,HES,1803.21,12.81,backfill
2026-04-10,HES,1814.42,11.21,backfill
2026-04-15,HES,1860.39,45.97,backfill
2026-04-16,HES,1987.14,126.75,backfill
2026-04-17,HES,2010.35,23.21,backfill
2026-04-20,HES,2083.59,73.24,backfill
2026-04-21,HES,2140.82,57.23,backfill
2026-04-22,HES,2123.13,-17.69,backfill
2026-04-23,HES,2168.71,45.58,backfill
2026-04-24,HES,2135.08,-33.63,backfill
2026-04-27,HES,2093.14,-41.94,backfill
2026-04-28,HES,2063.11,-30.03,backfill
2026-04-29,HES,2135.56,72.45,backfill
2026-04-30,HES,2117.01,-18.55,backfill
2026-05-04,HES,2186.81,69.8,backfill
2026-05-05,HES,2153.73,-33.08,backfill
2026-05-06,HES,2200.13,46.4,backfill
2026-05-07,HES,2232.81,32.68,backfill
2026-05-08,HES,2219.77,-13.04,backfill
2026-05-11,HES,2197.54,-22.23,backfill
2026-05-12,HES,2153.34,-44.2,backfill
2026-05-13,HES,2171.65,18.31,backfill
2026-05-14,HES,2149.97,-21.68,backfill
2026-05-15,HES,2150.62,0.65,backfill
2026-05-18,HES,2005.22,-145.4,backfill
2026-05-19,HES,1999.95,-5.27,backfill
2026-05-20,HES,1911.52,-88.43,backfill
2026-05-21,HES,1974.63,63.11,backfill
2026-05-22,HES,1946.81,-27.82,backfill
2026-05-25,HES,2030.59,83.78,backfill
2026-05-26,HES,1965.25,-65.34,backfill
2026-05-27,HES,1968.15,2.9,backfill
2026-05-29,HES,1962.42,-5.73,backfill
2026-06-01,HES,1945.78,-16.64,backfill
2026-06-02,HES,1926.11,-19.67,backfill
2026-06-03,HES,1885.24,-40.87,backfill
2026-06-04,HES,1883.66,-1.58,backfill
2026-06-05,HES,1861.13,-22.53,backfill
2026-06-08,HES,1826.29,-34.84,backfill
2026-06-09,HES,1853.07,26.78,backfill
2026-06-10,HES,1862.02,8.95,backfill
2026-06-11,HES,1810.59,-51.43,backfill
2026-06-12,HES,1877.87,67.28,backfill
2026-06-15,HES,2025.86,147.99,backfill
2026-06-16,HES,2004.85,-21.01,backfill
2026-06-17,HES,1985.54,-19.31,backfill
2026-06-18,HES,2004.02,18.48,backfill
2026-06-19,HES,2001.9,-2.12,backfill
2026-06-22,HES,1967.45,-34.45,backfill
2026-06-23,HES,2013.26,45.81,backfill
2026-06-24,HES,2004.47,-8.79,backfill
2026-06-25,HES,1999.97,-4.5,backfill
2026-06-26,HES,1986.01,-13.96,backfill
2026-06-30,HES,2012.34,26.33,backfill
2026-07-01,HES,2044.54,32.2,backfill
2026-07-02,HES,2068.69,24.15,backfill
2026-07-03,HES,2044.79,-23.9,backfill
2026-07-06,HES,2033.63,-11.16,backfill
2026-07-07,HES,2024.53,-9.1,backfill
2026-07-08,HES,1965.4,-59.13,backfill
2026-07-09,HES,1967.42,2.02,backfill
2026-07-10,HES,1990.52,23.1,backfill
2026-07-13,HES,1928.85,-61.67,backfill
2026-07-14,HES,1915,-13.85,backfill
2026-07-15,HES,1909,-6,backfill
2026-07-16,HES,1894.27,-14.73,backfill
2026-07-17,HES,1899.1,4.83,backfill
2026-07-20,HES,1870.24,-28.86,backfill
2026-07-21,HES,1867.95,-2.29,backfill
2026-07-22,HES,1845.52,-22.43,backfill
2026-07-23,HES,1831.91,-13.61,backfill
2026-07-24,HES,1815.23,-16.68,backfill
2026-07-27,HES,1831.63,16.4,backfill
2026-07-28,HES,1849.66,18.03,backfill
2026-07-30,HES,1828.96,-20.7,backfill
2026-07-31,HES,1841.58,12.62,backfill
2026-08-03,HES,1848.29,6.71,backfill
2026-08-04,HES,1833.72,-14.57,backfill
2026-08-05,HES,1856.97,23.25,backfill
2026-08-06,HES,1838.86,-18.11,backfill
2026-08-07,HES,1892.44,53.58,backfill
2026-08-10,HES,1919.31,26.87,backfill
2026-08-11,HES,1892.84,-26.47,backfill
2026-08-12,HES,1901.32,8.48,backfill
2026-08-13,HES,1888.54,-12.78,backfill
2026-08-14,HES,1906.02,17.48,backfill
2026-08-17,HES,1869.93,-36.09,backfill
2026-08-18,HES,1865.76,-4.17,backfill
2026-08-19,HES,1836.53,-29.23,backfill
2026-08-20,HES,1814.85,-21.68,backfill
2026-08-21,HES,1814.26,-0.59,backfill
2026-08-24,HES,1812.31,-1.95,backfill
2026-08-25,HES,1792.65,-19.66,backfill
2026-08-28,HES,1807.23,14.58,backfill
2026-08-31,HES,1824.23,17,backfill
2026-09-01,HES,1804.18,-20.05,backfill
2026-09-02,HES,1796.05,-8.13,backfill
2026-09-03,HES,1813.33,17.28,backfill
2026-09-04,HES,1836.19,22.86,backfill
2026-09-07,HES,1818.87,-17.32,backfill
2026-09-08,HES,1818.19,-0.68,backfill
2026-09-09,HES,1813.09,-5.1,backfill
2026-09-10,HES,1814.08,0.99,backfill
2026-09-11,HES,1812.92,-1.16,backfill
2026-09-14,HES,1779.21,-33.71,backfill
2026-09-15,HES,1775.01,-4.2,backfill
2026-09-16,HES,1771.92,-3.09,backfill
2026-09-17,HES,1744.05,-27.87,backfill
2026-09-18,HES,1738.06,-5.99,backfill
2026-09-21,HES,1729.73,-8.33,backfill
2026-09-22,HES,1725.82,-3.91,backfill
2026-09-23,HES,1733.84,8.02,backfill
2026-09-24,HES,1739.9,6.06,backfill
2026-09-25,HES,1729.84,-10.06,backfill
2026-09-28,HES,1731.09,1.25,backfill
2026-09-29,HES,1727.37,-3.72,backfill
2026-09-30,HES,1708.64,-18.73,backfill
2026-10-01,HES,1707.84,-0.8,backfill
2025-10-07,BNK,1786.94,,backfill
2025-10-08,BNK,1781.59,-5.35,backfill
2025-10-09,BNK,1797.96,16.37,backfill
2025-10-10,BNK,1807.79,9.83,backfill
2025-10-13,BNK,1800.92,-6.87,backfill
2025-10-14,BNK,1803.93,3.01,backfill
2025-10-15,BNK,1794.38,-9.55,backfill
2025-10-16,BNK,1803.73,9.35,backfill
2025-10-17,BNK,1817.86,14.13,backfill
2025-10-21,BNK,1830.12,12.26,backfill
2025-10-22,BNK,1826.68,-3.44,backfill
2025-10-23,BNK,1822.11,-4.57,backfill
2025-10-24,BNK,1820.67,-1.44,backfill
2025-10-27,BNK,1820.09,-0.58,backfill
2025-10-28,BNK,1810.26,-9.83,backfill
2025-10-29,BNK,1809.92,-0.34,backfill
2025-10-30,BNK,1806.13,-3.79,backfill
2025-10-31,BNK,1807.6,1.47,backfill
2025-11-03,BNK,1809.25,1.65,backfill
2025-11-04,BNK,1806.98,-2.27,backfill
2025-11-06,BNK,1835.68,28.7,backfill
2025-11-07,BNK,1864.77,29.09,backfill
2025-11-10,BNK,1904.78,40.01,backfill
2025-11-11,BNK,1912.95,8.17,backfill
2025-11-12,BNK,1918.92,5.97,backfill
2025-11-13,BNK,1889.79,-29.13,backfill
2025-11-14,BNK,1874.24,-15.55,backfill
2025-11-17,BNK,1870.66,-3.58,backfill
2025-11-18,BNK,1860.15,-10.51,backfill
2025-11-19,BNK,1849.04,-11.11,backfill
2025-11-20,BNK,1859.74,10.7,backfill
2025-11-21,BNK,1853.08,-6.66,backfill
2025-11-24,BNK,1824.53,-28.55,backfill
2025-11-25,BNK,1833.9,9.37,backfill
2025-11-26,BNK,1838.77,4.87,backfill
2025-11-27,BNK,1826.06,-12.71,backfill
2025-11-28,BNK,1827.57,1.51,backfill
2025-12-01,BNK,1766.77,-60.8,backfill
2025-12-02,BNK,1783.46,16.69,backfill
2025-12-03,BNK,1749.5,-33.96,backfill
2025-12-05,BNK,1722.39,-27.11,backfill
2025-12-08,BNK,1715.32,-7.07,backfill
2025-12-09,BNK,1753.22,37.9,backfill
2025-12-10,BNK,1779.77,26.55,backfill
2025-12-11,BNK,1769.54,-10.23,backfill
2025-12-12,BNK,1765.97,-3.57,backfill
2025-12-15,BNK,1750.2,-15.77,backfill
2025-12-16,BNK,1756.48,6.28,backfill
2025-12-17,BNK,1751.63,-4.85,backfill
2025-12-18,BNK,1751.55,-0.08,backfill
2025-12-19,BNK,1752.56,1.01,backfill
2025-12-22,BNK,1741.23,-11.33,backfill
2025-12-23,BNK,1743.04,1.81,backfill
2025-12-24,BNK,1744.56,1.52,backfill
2025-12-26,BNK,1756.93,12.37,backfill
2025-12-29,BNK,1762.2,5.27,backfill
2025-12-30,BNK,1785.03,22.83,backfill
2025-12-31,BNK,1788.36,3.33,backfill
2026-01-02,BNK,1803.28,14.92,backfill
2026-01-05,BNK,1819.3,16.02,backfill
2026-01-06,BNK,1871.41,52.11,backfill
2026-01-08,BNK,1900.9,29.49,backfill
2026-01-09,BNK,1914.55,13.65,backfill
2026-01-12,BNK,1911.8,-2.75,backfill
2026-01-13,BNK,1920.43,8.63,backfill
2026-01-14,BNK,1922.61,2.18,backfill
2026-01-16,BNK,1940.64,18.03,backfill
2026-01-19,BNK,1928.36,-12.28,backfill
2026-01-20,BNK,1934.02,5.66,backfill
2026-01-21,BNK,1940.33,6.31,backfill
2026-01-22,BNK,1952.48,12.15,backfill
2026-01-23,BNK,1960.84,8.36,backfill
2026-01-26,BNK,1955.18,-5.66,backfill
2026-01-27,BNK,1953.22,-1.96,backfill
2026-01-28,BNK,1942.5,-10.72,backfill
2026-01-29,BNK,1947.47,4.97,backfill
2026-01-30,BNK,1937.77,-9.7,backfill
2026-02-02,BNK,1930.1,-7.67,backfill
2026-02-03,BNK,1929.87,-0.23,backfill
2026-02-05,BNK,1931.61,1.74,backfill
2026-02-06,BNK,1940.18,8.57,backfill
2026-02-09,BNK,1944.64,4.46,backfill
2026-02-10,BNK,1944.04,-0.6,backfill
2026-02-11,BNK,1944.86,0.82,backfill
2026-02-12,BNK,1952.2,7.34,backfill
2026-02-13,BNK,1967.82,15.62,backfill
2026-02-16,BNK,2011.14,43.32,backfill
2026-02-17,BNK,2004.96,-6.18,backfill
2026-02-18,BNK,2019.86,14.9,backfill
2026-02-19,BNK,2004.45,-15.41,backfill
2026-02-20,BNK,2006.42,1.97,backfill
2026-02-23,BNK,2009.19,2.77,backfill
2026-02-24,BNK,1995.11,-14.08,backfill
2026-02-25,BNK,1989.7,-5.41,backfill
2026-02-26,BNK,1977.03,-12.67,backfill
2026-02-27,BNK,1954.36,-22.67,backfill
2026-03-03,BNK,1859.13,-95.23,backfill
2026-03-04,BNK,1880.37,21.24,backfill
2026-03-05,BNK,1892.45,12.08,backfill
2026-03-06,BNK,1882.21,-10.24,backfill
2026-03-09,BNK,1813.99,-68.22,backfill
2026-03-10,BNK,1858.08,44.09,backfill
2026-03-11,BNK,1856.34,-1.74,backfill
2026-03-12,BNK,1834.73,-21.61,backfill
2026-03-13,BNK,1806.58,-28.15,backfill
2026-03-16,BNK,1748.03,-58.55,backfill
2026-03-17,BNK,1719.94,-28.09,backfill
2026-03-18,BNK,1726.57,6.63,backfill
2026-03-19,BNK,1693.36,-33.21,backfill
2026-03-20,BNK,1726.41,33.05,backfill
2026-03-23,BNK,1714.89,-11.52,backfill
2026-03-24,BNK,1780.55,65.66,backfill
2026-03-25,BNK,1842.55,62,backfill
2026-03-26,BNK,1814.27,-28.28,backfill
2026-03-27,BNK,1813.13,-1.14,backfill
2026-03-30,BNK,1789.03,-24.1,backfill
2026-03-31,BNK,1779.21,-9.82,backfill
2026-04-02,BNK,1757.42,-21.79,backfill
2026-04-06,BNK,1753.34,-4.08,backfill
2026-04-07,BNK,1730.06,-23.28,backfill
2026-04-08,BNK,1796.8,66.74,backfill
2026-04-09,BNK,1795.38,-1.42,backfill
2026-04-10,BNK,1807.96,12.58,backfill
2026-04-15,BNK,1811.47,3.51,backfill
2026-04-16,BNK,1820.15,8.68,backfill
2026-04-17,BNK,1818.51,-1.64,backfill
2026-04-20,BNK,1802.22,-16.29,backfill
2026-04-21,BNK,1803.63,1.41,backfill
2026-04-22,BNK,1801.89,-1.74,backfill
2026-04-23,BNK,1798.92,-2.97,backfill
2026-04-24,BNK,1798.8,-0.12,backfill
2026-04-27,BNK,1798.96,0.16,backfill
2026-04-28,BNK,1800.83,1.87,backfill
2026-04-29,BNK,1799.54,-1.29,backfill
2026-04-30,BNK,1797.59,-1.95,backfill
2026-05-04,BNK,1807.17,9.58,backfill
2026-05-05,BNK,1800.71,-6.46,backfill
2026-05-06,BNK,1805.47,4.76,backfill
2026-05-07,BNK,1813.65,8.18,backfill
2026-05-08,BNK,1825.25,11.6,backfill
2026-05-11,BNK,1810.29,-14.96,backfill
2026-05-12,BNK,1809.28,-1.01,backfill
2026-05-13,BNK,1802.78,-6.5,backfill
2026-05-14,BNK,1802.59,-0.19,backfill
2026-05-15,BNK,1800.45,-2.14,backfill
2026-05-18,BNK,1773.17,-27.28,backfill
2026-05-19,BNK,1770.01,-3.16,backfill
2026-05-20,BNK,1740.29,-29.72,backfill
2026-05-21,BNK,1737.52,-2.77,backfill
2026-05-22,BNK,1740.42,2.9,backfill
2026-05-25,BNK,1768.94,28.52,backfill
2026-05-26,BNK,1753.27,-15.67,backfill
2026-05-27,BNK,1753.43,0.16,backfill
2026-05-29,BNK,1758.29,4.86,backfill
2026-06-01,BNK,1753.73,-4.56,backfill
2026-06-02,BNK,1751.15,-2.58,backfill
2026-06-03,BNK,1737.52,-13.63,backfill
2026-06-04,BNK,1722.88,-14.64,backfill
2026-06-05,BNK,1723.74,0.86,backfill
2026-06-08,BNK,1709.21,-14.53,backfill
2026-06-09,BNK,1714.15,4.94,backfill
2026-06-10,BNK,1706.4,-7.75,backfill
2026-06-11,BNK,1693.97,-12.43,backfill
2026-06-12,BNK,1722.1,28.13,backfill
2026-06-15,BNK,1779.13,57.03,backfill
2026-06-16,BNK,1775.15,-3.98,backfill
2026-06-17,BNK,1776.08,0.93,backfill
2026-06-18,BNK,1775.25,-0.83,backfill
2026-06-19,BNK,1764.24,-11.01,backfill
2026-06-22,BNK,1764.77,0.53,backfill
2026-06-23,BNK,1765.88,1.11,backfill
2026-06-24,BNK,1759.23,-6.65,backfill
2026-06-25,BNK,1768.03,8.8,backfill
2026-06-26,BNK,1769.05,1.02,backfill
2026-06-30,BNK,1766.03,-3.02,backfill
2026-07-01,BNK,1761.01,-5.02,backfill
2026-07-02,BNK,1761.77,0.76,backfill
2026-07-03,BNK,1758.66,-3.11,backfill
2026-07-06,BNK,1753.06,-5.6,backfill
2026-07-07,BNK,1746.03,-7.03,backfill
2026-07-08,BNK,1735.61,-10.42,backfill
2026-07-09,BNK,1730.6,-5.01,backfill
2026-07-10,BNK,1728.56,-2.04,backfill
2026-07-13,BNK,1715.42,-13.14,backfill
2026-07-14,BNK,1706.6,-8.82,backfill
2026-07-15,BNK,1701.57,-5.03,backfill
2026-07-16,BNK,1699.84,-1.73,backfill
2026-07-17,BNK,1702.09,2.25,backfill
2026-07-20,BNK,1691.44,-10.65,backfill
2026-07-21,BNK,1689.76,-1.68,backfill
2026-07-22,BNK,1693.35,3.59,backfill
2026-07-23,BNK,1697.28,3.93,backfill
2026-07-24,BNK,1693.51,-3.77,backfill
2026-07-27,BNK,1692.5,-1.01,backfill
2026-07-28,BNK,1695.08,2.58,backfill
2026-07-30,BNK,1688.06,-7.02,backfill
2026-07-31,BNK,1684.09,-3.97,backfill
2026-08-03,BNK,1686.82,2.73,backfill
2026-08-04,BNK,1688.64,1.82,backfill
2026-08-05,BNK,1690.33,1.69,backfill
2026-08-06,BNK,1692.25,1.92,backfill
2026-08-07,BNK,1696.6,4.35,backfill
2026-08-10,BNK,1697.26,0.66,backfill
2026-08-11,BNK,1697.68,0.42,backfill
2026-08-12,BNK,1701.83,4.15,backfill
2026-08-13,BNK,1712.8,10.97,backfill
2026-08-14,BNK,1723.77,10.97,backfill
2026-08-17,BNK,1731.15,7.38,backfill
2026-08-18,BNK,1717.14,-14.01,backfill
2026-08-19,BNK,1710.89,-6.25,backfill
2026-08-20,BNK,1713.29,2.4,backfill
2026-08-21,BNK,1714.18,0.89,backfill
2026-08-24,BNK,1707.39,-6.79,backfill
2026-08-25,BNK,1704.08,-3.31,backfill
2026-08-28,BNK,1706.21,2.13,backfill
2026-08-31,BNK,1710.3,4.09,backfill
2026-09-01,BNK,1705.58,-4.72,backfill
2026-09-02,BNK,1704.26,-1.32,backfill
2026-09-03,BNK,1707.12,2.86,backfill
2026-09-04,BNK,1711.67,4.55,backfill
2026-09-07,BNK,1716.43,4.76,backfill
2026-09-08,BNK,1714.94,-1.49,backfill
2026-09-09,BNK,1710.91,-4.03,backfill
2026-09-10,BNK,1709.72,-1.19,backfill
2026-09-11,BNK,1710.54,0.82,backfill
2026-09-14,BNK,1708.41,-2.13,backfill
2026-09-15,BNK,1705.99,-2.42,backfill
2026-09-16,BNK,1702.52,-3.47,backfill
2026-09-17,BNK,1698.31,-4.21,backfill
2026-09-18,BNK,1698.47,0.16,backfill
2026-09-21,BNK,1695.12,-3.35,backfill
2026-09-22,BNK,1701.9,6.78,backfill
2026-09-23,BNK,1704.81,2.91,backfill
2026-09-24,BNK,1703.19,-1.62,backfill
2026-09-25,BNK,1705.39,2.2,backfill
2026-09-28,BNK,1701.27,-4.12,backfill
2026-09-29,BNK,1696.6,-4.67,backfill
2026-09-30,BNK,1694.48,-2.12,backfill
2026-10-01,BNK,1695.64,1.16,backfill
2025-10-07,DF,4215.42,,backfill
2025-10-08,DF,4220.16,4.74,backfill
2025-10-09,DF,4268.52,48.36,backfill
2025-10-10,DF,4283.42,14.9,backfill
2025-10-13,DF,4300.96,17.54,backfill
2025-10-14,DF,4315.5,14.54,backfill
2025-10-15,DF,4329.73,14.23,backfill
2025-10-16,DF,4375.84,46.11,backfill
2025-10-17,DF,4452.01,76.17,backfill
2025-10-21,DF,4499.08,47.07,backfill
2025-10-22,DF,4501.49,2.41,backfill
2025-10-23,DF,4517.53,16.04,backfill
2025-10-24,DF,4483.71,-33.82,backfill
2025-10-27,DF,4435.19,-48.52,backfill
2025-10-28,DF,4390.71,-44.48,backfill
2025-10-29,DF,4395.19,4.48,backfill
2025-10-30,DF,4380.02,-15.17,backfill
2025-10-31,DF,4408.03,28.01,backfill
2025-11-03,DF,4429.8,21.77,backfill
2025-11-04,DF,4423.19,-6.61,backfill
2025-11-06,DF,4424.62,1.43,backfill
2025-11-07,DF,4475.94,51.32,backfill
2025-11-10,DF,4457.89,-18.05,backfill
2025-11-11,DF,4419.38,-38.51,backfill
2025-11-12,DF,4426.81,7.43,backfill
2025-11-13,DF,4356.1,-70.71,backfill
2025-11-14,DF,4375.64,19.54,backfill
2025-11-17,DF,4361.69,-13.95,backfill
2025-11-18,DF,4316.59,-45.1,backfill
2025-11-19,DF,4316.63,0.04,backfill
2025-11-20,DF,4320.64,4.01,backfill
2025-11-21,DF,4293.37,-27.27,backfill
2025-11-24,DF,4229.04,-64.33,backfill
2025-11-25,DF,4237.56,8.52,backfill
2025-11-26,DF,4243.52,5.96,backfill
2025-11-27,DF,4215.39,-28.13,backfill
2025-11-28,DF,4240.06,24.67,backfill
2025-12-01,DF,4081.49,-158.57,backfill
2025-12-02,DF,4119.82,38.33,backfill
2025-12-03,DF,4029.53,-90.29,backfill
2025-12-05,DF,3961.88,-67.65,backfill
2025-12-08,DF,3935.84,-26.04,backfill
2025-12-09,DF,4015.54,79.7,backfill
2025-12-10,DF,4072.56,57.02,backfill
2025-12-11,DF,4109.92,37.36,backfill
2025-12-12,DF,4088.99,-20.93,backfill
2025-12-15,DF,4076.37,-12.62,backfill
2025-12-16,DF,4072.56,-3.81,backfill
2025-12-17,DF,4110.02,37.46,backfill
2025-12-18,DF,4085.93,-24.09,backfill
2025-12-19,DF,4065.22,-20.71,backfill
2025-12-22,DF,4031.04,-34.18,backfill
2025-12-23,DF,4010.83,-20.21,backfill
2025-12-24,DF,3998.99,-11.84,backfill
2025-12-26,DF,4020.13,21.14,backfill
2025-12-29,DF,3998.67,-21.46,backfill
2025-12-30,DF,4053.58,54.91,backfill
2025-12-31,DF,4110.27,56.69,backfill
2026-01-02,DF,4142.86,32.59,backfill
2026-01-05,DF,4156.02,13.16,backfill
2026-01-06,DF,4203.57,47.55,backfill
2026-01-08,DF,4266.44,62.87,backfill
2026-01-09,DF,4275.07,8.63,backfill
2026-01-12,DF,4255.89,-19.18,backfill
2026-01-13,DF,4237.07,-18.82,backfill
2026-01-14,DF,4257.33,20.26,backfill
2026-01-16,DF,4246.16,-11.17,backfill
2026-01-19,DF,4219.18,-26.98,backfill
2026-01-20,DF,4197.43,-21.75,backfill
2026-01-21,DF,4213.16,15.73,backfill
2026-01-22,DF,4208.09,-5.07,backfill
2026-01-23,DF,4245.73,37.64,backfill
2026-01-26,DF,4278.58,32.85,backfill
2026-01-27,DF,4273.88,-4.7,backfill
2026-01-28,DF,4281.44,7.56,backfill
2026-01-29,DF,4267.46,-13.98,backfill
2026-01-30,DF,4251.82,-15.64,backfill
2026-02-02,DF,4245.52,-6.3,backfill
2026-02-03,DF,4241.68,-3.84,backfill
2026-02-05,DF,4253.64,11.96,backfill
2026-02-06,DF,4263.92,10.28,backfill
2026-02-09,DF,4251.77,-12.15,backfill
2026-02-10,DF,4212.82,-38.95,backfill
2026-02-11,DF,4220.69,7.87,backfill
2026-02-12,DF,4184.7,-35.99,backfill
2026-02-13,DF,4155.29,-29.41,backfill
2026-02-16,DF,4150.8,-4.49,backfill
2026-02-17,DF,4155.52,4.72,backfill
2026-02-18,DF,4149.7,-5.82,backfill
2026-02-19,DF,4145.98,-3.72,backfill
2026-02-20,DF,4117.42,-28.56,backfill
2026-02-23,DF,4118.42,1,backfill
2026-02-24,DF,4117.13,-1.29,backfill
2026-02-25,DF,4126.32,9.19,backfill
2026-02-26,DF,4136.15,9.83,backfill
2026-02-27,DF,4147.13,10.98,backfill
2026-03-03,DF,3880.75,-266.38,backfill
2026-03-04,DF,3930.51,49.76,backfill
2026-03-05,DF,3970.01,39.5,backfill
2026-03-06,DF,3967.91,-2.1,backfill
2026-03-09,DF,3849.28,-118.63,backfill
2026-03-10,DF,3907.91,58.63,backfill
2026-03-11,DF,3896.75,-11.16,backfill
2026-03-12,DF,3840.88,-55.87,backfill
2026-03-13,DF,3797.38,-43.5,backfill
2026-03-16,DF,3656.81,-140.57,backfill
2026-03-17,DF,3537.05,-119.76,backfill
2026-03-18,DF,3588.2,51.15,backfill
2026-03-19,DF,3510.68,-77.52,backfill
2026-03-20,DF,3548.42,37.74,backfill
2026-03-23,DF,3467.38,-81.04,backfill
2026-03-24,DF,3629.86,162.48,backfill
2026-03-25,DF,3749.37,119.51,backfill
2026-03-26,DF,3676.07,-73.3,backfill
2026-03-27,DF,3679.88,3.81,backfill
2026-03-30,DF,3627.12,-52.76,backfill
2026-03-31,DF,3632.86,5.74,backfill
2026-04-02,DF,3608.83,-24.03,backfill
2026-04-06,DF,3669.41,60.58,backfill
2026-04-07,DF,3635.96,-33.45,backfill
2026-04-08,DF,3786.07,150.11,backfill
2026-04-09,DF,3773.78,-12.29,backfill
2026-04-10,DF,3842.37,68.59,backfill
2026-04-15,DF,3871.73,29.36,backfill
2026-04-16,DF,3957.57,85.84,backfill
2026-04-17,DF,4010.97,53.4,backfill
2026-04-20,DF,3954.65,-56.32,backfill
2026-04-21,DF,3969.95,15.3,backfill
2026-04-22,DF,3992.23,22.28,backfill
2026-04-23,DF,3984.27,-7.96,backfill
2026-04-24,DF,3970.67,-13.6,backfill
2026-04-27,DF,3946.43,-24.24,backfill
2026-04-28,DF,3926.28,-20.15,backfill
2026-04-29,DF,3913.65,-12.63,backfill
2026-04-30,DF,3894.15,-19.5,backfill
2026-05-04,DF,3926.89,32.74,backfill
2026-05-05,DF,3895.61,-31.28,backfill
2026-05-06,DF,3940.28,44.67,backfill
2026-05-07,DF,4032.02,91.74,backfill
2026-05-08,DF,4040.71,8.69,backfill
2026-05-11,DF,4035.17,-5.54,backfill
2026-05-12,DF,4054.17,19,backfill
2026-05-13,DF,4034.58,-19.59,backfill
2026-05-14,DF,4018.13,-16.45,backfill
2026-05-15,DF,3994.27,-23.86,backfill
2026-05-18,DF,3863.19,-131.08,backfill
2026-05-19,DF,3854.19,-9,backfill
2026-05-20,DF,3772.92,-81.27,backfill
2026-05-21,DF,3770.62,-2.3,backfill
2026-05-22,DF,3790.33,19.71,backfill
2026-05-25,DF,3860.33,70,backfill
2026-05-26,DF,3820.68,-39.65,backfill
2026-05-27,DF,3809.28,-11.4,backfill
2026-05-29,DF,3820.19,10.91,backfill
2026-06-01,DF,3805.32,-14.87,backfill
2026-06-02,DF,3756,-49.32,backfill
2026-06-03,DF,3739.24,-16.76,backfill
2026-06-04,DF,3710.35,-28.89,backfill
2026-06-05,DF,3710.21,-0.14,backfill
2026-06-08,DF,3639.33,-70.88,backfill
2026-06-09,DF,3658.49,19.16,backfill
2026-06-10,DF,3653.05,-5.44,backfill
2026-06-11,DF,3611.62,-41.43,backfill
2026-06-12,DF,3649.5,37.88,backfill
2026-06-15,DF,3805.37,155.87,backfill
2026-06-16,DF,3780.47,-24.9,backfill
2026-06-17,DF,3777.16,-3.31,backfill
2026-06-18,DF,3781.36,4.2,backfill
2026-06-19,DF,3778.83,-2.53,backfill
2026-06-22,DF,3755.31,-23.52,backfill
2026-06-23,DF,3757.08,1.77,backfill
2026-06-24,DF,3731.73,-25.35,backfill
2026-06-25,DF,3770.15,38.42,backfill
2026-06-26,DF,3782.16,12.01,backfill
2026-06-30,DF,3753.02,-29.14,backfill
2026-07-01,DF,3748.81,-4.21,backfill
2026-07-02,DF,3716.75,-32.06,backfill
2026-07-03,DF,3724.06,7.31,backfill
2026-07-06,DF,3679.91,-44.15,backfill
2026-07-07,DF,3663.78,-16.13,backfill
2026-07-08,DF,3641.77,-22.01,backfill
2026-07-09,DF,3613.32,-28.45,backfill
2026-07-10,DF,3626.96,13.64,backfill
2026-07-13,DF,3578.39,-48.57,backfill
2026-07-14,DF,3553.66,-24.73,backfill
2026-07-15,DF,3549.04,-4.62,backfill
2026-07-16,DF,3551.87,2.83,backfill
2026-07-17,DF,3539.58,-12.29,backfill
2026-07-20,DF,3520.77,-18.81,backfill
2026-07-21,DF,3503.29,-17.48,backfill
2026-07-22,DF,3501.86,-1.43,backfill
2026-07-23,DF,3514.03,12.17,backfill
2026-07-24,DF,3537.07,23.04,backfill
2026-07-27,DF,3532.29,-4.78,backfill
2026-07-28,DF,3524.72,-7.57,backfill
2026-07-30,DF,3514.68,-10.04,backfill
2026-07-31,DF,3502.26,-12.42,backfill
2026-08-03,DF,3497.56,-4.7,backfill
2026-08-04,DF,3496.78,-0.78,backfill
2026-08-05,DF,3513.2,16.42,backfill
2026-08-06,DF,3524.87,11.67,backfill
2026-08-07,DF,3553.45,28.58,backfill
2026-08-10,DF,3556.81,3.36,backfill
2026-08-11,DF,3545.08,-11.73,backfill
2026-08-12,DF,3545.83,0.75,backfill
2026-08-13,DF,3580.59,34.76,backfill
2026-08-14,DF,3579.03,-1.56,backfill
2026-08-17,DF,3537.32,-41.71,backfill
2026-08-18,DF,3519.82,-17.5,backfill
2026-08-19,DF,3500.34,-19.48,backfill
2026-08-20,DF,3497.25,-3.09,backfill
2026-08-21,DF,3498.17,0.92,backfill
2026-08-24,DF,3476.75,-21.42,backfill
2026-08-25,DF,3465.29,-11.46,backfill
2026-08-28,DF,3452.27,-13.02,backfill
2026-08-31,DF,3455.08,2.81,backfill
2026-09-01,DF,3455.94,0.86,backfill
2026-09-02,DF,3443.51,-12.43,backfill
2026-09-03,DF,3434.34,-9.17,backfill
2026-09-04,DF,3462.15,27.81,backfill
2026-09-07,DF,3468,5.85,backfill
2026-09-08,DF,3443.89,-24.11,backfill
2026-09-09,DF,3418.74,-25.15,backfill
2026-09-10,DF,3407.99,-10.75,backfill
2026-09-11,DF,3427.26,19.27,backfill
2026-09-14,DF,3395.65,-31.61,backfill
2026-09-15,DF,3383.93,-11.72,backfill
2026-09-16,DF,3355.99,-27.94,backfill
2026-09-17,DF,3364.36,8.37,backfill
2026-09-18,DF,3351.98,-12.38,backfill
2026-09-21,DF,3326.91,-25.07,backfill
2026-09-22,DF,3338.15,11.24,backfill
2026-09-23,DF,3350.26,12.11,backfill
2026-09-24,DF,3346.65,-3.61,backfill
2026-09-25,DF,3323.34,-23.31,backfill
2026-09-28,DF,3289.66,-33.68,backfill
2026-09-29,DF,3267.82,-21.84,backfill
2026-09-30,DF,3281.91,14.09,backfill
2026-10-01,DF,3274.65,-7.26,backfill
2025-10-07,INS,2544.76,,backfill
2025-10-08,INS,2550.84,6.08,backfill
2025-10-09,INS,2620.84,70,backfill
2025-10-10,INS,2634.97,14.13,backfill
2025-10-13,INS,2625.89,-9.08,backfill
2025-10-14,INS,2616.12,-9.77,backfill
2025-10-15,INS,2652.63,36.51,backfill
2025-10-16,INS,2615.18,-37.45,backfill
2025-10-17,INS,2652.88,37.7,backfill
2025-10-21,INS,2738.52,85.64,backfill
2025-10-22,INS,2742.99,4.47,backfill
2025-10-23,INS,2756.02,13.03,backfill
2025-10-24,INS,2751.32,-4.7,backfill
2025-10-27,INS,2753.28,1.96,backfill
2025-10-28,INS,2770.46,17.18,backfill
2025-10-29,INS,2765.55,-4.91,backfill
2025-10-30,INS,2818.38,52.83,backfill
2025-10-31,INS,2762.85,-55.53,backfill
2025-11-03,INS,2766.83,3.98,backfill
2025-11-04,INS,2773.96,7.13,backfill
2025-11-06,INS,2795.89,21.93,backfill
2025-11-07,INS,2782.88,-13.01,backfill
2025-11-10,INS,2758.14,-24.74,backfill
2025-11-11,INS,2778.66,20.52,backfill
2025-11-12,INS,2769.19,-9.47,backfill
2025-11-13,INS,2735.56,-33.63,backfill
2025-11-14,INS,2736.59,1.03,backfill
2025-11-17,INS,2644.3,-92.29,backfill
2025-11-18,INS,2652.16,7.86,backfill
2025-11-19,INS,2667.86,15.7,backfill
2025-11-20,INS,2686.74,18.88,backfill
2025-11-21,INS,2628.3,-58.44,backfill
2025-11-24,INS,2611.31,-16.99,backfill
2025-11-25,INS,2685.55,74.24,backfill
2025-11-26,INS,2661.98,-23.57,backfill
2025-11-27,INS,2654.33,-7.65,backfill
2025-11-28,INS,2623.25,-31.08,backfill
2025-12-01,INS,2474.86,-148.39,backfill
2025-12-02,INS,2455.22,-19.64,backfill
2025-12-03,INS,2415.98,-39.24,backfill
2025-12-05,INS,2385.12,-30.86,backfill
2025-12-08,INS,2439.23,54.11,backfill
2025-12-09,INS,2451.35,12.12,backfill
2025-12-10,INS,2533.69,82.34,backfill
2025-12-11,INS,2509.61,-24.08,backfill
2025-12-12,INS,2494.42,-15.19,backfill
2025-12-15,INS,2481.25,-13.17,backfill
2025-12-16,INS,2525.3,44.05,backfill
2025-12-17,INS,2518.04,-7.26,backfill
2025-12-18,INS,2530.91,12.87,backfill
2025-12-19,INS,2525.34,-5.57,backfill
2025-12-22,INS,2519.38,-5.96,backfill
2025-12-23,INS,2520.25,0.87,backfill
2025-12-24,INS,2452.54,-67.71,backfill
2025-12-26,INS,2494.77,42.23,backfill
2025-12-29,INS,2440.34,-54.43,backfill
2025-12-30,INS,2503.62,63.28,backfill
2025-12-31,INS,2558.19,54.57,backfill
2026-01-02,INS,2584.52,26.33,backfill
2026-01-05,INS,2546.09,-38.43,backfill
2026-01-06,INS,2555.84,9.75,backfill
2026-01-08,INS,2635.68,79.84,backfill
2026-01-09,INS,2569.5,-66.18,backfill
2026-01-12,INS,2563.12,-6.38,backfill
2026-01-13,INS,2549.85,-13.27,backfill
2026-01-14,INS,2546.72,-3.13,backfill
2026-01-16,INS,2567.67,20.95,backfill
2026-01-19,INS,2551.77,-15.9,backfill
2026-01-20,INS,2560.87,9.1,backfill
2026-01-21,INS,2559.13,-1.74,backfill
2026-01-22,INS,2575.75,16.62,backfill
2026-01-23,INS,2546.25,-29.5,backfill
2026-01-26,INS,2529.78,-16.47,backfill
2026-01-27,INS,2551.51,21.73,backfill
2026-01-28,INS,2598.98,47.47,backfill
2026-01-29,INS,2667.51,68.53,backfill
2026-01-30,INS,2605.72,-61.79,backfill
2026-02-02,INS,2605.44,-0.28,backfill
2026-02-03,INS,2589.15,-16.29,backfill
2026-02-05,INS,2640.56,51.41,backfill
2026-02-06,INS,2615.38,-25.18,backfill
2026-02-09,INS,2599.52,-15.86,backfill
2026-02-10,INS,2597.4,-2.12,backfill
2026-02-11,INS,2596.92,-0.48,backfill
2026-02-12,INS,2649.05,52.13,backfill
2026-02-13,INS,2670.8,21.75,backfill
2026-02-16,INS,2673.99,3.19,backfill
2026-02-17,INS,2671.45,-2.54,backfill
2026-02-18,INS,2707.36,35.91,backfill
2026-02-19,INS,2686.56,-20.8,backfill
2026-02-20,INS,2695.45,8.89,backfill
2026-02-23,INS,2672.47,-22.98,backfill
2026-02-24,INS,2624.27,-48.2,backfill
2026-02-25,INS,2669.33,45.06,backfill
2026-02-26,INS,2716.52,47.19,backfill
2026-02-27,INS,2726.28,9.76,backfill
2026-03-03,INS,2629.9,-96.38,backfill
2026-03-04,INS,2625.6,-4.3,backfill
2026-03-05,INS,2675.47,49.87,backfill
2026-03-06,INS,2695.6,20.13,backfill
2026-03-09,INS,2558.52,-137.08,backfill
2026-03-10,INS,2691.77,133.25,backfill
2026-03-11,INS,2680.48,-11.29,backfill
2026-03-12,INS,2657.4,-23.08,backfill
2026-03-13,INS,2641.2,-16.2,backfill
2026-03-16,INS,2569.66,-71.54,backfill
2026-03-17,INS,2522.74,-46.92,backfill
2026-03-18,INS,2496.11,-26.63,backfill
2026-03-19,INS,2512.78,16.67,backfill
2026-03-20,INS,2562.89,50.11,backfill
2026-03-23,INS,2530.45,-32.44,backfill
2026-03-24,INS,2584.13,53.68,backfill
2026-03-25,INS,2610.4,26.27,backfill
2026-03-26,INS,2612.09,1.69,backfill
2026-03-27,INS,2562.29,-49.8,backfill
2026-03-30,INS,2598.21,35.92,backfill
2026-03-31,INS,2588.86,-9.35,backfill
2026-04-02,INS,2609.3,20.44,backfill
2026-04-06,INS,2606.7,-2.6,backfill
2026-04-07,INS,2614.25,7.55,backfill
2026-04-08,INS,2634.17,19.92,backfill
2026-04-09,INS,2652.69,18.52,backfill
2026-04-10,INS,2703.09,50.4,backfill
2026-04-15,INS,2710.07,6.98,backfill
2026-04-16,INS,2743.02,32.95,backfill
2026-04-17,INS,2762.07,19.05,backfill
2026-04-20,INS,2735.56,-26.51,backfill
2026-04-21,INS,2733.54,-2.02,backfill
2026-04-22,INS,2862.96,129.42,backfill
2026-04-23,INS,2724.4,-138.56,backfill
2026-04-24,INS,2791.3,66.9,backfill
2026-04-27,INS,2804.93,13.63,backfill
2026-04-28,INS,2739.43,-65.5,backfill
2026-04-29,INS,2757.34,17.91,backfill
2026-04-30,INS,2710.49,-46.85,backfill
2026-05-04,INS,2693.72,-16.77,backfill
2026-05-05,INS,2734.79,41.07,backfill
2026-05-06,INS,2770.1,35.31,backfill
2026-05-07,INS,2792.32,22.22,backfill
2026-05-08,INS,2777.91,-14.41,backfill
2026-05-11,INS,2779.82,1.91,backfill
2026-05-12,INS,2731.02,-48.8,backfill
2026-05-13,INS,2714,-17.02,backfill
2026-05-14,INS,2709.15,-4.85,backfill
2026-05-15,INS,2682.19,-26.96,backfill
2026-05-18,INS,2651.49,-30.7,backfill
2026-05-19,INS,2652.52,1.03,backfill
2026-05-20,INS,2533.78,-118.74,backfill
2026-05-21,INS,2589.91,56.13,backfill
2026-05-22,INS,2572.39,-17.52,backfill
2026-05-25,INS,2628.38,55.99,backfill
2026-05-26,INS,2589.94,-38.44,backfill
2026-05-27,INS,2604.07,14.13,backfill
2026-05-29,INS,2614.44,10.37,backfill
2026-06-01,INS,2593.6,-20.84,backfill
2026-06-02,INS,2577.52,-16.08,backfill
2026-06-03,INS,2583.06,5.54,backfill
2026-06-04,INS,2557.41,-25.65,backfill
2026-06-05,INS,2565.28,7.87,backfill
2026-06-08,INS,2489.83,-75.45,backfill
2026-06-09,INS,2535.32,45.49,backfill
2026-06-10,INS,2534.53,-0.79,backfill
2026-06-11,INS,2489.42,-45.11,backfill
2026-06-12,INS,2556.17,66.75,backfill
2026-06-15,INS,2617.48,61.31,backfill
2026-06-16,INS,2595.62,-21.86,backfill
2026-06-17,INS,2620.06,24.44,backfill
2026-06-18,INS,2602.47,-17.59,backfill
2026-06-19,INS,2607.55,5.08,backfill
2026-06-22,INS,2588.08,-19.47,backfill
2026-06-23,INS,2581.81,-6.27,backfill
2026-06-24,INS,2569.63,-12.18,backfill
2026-06-25,INS,2606.88,37.25,backfill
2026-06-26,INS,2608.68,1.8,backfill
2026-06-30,INS,2591.33,-17.35,backfill
2026-07-01,INS,2588.85,-2.48,backfill
2026-07-02,INS,2581.15,-7.7,backfill
2026-07-03,INS,2606.6,25.45,backfill
2026-07-06,INS,2563.7,-42.9,backfill
2026-07-07,INS,2537.02,-26.68,backfill
2026-07-08,INS,2537.81,0.79,backfill
2026-07-09,INS,2549.43,11.62,backfill
2026-07-10,INS,2534,-15.43,backfill
2026-07-13,INS,2509.21,-24.79,backfill
2026-07-14,INS,2503.93,-5.28,backfill
2026-07-15,INS,2492.99,-10.94,backfill
2026-07-16,INS,2490.17,-2.82,backfill
2026-07-17,INS,2486.37,-3.8,backfill
2026-07-20,INS,2443.94,-42.43,backfill
2026-07-21,INS,2418.5,-25.44,backfill
2026-07-22,INS,2408.64,-9.86,backfill
2026-07-23,INS,2429.85,21.21,backfill
2026-07-24,INS,2442.4,12.55,backfill
2026-07-27,INS,2437.09,-5.31,backfill
2026-07-28,INS,2446.79,9.7,backfill
2026-07-30,INS,2431.17,-15.62,backfill
2026-07-31,INS,2423,-8.17,backfill
2026-08-03,INS,2462.12,39.12,backfill
2026-08-04,INS,2433.91,-28.21,backfill
2026-08-05,INS,2435.37,1.46,backfill
2026-08-06,INS,2439.52,4.15,backfill
2026-08-07,INS,2462.43,22.91,backfill
2026-08-10,INS,2444.33,-18.1,backfill
2026-08-11,INS,2459.5,15.17,backfill
2026-08-12,INS,2468.42,8.92,backfill
2026-08-13,INS,2496.45,28.03,backfill
2026-08-14,INS,2506.9,10.45,backfill
2026-08-17,INS,2480.26,-26.64,backfill
2026-08-18,INS,2458.86,-21.4,backfill
2026-08-19,INS,2451.36,-7.5,backfill
2026-08-20,INS,2469.7,18.34,backfill
2026-08-21,INS,2449.45,-20.25,backfill
2026-08-24,INS,2438.5,-10.95,backfill
2026-08-25,INS,2444.28,5.78,backfill
2026-08-28,INS,2439.71,-4.57,backfill
2026-08-31,INS,2428.01,-11.7,backfill
2026-09-01,INS,2537.2,109.19,backfill
2026-09-02,INS,2500.78,-36.42,backfill
2026-09-03,INS,2508.11,7.33,backfill
2026-09-04,INS,2517.36,9.25,backfill
2026-09-07,INS,2516.38,-0.98,backfill
2026-09-08,INS,2447.75,-68.63,backfill
2026-09-09,INS,2435.35,-12.4,backfill
2026-09-10,INS,2435.94,0.59,backfill
2026-09-11,INS,2420.38,-15.56,backfill
2026-09-14,INS,2385.62,-34.76,backfill
2026-09-15,INS,2427.05,41.43,backfill
2026-09-16,INS,2382.41,-44.64,backfill
2026-09-17,INS,2362.12,-20.29,backfill
2026-09-18,INS,2364.82,2.7,backfill
2026-09-21,INS,2367.22,2.4,backfill
2026-09-22,INS,2419.49,52.27,backfill
2026-09-23,INS,2365.83,-53.66,backfill
2026-09-24,INS,2363.44,-2.39,backfill
2026-09-25,INS,2391.28,27.84,backfill
2026-09-28,INS,2358.94,-32.34,backfill
2026-09-29,INS,2337.82,-21.12,backfill
2026-09-30,INS,2334.98,-2.84,backfill
2026-10-01,INS,2347.93,12.95,backfill
2025-10-07,S&S,1011.67,,backfill
2025-10-08,S&S,1011.67,0,backfill
2025-10-09,S&S,1043.89,32.22,backfill
2025-10-10,S&S,1076.94,33.05,backfill
2025-10-13,S&S,1096.83,19.89,backfill
2025-10-14,S&S,1132.91,36.08,backfill
2025-10-15,S&S,1098.39,-34.52,backfill
2025-10-16,S&S,1113.76,15.37,backfill
2025-10-17,S&S,1147.55,33.79,backfill
2025-10-21,S&S,1136.04,-11.51,backfill
2025-10-22,S&S,1164.4,28.36,backfill
2025-10-23,S&S,1235.75,71.35,backfill
2025-10-24,S&S,1219.64,-16.11,backfill
2025-10-27,S&S,1272.57,52.93,backfill
2025-10-28,S&S,1270.09,-2.48,backfill
2025-10-29,S&S,1288.68,18.59,backfill
2025-10-30,S&S,1274.14,-14.54,backfill
2025-10-31,S&S,1272.57,-1.57,backfill
2025-11-03,S&S,1257.2,-15.37,backfill
2025-11-04,S&S,1249.09,-8.11,backfill
2025-11-06,S&S,1287.83,38.74,backfill
2025-11-07,S&S,1289.22,1.39,backfill
2025-11-10,S&S,1328.88,39.66,backfill
2025-11-11,S&S,1320.41,-8.47,backfill
2025-11-12,S&S,1365.24,44.83,backfill
2025-11-13,S&S,1359.07,-6.17,backfill
2025-11-14,S&S,1356.77,-2.3,backfill
2025-11-17,S&S,1377.93,21.16,backfill
2025-11-18,S&S,1334.58,-43.35,backfill
2025-11-19,S&S,1354.91,20.33,backfill
2025-11-20,S&S,1357.86,2.95,backfill
2025-11-21,S&S,1325.64,-32.22,backfill
2025-11-24,S&S,1286.42,-39.22,backfill
2025-11-25,S&S,1311,24.58,backfill
2025-11-26,S&S,1292.68,-18.32,backfill
2025-11-27,S&S,1285.69,-6.99,backfill
2025-11-28,S&S,1289.55,3.86,backfill
2025-12-01,S&S,1230.27,-59.28,backfill
2025-12-02,S&S,1211.12,-19.15,backfill
2025-12-03,S&S,1184.98,-26.14,backfill
2025-12-05,S&S,1173.47,-11.51,backfill
2025-12-08,S&S,1141.98,-31.49,backfill
2025-12-09,S&S,1227.32,85.34,backfill
2025-12-10,S&S,1219.5,-7.82,backfill
2025-12-11,S&S,1207.99,-11.51,backfill
2025-12-12,S&S,1192.62,-15.37,backfill
2025-12-15,S&S,1158.83,-33.79,backfill
2025-12-16,S&S,1140.51,-18.32,backfill
2025-12-17,S&S,1172.73,32.22,backfill
2025-12-18,S&S,1166.65,-6.08,backfill
2025-12-19,S&S,1171.26,4.61,backfill
2025-12-22,S&S,1147.32,-23.94,backfill
2025-12-23,S&S,1160.4,13.08,backfill
2025-12-24,S&S,1145.2,-15.2,backfill
2025-12-26,S&S,1143.64,-1.56,backfill
2025-12-29,S&S,1145.85,2.21,backfill
2025-12-30,S&S,1175.03,29.18,backfill
2025-12-31,S&S,1186.63,11.6,backfill
2026-01-02,S&S,1211.3,24.67,backfill
2026-01-05,S&S,1200.53,-10.77,backfill
2026-01-06,S&S,1259.16,58.63,backfill
2026-01-08,S&S,1295.05,35.89,backfill
2026-01-09,S&S,1288.23,-6.82,backfill
2026-01-12,S&S,1278.85,-9.38,backfill
2026-01-13,S&S,1267.43,-11.42,backfill
2026-01-14,S&S,1255.74,-11.69,backfill
2026-01-16,S&S,1275.63,19.89,backfill
2026-01-19,S&S,1253.35,-22.28,backfill
2026-01-20,S&S,1260.26,6.91,backfill
2026-01-21,S&S,1251.79,-8.47,backfill
2026-01-22,S&S,1247.18,-4.61,backfill
2026-01-23,S&S,1294.22,47.04,backfill
2026-01-26,S&S,1377.52,83.3,backfill
2026-01-27,S&S,1366.11,-11.41,backfill
2026-01-28,S&S,1312.9,-53.21,backfill
2026-01-29,S&S,1305.82,-7.08,backfill
2026-01-30,S&S,1279.85,-25.97,backfill
2026-02-02,S&S,1283.63,3.78,backfill
2026-02-03,S&S,1273.6,-10.03,backfill
2026-02-05,S&S,1278.38,4.78,backfill
2026-02-06,S&S,1274.42,-3.96,backfill
2026-02-09,S&S,1251.32,-23.1,backfill
2026-02-10,S&S,1236.59,-14.73,backfill
2026-02-11,S&S,1241.2,4.61,backfill
2026-02-12,S&S,1226.56,-14.64,backfill
2026-02-13,S&S,1227.3,0.74,backfill
2026-02-16,S&S,1228.03,0.73,backfill
2026-02-17,S&S,1202.63,-25.4,backfill
2026-02-18,S&S,1200.97,-1.66,backfill
2026-02-19,S&S,1196.37,-4.6,backfill
2026-02-20,S&S,1204.75,8.38,backfill
2026-02-23,S&S,1210.92,6.17,backfill
2026-02-24,S&S,1212.84,1.92,backfill
2026-02-25,S&S,1254.24,41.4,backfill
2026-02-26,S&S,1254.15,-0.09,backfill
2026-02-27,S&S,1268.5,14.35,backfill
2026-03-03,S&S,1164.86,-103.64,backfill
2026-03-04,S&S,1176.64,11.78,backfill
2026-03-05,S&S,1283.34,106.7,backfill
2026-03-06,S&S,1222.49,-60.85,backfill
2026-03-09,S&S,1156.3,-66.19,backfill
2026-03-10,S&S,1167.81,11.51,backfill
2026-03-11,S&S,1165.42,-2.39,backfill
2026-03-12,S&S,1144.62,-20.8,backfill
2026-03-13,S&S,1113.69,-30.93,backfill
2026-03-16,S&S,1077.43,-36.26,backfill
2026-03-17,S&S,1043.37,-34.06,backfill
2026-03-18,S&S,1079.08,35.71,backfill
2026-03-19,S&S,1057.27,-21.81,backfill
2026-03-20,S&S,1076.04,18.77,backfill
2026-03-23,S&S,1055.97,-20.07,backfill
2026-03-24,S&S,1085.98,30.01,backfill
2026-03-25,S&S,1120.69,34.71,backfill
2026-03-26,S&S,1085.98,-34.71,backfill
2026-03-27,S&S,1072.17,-13.81,backfill
2026-03-30,S&S,1059.1,-13.07,backfill
2026-03-31,S&S,1048.33,-10.77,backfill
2026-04-02,S&S,1059.93,11.6,backfill
2026-04-06,S&S,1109.92,49.99,backfill
2026-04-07,S&S,1081.56,-28.36,backfill
2026-04-08,S&S,1134.03,52.47,backfill
2026-04-09,S&S,1141.85,7.82,backfill
2026-04-10,S&S,1183.28,41.43,backfill
2026-04-15,S&S,1176.37,-6.91,backfill
2026-04-16,S&S,1198,21.63,backfill
2026-04-17,S&S,1306.87,108.87,backfill
2026-04-20,S&S,1256.7,-50.17,backfill
2026-04-21,S&S,1255.14,-1.56,backfill
2026-04-22,S&S,1256.79,1.65,backfill
2026-04-23,S&S,1242.15,-14.64,backfill
2026-04-24,S&S,1246.2,4.05,backfill
2026-04-27,S&S,1243.07,-3.13,backfill
2026-04-28,S&S,1250.8,7.73,backfill
2026-04-29,S&S,1239.94,-10.86,backfill
2026-04-30,S&S,1219.05,-20.89,backfill
2026-05-04,S&S,1239.85,20.8,backfill
2026-05-05,S&S,1235.9,-3.95,backfill
2026-05-06,S&S,1251.45,15.55,backfill
2026-05-07,S&S,1284.68,33.23,backfill
2026-05-08,S&S,1276.12,-8.56,backfill
2026-05-11,S&S,1267.47,-8.65,backfill
2026-05-12,S&S,1256.14,-11.33,backfill
2026-05-13,S&S,1242.89,-13.25,backfill
2026-05-14,S&S,1234.33,-8.56,backfill
2026-05-15,S&S,1233.6,-0.73,backfill
2026-05-18,S&S,1181.87,-51.73,backfill
2026-05-19,S&S,1192.9,11.03,backfill
2026-05-20,S&S,1149,-43.9,backfill
2026-05-21,S&S,1177.71,28.71,backfill
2026-05-22,S&S,1174.02,-3.69,backfill
2026-05-25,S&S,1177.35,3.33,backfill
2026-05-26,S&S,1144.3,-33.05,backfill
2026-05-27,S&S,1168.24,23.94,backfill
2026-05-29,S&S,1171.27,3.03,backfill
2026-06-01,S&S,1169.71,-1.56,backfill
2026-06-02,S&S,1157.38,-12.33,backfill
2026-06-03,S&S,1139.61,-17.77,backfill
2026-06-04,S&S,1125.62,-13.99,backfill
2026-06-05,S&S,1131.23,5.61,backfill
2026-06-08,S&S,1079.5,-51.73,backfill
2026-06-09,S&S,1100.39,20.89,backfill
2026-06-10,S&S,1088.89,-11.5,backfill
2026-06-11,S&S,1071.77,-17.12,backfill
2026-06-12,S&S,1113.38,41.61,backfill
2026-06-15,S&S,1170.45,57.07,backfill
2026-06-16,S&S,1186.92,16.47,backfill
2026-06-17,S&S,1178.45,-8.47,backfill
2026-06-18,S&S,1189.22,10.77,backfill
2026-06-19,S&S,1164.64,-24.58,backfill
2026-06-22,S&S,1143.01,-21.63,backfill
2026-06-23,S&S,1141.47,-1.54,backfill
2026-06-24,S&S,1136.06,-5.41,backfill
2026-06-25,S&S,1160,23.94,backfill
2026-06-26,S&S,1171.59,11.59,backfill
2026-06-30,S&S,1163.86,-7.73,backfill
2026-07-01,S&S,1169.27,5.41,backfill
2026-07-02,S&S,1153.05,-16.22,backfill
2026-07-03,S&S,1164.64,11.59,backfill
2026-07-06,S&S,1143.01,-21.63,backfill
2026-07-07,S&S,1127.56,-15.45,backfill
2026-07-08,S&S,1103.62,-23.94,backfill
2026-07-09,S&S,1110.58,6.96,backfill
2026-07-10,S&S,1112.12,1.54,backfill
2026-07-13,S&S,1089.72,-22.4,backfill
2026-07-14,S&S,1096.67,6.95,backfill
2026-07-15,S&S,1075.82,-20.85,backfill
2026-07-16,S&S,1083.54,7.72,backfill
2026-07-17,S&S,1083.54,0,backfill
2026-07-20,S&S,1078.14,-5.4,backfill
2026-07-21,S&S,1071.19,-6.95,backfill
2026-07-22,S&S,1085.86,14.67,backfill
2026-07-23,S&S,1097.44,11.58,backfill
2026-07-24,S&S,1091.27,-6.17,backfill
2026-07-27,S&S,1085.09,-6.18,backfill
2026-07-28,S&S,1088.95,3.86,backfill
2026-07-30,S&S,1091.27,2.32,backfill
2026-07-31,S&S,1099.76,8.49,backfill
2026-08-03,S&S,1097.44,-2.32,backfill
2026-08-04,S&S,1098.86,1.42,backfill
2026-08-05,S&S,1082.04,-16.82,backfill
2026-08-06,S&S,1107.74,25.7,backfill
2026-08-07,S&S,1115.77,8.03,backfill
2026-08-10,S&S,1086.04,-29.73,backfill
2026-08-11,S&S,1106.14,20.1,backfill
2026-08-12,S&S,1113.01,6.87,backfill
2026-08-13,S&S,1117.32,4.31,backfill
2026-08-14,S&S,1120.09,2.77,backfill
2026-08-17,S&S,1118.92,-1.17,backfill
2026-08-18,S&S,1086.36,-32.56,backfill
2026-08-19,S&S,1075.59,-10.77,backfill
2026-08-20,S&S,1094.82,19.23,backfill
2026-08-21,S&S,1088.26,-6.56,backfill
2026-08-24,S&S,1081.89,-6.37,backfill
2026-08-25,S&S,1082.24,0.35,backfill
2026-08-28,S&S,1084.37,2.13,backfill
2026-08-31,S&S,1063.67,-20.7,backfill
2026-09-01,S&S,1061.4,-2.27,backfill
2026-09-02,S&S,1065.42,4.02,backfill
2026-09-03,S&S,1059.28,-6.14,backfill
2026-09-04,S&S,1068.33,9.05,backfill
2026-09-07,S&S,1055.03,-13.3,backfill
2026-09-08,S&S,1061.4,6.37,backfill
2026-09-09,S&S,1054.68,-6.72,backfill
2026-09-10,S&S,1050.48,-4.2,backfill
2026-09-11,S&S,1049.22,-1.26,backfill
2026-09-14,S&S,1047.65,-1.57,backfill
2026-09-15,S&S,1041.04,-6.61,backfill
2026-09-16,S&S,1040.54,-0.5,backfill
2026-09-17,S&S,1037.76,-2.78,backfill
2026-09-18,S&S,1029.77,-7.99,backfill
2026-09-21,S&S,1028.21,-1.56,backfill
2026-09-22,S&S,1036.44,8.23,backfill
2026-09-23,S&S,1034.52,-1.92,backfill
2026-09-24,S&S,1029.62,-4.9,backfill
2026-09-25,S&S,1027.5,-2.12,backfill
2026-09-28,S&S,1026.94,-0.56,backfill
2026-09-29,S&S,1021.99,-4.95,backfill
2026-09-30,S&S,1029.81,7.82,backfill
2026-10-01,S&S,1021.84,-7.97,backfill
2025-10-07,TEL,2183.47,,backfill
2025-10-08,TEL,2208.6,25.13,backfill
2025-10-09,TEL,2221.45,12.85,backfill
2025-10-10,TEL,2239.5,18.05,backfill
2025-10-13,TEL,2295.67,56.17,backfill
2025-10-14,TEL,2378.3,82.63,backfill
2025-10-15,TEL,2394.62,16.32,backfill
2025-10-16,TEL,2379.9,-14.72,backfill
2025-10-17,TEL,2384.37,4.47,backfill
2025-10-21,TEL,2359.81,-24.56,backfill
2025-10-22,TEL,2347.97,-11.84,backfill
2025-10-23,TEL,2329.48,-18.49,backfill
2025-10-24,TEL,2355.48,26,backfill
2025-10-27,TEL,2344.06,-11.42,backfill
2025-10-28,TEL,2314.89,-29.17,backfill
2025-10-29,TEL,2351.14,36.25,backfill
2025-10-30,TEL,2350.27,-0.87,backfill
2025-10-31,TEL,2352.44,2.17,backfill
2025-11-03,TEL,2407.31,54.87,backfill
2025-11-04,TEL,2450.19,42.88,backfill
2025-11-06,TEL,2420.59,-29.6,backfill
2025-11-07,TEL,2457.27,36.68,backfill
2025-11-10,TEL,2562.02,104.75,backfill
2025-11-11,TEL,2646.24,84.22,backfill
2025-11-12,TEL,2636.57,-9.67,backfill
2025-11-13,TEL,2608.4,-28.17,backfill
2025-11-14,TEL,2601.76,-6.64,backfill
2025-11-17,TEL,2610.43,8.67,backfill
2025-11-18,TEL,2520.89,-89.54,backfill
2025-11-19,TEL,2499.97,-20.92,backfill
2025-11-20,TEL,2502.7,2.73,backfill
2025-11-21,TEL,2531.01,28.31,backfill
2025-11-24,TEL,2467.16,-63.85,backfill
2025-11-25,TEL,2458.65,-8.51,backfill
2025-11-26,TEL,2454.31,-4.34,backfill
2025-11-27,TEL,2438.43,-15.88,backfill
2025-11-28,TEL,2415.63,-22.8,backfill
2025-12-01,TEL,2330.13,-85.5,backfill
2025-12-02,TEL,2333.3,3.17,backfill
2025-12-03,TEL,2299.36,-33.94,backfill
2025-12-05,TEL,2309.17,9.81,backfill
2025-12-08,TEL,2323.76,14.59,backfill
2025-12-09,TEL,2386.3,62.54,backfill
2025-12-10,TEL,2422.11,35.81,backfill
2025-12-11,TEL,2459.38,37.27,backfill
2025-12-12,TEL,2463.72,4.34,backfill
2025-12-15,TEL,2458.65,-5.07,backfill
2025-12-16,TEL,2460.82,2.17,backfill
2025-12-17,TEL,2455.91,-4.91,backfill
2025-12-18,TEL,2470.93,15.02,backfill
2025-12-19,TEL,2456.92,-14.01,backfill
2025-12-22,TEL,2466.3,9.38,backfill
2025-12-23,TEL,2457.05,-9.25,backfill
2025-12-24,TEL,2442.9,-14.15,backfill
2025-12-26,TEL,2457.35,14.45,backfill
2025-12-29,TEL,2452.15,-5.2,backfill
2025-12-30,TEL,2448.97,-3.18,backfill
2025-12-31,TEL,2463.13,14.16,backfill
2026-01-02,TEL,2476.84,13.71,backfill
2026-01-05,TEL,2477.71,0.87,backfill
2026-01-06,TEL,2539.25,61.54,backfill
2026-01-08,TEL,2567.58,28.33,backfill
2026-01-09,TEL,2562.51,-5.07,backfill
2026-01-12,TEL,2599.48,36.97,backfill
2026-01-13,TEL,2654.65,55.17,backfill
2026-01-14,TEL,2785.04,130.39,backfill
2026-01-16,TEL,2774.5,-10.54,backfill
2026-01-19,TEL,2812.47,37.97,backfill
2026-01-20,TEL,2813.34,0.87,backfill
2026-01-21,TEL,2852.38,39.04,backfill
2026-01-22,TEL,2822.99,-29.39,backfill
2026-01-23,TEL,2819.69,-3.3,backfill
2026-01-26,TEL,2824.59,4.9,backfill
2026-01-27,TEL,2777.29,-47.3,backfill
2026-01-28,TEL,2759.37,-17.92,backfill
2026-01-29,TEL,2779.4,20.03,backfill
2026-01-30,TEL,2802.8,23.4,backfill
2026-02-02,TEL,2757.09,-45.71,backfill
2026-02-03,TEL,2754.92,-2.17,backfill
2026-02-05,TEL,2769.13,14.21,backfill
2026-02-06,TEL,2748.47,-20.66,backfill
2026-02-09,TEL,2789.84,41.37,backfill
2026-02-10,TEL,2739.01,-50.83,backfill
2026-02-11,TEL,2727.3,-11.71,backfill
2026-02-12,TEL,2725.13,-2.17,backfill
2026-02-13,TEL,2721.82,-3.31,backfill
2026-02-16,TEL,2726,4.18,backfill
2026-02-17,TEL,2738.85,12.85,backfill
2026-02-18,TEL,2784.77,45.92,backfill
2026-02-19,TEL,2723.53,-61.24,backfill
2026-02-20,TEL,2718.33,-5.2,backfill
2026-02-23,TEL,2738.25,19.92,backfill
2026-02-24,TEL,2731.75,-6.5,backfill
2026-02-25,TEL,2794.42,62.67,backfill
2026-02-26,TEL,2816.08,21.66,backfill
2026-02-27,TEL,2841.78,25.7,backfill
2026-03-03,TEL,2678.72,-163.06,backfill
2026-03-04,TEL,2740.96,62.24,backfill
2026-03-05,TEL,2777.5,36.54,backfill
2026-03-06,TEL,2775.34,-2.16,backfill
2026-03-09,TEL,2656.76,-118.58,backfill
2026-03-10,TEL,2709.62,52.86,backfill
2026-03-11,TEL,2710.63,1.01,backfill
2026-03-12,TEL,2674.95,-35.68,backfill
2026-03-13,TEL,2614.88,-60.07,backfill
2026-03-16,TEL,2469.6,-145.28,backfill
2026-03-17,TEL,2427.72,-41.88,backfill
2026-03-18,TEL,2469.17,41.45,backfill
2026-03-19,TEL,2385.84,-83.33,backfill
2026-03-20,TEL,2464.26,78.42,backfill
2026-03-23,TEL,2398.42,-65.84,backfill
2026-03-24,TEL,2424.41,25.99,backfill
2026-03-25,TEL,2557,132.59,backfill
2026-03-26,TEL,2534.31,-22.69,backfill
2026-03-27,TEL,2524.5,-9.81,backfill
2026-03-30,TEL,2483.75,-40.75,backfill
2026-03-31,TEL,2504.98,21.23,backfill
2026-04-02,TEL,2516.69,11.71,backfill
2026-04-06,TEL,2514.09,-2.6,backfill
2026-04-07,TEL,2494.87,-19.22,backfill
2026-04-08,TEL,2649.25,154.38,backfill
2026-04-09,TEL,2694.88,45.63,backfill
2026-04-10,TEL,2708.76,13.88,backfill
2026-04-15,TEL,2718.87,10.11,backfill
2026-04-16,TEL,2795.99,77.12,backfill
2026-04-17,TEL,2838.44,42.45,backfill
2026-04-20,TEL,2780.24,-58.2,backfill
2026-04-21,TEL,2797.86,17.62,backfill
2026-04-22,TEL,2789.49,-8.37,backfill
2026-04-23,TEL,2805.94,16.45,backfill
2026-04-24,TEL,2800.17,-5.77,backfill
2026-04-27,TEL,2910.2,110.03,backfill
2026-04-28,TEL,2923.62,13.42,backfill
2026-04-29,TEL,2916.54,-7.08,backfill
2026-04-30,TEL,2891.85,-24.69,backfill
2026-05-04,TEL,2906,14.15,backfill
2026-05-05,TEL,2920.15,14.15,backfill
2026-05-06,TEL,2928.82,8.67,backfill
2026-05-07,TEL,2907.6,-21.22,backfill
2026-05-08,TEL,2916.98,9.38,backfill
2026-05-11,TEL,2918.71,1.73,backfill
2026-05-12,TEL,2917.41,-1.3,backfill
2026-05-13,TEL,2896.75,-20.66,backfill
2026-05-14,TEL,2841.45,-55.3,backfill
2026-05-15,TEL,3018.77,177.32,backfill
2026-05-18,TEL,2961,-57.77,backfill
2026-05-19,TEL,3017.6,56.6,backfill
2026-05-20,TEL,2963.01,-54.59,backfill
2026-05-21,TEL,2979.63,16.62,backfill
2026-05-22,TEL,3006.19,26.56,backfill
2026-05-25,TEL,3183.81,177.62,backfill
2026-05-26,TEL,3182.07,-1.74,backfill
2026-05-27,TEL,3317.37,135.3,backfill
2026-05-29,TEL,3442.86,125.49,backfill
2026-06-01,TEL,3502.06,59.2,backfill
2026-06-02,TEL,3468.12,-33.94,backfill
2026-06-03,TEL,3395.63,-72.49,backfill
2026-06-04,TEL,3270.58,-125.05,backfill
2026-06-05,TEL,3253.26,-17.32,backfill
2026-06-08,TEL,3300.19,46.93,backfill
2026-06-09,TEL,3475.33,175.14,backfill
2026-06-10,TEL,3483.28,7.95,backfill
2026-06-11,TEL,3404.58,-78.7,backfill
2026-06-12,TEL,3439.39,34.81,backfill
2026-06-15,TEL,3598.81,159.42,backfill
2026-06-16,TEL,3625.81,27,backfill
2026-06-17,TEL,3566.61,-59.2,backfill
2026-06-18,TEL,3600.98,34.37,backfill
2026-06-19,TEL,3629.28,28.3,backfill
2026-06-22,TEL,3633.32,4.04,backfill
2026-06-23,TEL,3624.95,-8.37,backfill
2026-06-24,TEL,3605.89,-19.06,backfill
2026-06-25,TEL,3720.69,114.8,backfill
2026-06-26,TEL,3742.92,22.23,backfill
2026-06-30,TEL,3624.95,-117.97,backfill
2026-07-01,TEL,3628.85,3.9,backfill
2026-07-02,TEL,3624.38,-4.47,backfill
2026-07-03,TEL,3624.95,0.57,backfill
2026-07-06,TEL,3603.72,-21.23,backfill
2026-07-07,TEL,3542.51,-61.21,backfill
2026-07-08,TEL,3499.62,-42.89,backfill
2026-07-09,TEL,3474.06,-25.56,backfill
2026-07-10,TEL,3505.7,31.64,backfill
2026-07-13,TEL,3494.85,-10.85,backfill
2026-07-14,TEL,3516.51,21.66,backfill
2026-07-15,TEL,3501.93,-14.58,backfill
2026-07-16,TEL,3507.7,5.77,backfill
2026-07-17,TEL,3516.08,8.38,backfill
2026-07-20,TEL,3433.91,-82.17,backfill
2026-07-21,TEL,3481.27,47.36,backfill
2026-07-22,TEL,3462.21,-19.06,backfill
2026-07-23,TEL,3485.61,23.4,backfill
2026-07-24,TEL,3479.97,-5.64,backfill
2026-07-27,TEL,3514.91,34.94,backfill
2026-07-28,TEL,3510.58,-4.33,backfill
2026-07-30,TEL,3495.99,-14.59,backfill
2026-07-31,TEL,3480.54,-15.45,backfill
2026-08-03,TEL,3498.29,17.75,backfill
2026-08-04,TEL,3510.14,11.85,backfill
2026-08-05,TEL,3499.03,-11.11,backfill
2026-08-06,TEL,3489.35,-9.68,backfill
2026-08-07,TEL,3509.27,19.92,backfill
2026-08-10,TEL,3565.61,56.34,backfill
2026-08-11,TEL,3509.57,-56.04,backfill
2026-08-12,TEL,3549.86,40.29,backfill
2026-08-13,TEL,3692.23,142.37,backfill
2026-08-14,TEL,3779,86.77,backfill
2026-08-17,TEL,3775.7,-3.3,backfill
2026-08-18,TEL,3721.26,-54.44,backfill
2026-08-19,TEL,3701.77,-19.49,backfill
2026-08-20,TEL,3681.55,-20.22,backfill
2026-08-21,TEL,3693.97,12.42,backfill
2026-08-24,TEL,3721.4,27.43,backfill
2026-08-25,TEL,3675.04,-46.36,backfill
2026-08-28,TEL,3672.87,-2.17,backfill
2026-08-31,TEL,3665.66,-7.21,backfill
2026-09-01,TEL,3632.59,-33.07,backfill
2026-09-02,TEL,3634.76,2.17,backfill
2026-09-03,TEL,3677.21,42.45,backfill
2026-09-04,TEL,3835.47,158.26,backfill
2026-09-07,TEL,3867.57,32.1,backfill
2026-09-08,TEL,3853.42,-14.15,backfill
2026-09-09,TEL,3834.06,-19.36,backfill
2026-09-10,TEL,3790.31,-43.75,backfill
2026-09-11,TEL,3783.23,-7.08,backfill
2026-09-14,TEL,3755.5,-27.73,backfill
2026-09-15,TEL,3676.07,-79.43,backfill
2026-09-16,TEL,3633.19,-42.88,backfill
2026-09-17,TEL,3561.57,-71.62,backfill
2026-09-18,TEL,3640.26,78.69,backfill
2026-09-21,TEL,3636.36,-3.9,backfill
2026-09-22,TEL,3677.94,41.58,backfill
2026-09-23,TEL,3704.94,27,backfill
2026-09-24,TEL,3676.64,-28.3,backfill
2026-09-25,TEL,3693.4,16.76,backfill
2026-09-28,TEL,3658.72,-34.68,backfill
2026-09-29,TEL,3612.8,-45.92,backfill
2026-09-30,TEL,3609.2,-3.6,backfill
2026-10-01,TEL,3610.63,1.43,backfill
2025-10-07,UTI,2057.63,,backfill
2025-10-08,UTI,2047.19,-10.44,backfill
2025-10-09,UTI,2083.26,36.07,backfill
2025-10-10,UTI,2085.75,2.49,backfill
2025-10-13,UTI,2085.35,-0.4,backfill
2025-10-14,UTI,2319.17,233.82,backfill
2025-10-15,UTI,2243.53,-75.64,backfill
2025-10-16,UTI,2299.95,56.42,backfill
2025-10-17,UTI,2330.45,30.5,backfill
2025-10-21,UTI,2453.68,123.23,backfill
2025-10-22,UTI,2395.53,-58.15,backfill
2025-10-23,UTI,2397.07,1.54,backfill
2025-10-24,UTI,2357.22,-39.85,backfill
2025-10-27,UTI,2324.93,-32.29,backfill
2025-10-28,UTI,2419.75,94.82,backfill
2025-10-29,UTI,2648.35,228.6,backfill
2025-10-30,UTI,2640.5,-7.85,backfill
2025-10-31,UTI,2634.99,-5.51,backfill
2025-11-03,UTI,2596.86,-38.13,backfill
2025-11-04,UTI,2501.04,-95.82,backfill
2025-11-06,UTI,2489.94,-11.1,backfill
2025-11-07,UTI,2549.89,59.95,backfill
2025-11-10,UTI,2493.54,-56.35,backfill
2025-11-11,UTI,2487.22,-6.32,backfill
2025-11-12,UTI,2447.37,-39.85,backfill
2025-11-13,UTI,2444.13,-3.24,backfill
2025-11-14,UTI,2470.94,26.81,backfill
2025-11-17,UTI,2427.17,-43.77,backfill
2025-11-18,UTI,2423.81,-3.36,backfill
2025-11-19,UTI,2420.95,-2.86,backfill
2025-11-20,UTI,2413.33,-7.62,backfill
2025-11-21,UTI,2392.89,-20.44,backfill
2025-11-24,UTI,2338.54,-54.35,backfill
2025-11-25,UTI,2378.66,40.12,backfill
2025-11-26,UTI,2407.15,28.49,backfill
2025-11-27,UTI,2395.67,-11.48,backfill
2025-11-28,UTI,2406.25,10.58,backfill
2025-12-01,UTI,2325.69,-80.56,backfill
2025-12-02,UTI,2344.01,18.32,backfill
2025-12-03,UTI,2310.06,-33.95,backfill
2025-12-05,UTI,2245.14,-64.92,backfill
2025-12-08,UTI,2243.53,-1.61,backfill
2025-12-09,UTI,2275.17,31.64,backfill
2025-12-10,UTI,2328.82,53.65,backfill
2025-12-11,UTI,2330.04,1.22,backfill
2025-12-12,UTI,2433.61,103.57,backfill
2025-12-15,UTI,2379.3,-54.31,backfill
2025-12-16,UTI,2366.91,-12.39,backfill
2025-12-17,UTI,2348.99,-17.92,backfill
2025-12-18,UTI,2322.83,-26.16,backfill
2025-12-19,UTI,2310.31,-12.52,backfill
2025-12-22,UTI,2330.79,20.48,backfill
2025-12-23,UTI,2326.02,-4.77,backfill
2025-12-24,UTI,2248.18,-77.84,backfill
2025-12-26,UTI,2269.52,21.34,backfill
2025-12-29,UTI,2262.37,-7.15,backfill
2025-12-30,UTI,2293.49,31.12,backfill
2025-12-31,UTI,2312.12,18.63,backfill
2026-01-02,UTI,2349.64,37.52,backfill
2026-01-05,UTI,2378.72,29.08,backfill
2026-01-06,UTI,2415.07,36.35,backfill
2026-01-08,UTI,2415.42,0.35,backfill
2026-01-09,UTI,2394.09,-21.33,backfill
2026-01-12,UTI,2374.24,-19.85,backfill
2026-01-13,UTI,2358.6,-15.64,backfill
2026-01-14,UTI,2388.53,29.93,backfill
2026-01-16,UTI,2395.45,6.92,backfill
2026-01-19,UTI,2395.88,0.43,backfill
2026-01-20,UTI,2401.02,5.14,backfill
2026-01-21,UTI,2369.43,-31.59,backfill
2026-01-22,UTI,2372.97,3.54,backfill
2026-01-23,UTI,2388.41,15.44,backfill
2026-01-26,UTI,2364.19,-24.22,backfill
2026-01-27,UTI,2342.82,-21.37,backfill
2026-01-28,UTI,2316.95,-25.87,backfill
2026-01-29,UTI,2321.82,4.87,backfill
2026-01-30,UTI,2312.05,-9.77,backfill
2026-02-02,UTI,2300.63,-11.42,backfill
2026-02-03,UTI,2345.05,44.42,backfill
2026-02-05,UTI,2339.59,-5.46,backfill
2026-02-06,UTI,2344.49,4.9,backfill
2026-02-09,UTI,2340.53,-3.96,backfill
2026-02-10,UTI,2340.59,0.06,backfill
2026-02-11,UTI,2311.01,-29.58,backfill
2026-02-12,UTI,2317.62,6.61,backfill
2026-02-13,UTI,2331.65,14.03,backfill
2026-02-16,UTI,2358.92,27.27,backfill
2026-02-17,UTI,2367.51,8.59,backfill
2026-02-18,UTI,2323.15,-44.36,backfill
2026-02-19,UTI,2324.37,1.22,backfill
2026-02-20,UTI,2291.78,-32.59,backfill
2026-02-23,UTI,2288.51,-3.27,backfill
2026-02-24,UTI,2269.86,-18.65,backfill
2026-02-25,UTI,2251.62,-18.24,backfill
2026-02-26,UTI,2242.89,-8.73,backfill
2026-02-27,UTI,2248.8,5.91,backfill
2026-03-03,UTI,2075.37,-173.43,backfill
2026-03-04,UTI,2126,50.63,backfill
2026-03-05,UTI,2165.91,39.91,backfill
2026-03-06,UTI,2165.29,-0.62,backfill
2026-03-09,UTI,2080.07,-85.22,backfill
2026-03-10,UTI,2110.06,29.99,backfill
2026-03-11,UTI,2119.42,9.36,backfill
2026-03-12,UTI,2096.08,-23.34,backfill
2026-03-13,UTI,2068.27,-27.81,backfill
2026-03-16,UTI,1988.83,-79.44,backfill
2026-03-17,UTI,1900.71,-88.12,backfill
2026-03-18,UTI,1969.67,68.96,backfill
2026-03-19,UTI,1937.71,-31.96,backfill
2026-03-20,UTI,2016.84,79.13,backfill
2026-03-23,UTI,2170.99,154.15,backfill
2026-03-24,UTI,2203.16,32.17,backfill
2026-03-25,UTI,2242.21,39.05,backfill
2026-03-26,UTI,2203.55,-38.66,backfill
2026-03-27,UTI,2165.62,-37.93,backfill
2026-03-30,UTI,2179.61,13.99,backfill
2026-03-31,UTI,2139.9,-39.71,backfill
2026-04-02,UTI,2163.08,23.18,backfill
2026-04-06,UTI,2172.58,9.5,backfill
2026-04-07,UTI,2163.96,-8.62,backfill
2026-04-08,UTI,2207.51,43.55,backfill
2026-04-09,UTI,2202.59,-4.92,backfill
2026-04-10,UTI,2229.89,27.3,backfill
2026-04-15,UTI,2260.13,30.24,backfill
2026-04-16,UTI,2263.47,3.34,backfill
2026-04-17,UTI,2305.87,42.4,backfill
2026-04-20,UTI,2269.02,-36.85,backfill
2026-04-21,UTI,2277.44,8.42,backfill
2026-04-22,UTI,2266.68,-10.76,backfill
2026-04-23,UTI,2268.98,2.3,backfill
2026-04-24,UTI,2273.63,4.65,backfill
2026-04-27,UTI,2315.87,42.24,backfill
2026-04-28,UTI,2331.45,15.58,backfill
2026-04-29,UTI,2313.01,-18.44,backfill
2026-04-30,UTI,2294.26,-18.75,backfill
2026-05-04,UTI,2302.26,8,backfill
2026-05-05,UTI,2283.67,-18.59,backfill
2026-05-06,UTI,2294.32,10.65,backfill
2026-05-07,UTI,2305.89,11.57,backfill
2026-05-08,UTI,2291.9,-13.99,backfill
2026-05-11,UTI,2299.08,7.18,backfill
2026-05-12,UTI,2287.19,-11.89,backfill
2026-05-13,UTI,2282.14,-5.05,backfill
2026-05-14,UTI,2295.26,13.12,backfill
2026-05-15,UTI,2294.36,-0.9,backfill
2026-05-18,UTI,2218.53,-75.83,backfill
2026-05-19,UTI,2230.8,12.27,backfill
2026-05-20,UTI,2185.95,-44.85,backfill
2026-05-21,UTI,2171.78,-14.17,backfill
2026-05-22,UTI,2195.48,23.7,backfill
2026-05-25,UTI,2229.76,34.28,backfill
2026-05-26,UTI,2192.27,-37.49,backfill
2026-05-27,UTI,2211.55,19.28,backfill
2026-05-29,UTI,2206.75,-4.8,backfill
2026-06-01,UTI,2196.88,-9.87,backfill
2026-06-02,UTI,2195,-1.88,backfill
2026-06-03,UTI,2191.68,-3.32,backfill
2026-06-04,UTI,2161.91,-29.77,backfill
2026-06-05,UTI,2119.62,-42.29,backfill
2026-06-08,UTI,2080.46,-39.16,backfill
2026-06-09,UTI,2100.5,20.04,backfill
2026-06-10,UTI,2095.52,-4.98,backfill
2026-06-11,UTI,2065.9,-29.62,backfill
2026-06-12,UTI,2125.29,59.39,backfill
2026-06-15,UTI,2176.23,50.94,backfill
2026-06-16,UTI,2157.71,-18.52,backfill
2026-06-17,UTI,2157.61,-0.1,backfill
2026-06-18,UTI,2148.37,-9.24,backfill
2026-06-19,UTI,2133.71,-14.66,backfill
2026-06-22,UTI,2120.33,-13.38,backfill
2026-06-23,UTI,2103.7,-16.63,backfill
2026-06-24,UTI,2114.68,10.98,backfill
2026-06-25,UTI,2117.17,2.49,backfill
2026-06-26,UTI,2115.24,-1.93,backfill
2026-06-30,UTI,2045.4,-69.84,backfill
2026-07-01,UTI,2053.76,8.36,backfill
2026-07-02,UTI,2047.67,-6.09,backfill
2026-07-03,UTI,2049.45,1.78,backfill
2026-07-06,UTI,2041.15,-8.3,backfill
2026-07-07,UTI,2039.66,-1.49,backfill
2026-07-08,UTI,2025.56,-14.1,backfill
2026-07-09,UTI,2019.9,-5.66,backfill
2026-07-10,UTI,2031.1,11.2,backfill
2026-07-13,UTI,2023.98,-7.12,backfill
2026-07-14,UTI,2013.95,-10.03,backfill
2026-07-15,UTI,2012.55,-1.4,backfill
2026-07-16,UTI,2010.51,-2.04,backfill
2026-07-17,UTI,2010.24,-0.27,backfill
2026-07-20,UTI,2000.84,-9.4,backfill
2026-07-21,UTI,1992.94,-7.9,backfill
2026-07-22,UTI,1995.9,2.96,backfill
2026-07-23,UTI,1999.36,3.46,backfill
2026-07-24,UTI,1984.34,-15.02,backfill
2026-07-27,UTI,1991.74,7.4,backfill
2026-07-28,UTI,1994.75,3.01,backfill
2026-07-30,UTI,1983.72,-11.03,backfill
2026-07-31,UTI,1974.31,-9.41,backfill
2026-08-03,UTI,1987.07,12.76,backfill
2026-08-04,UTI,1986.85,-0.22,backfill
2026-08-05,UTI,1976.18,-10.67,backfill
2026-08-06,UTI,1977.85,1.67,backfill
2026-08-07,UTI,1991.54,13.69,backfill
2026-08-10,UTI,2008.26,16.72,backfill
2026-08-11,UTI,2003.84,-4.42,backfill
2026-08-12,UTI,1996.22,-7.62,backfill
2026-08-13,UTI,2000.88,4.66,backfill
2026-08-14,UTI,2005.72,4.84,backfill
2026-08-17,UTI,2008.17,2.45,backfill
2026-08-18,UTI,1988.82,-19.35,backfill
2026-08-19,UTI,1982.38,-6.44,backfill
2026-08-20,UTI,1982.44,0.06,backfill
2026-08-21,UTI,1971.89,-10.55,backfill
2026-08-24,UTI,1970.53,-1.36,backfill
2026-08-25,UTI,1913.21,-57.32,backfill
2026-08-28,UTI,1974.39,61.18,backfill
2026-08-31,UTI,1972.88,-1.51,backfill
2026-09-01,UTI,1975.37,2.49,backfill
2026-09-02,UTI,1952.32,-23.05,backfill
2026-09-03,UTI,1967.71,15.39,backfill
2026-09-04,UTI,1968.88,1.17,backfill
2026-09-07,UTI,1991.8,22.92,backfill
2026-09-08,UTI,2002.14,10.34,backfill
2026-09-09,UTI,1985.51,-16.63,backfill
2026-09-10,UTI,1976.9,-8.61,backfill
2026-09-11,UTI,1960.83,-16.07,backfill
2026-09-14,UTI,1958.7,-2.13,backfill
2026-09-15,UTI,1971.05,12.35,backfill
2026-09-16,UTI,1954.83,-16.22,backfill
2026-09-17,UTI,1960.46,5.63,backfill
2026-09-18,UTI,1951.5,-8.96,backfill
2026-09-21,UTI,1945.68,-5.82,backfill
2026-09-22,UTI,1971.66,25.98,backfill
2026-09-23,UTI,1973.08,1.42,backfill
2026-09-24,UTI,1968.14,-4.94,backfill
2026-09-25,UTI,1973.9,5.76,backfill
2026-09-28,UTI,1943.19,-30.71,backfill
2026-09-29,UTI,1926.07,-17.12,backfill
2026-09-30,UTI,1931.75,5.68,backfill
2026-10-01,UTI,1937.07,5.32,backfill
2025-10-07,RE,2816.48,,backfill
2025-10-08,RE,2798.02,-18.46,backfill
2025-10-09,RE,2762.22,-35.8,backfill
2025-10-10,RE,2786.71,24.49,backfill
2025-10-13,RE,2755.6,-31.11,backfill
2025-10-14,RE,2751.82,-3.78,backfill
2025-10-15,RE,2728.92,-22.9,backfill
2025-10-16,RE,2699.9,-29.02,backfill
2025-10-17,RE,2701.11,1.21,backfill
2025-10-21,RE,2709.05,7.94,backfill
2025-10-22,RE,2702.98,-6.07,backfill
2025-10-23,RE,2780.79,77.81,backfill
2025-10-24,RE,2788.2,7.41,backfill
2025-10-27,RE,2799.45,11.25,backfill
2025-10-28,RE,2845.85,46.4,backfill
2025-10-29,RE,2914.56,68.71,backfill
2025-10-30,RE,2951.77,37.21,backfill
2025-10-31,RE,2974.88,23.11,backfill
2025-11-03,RE,2956.95,-17.93,backfill
2025-11-04,RE,2919.73,-37.22,backfill
2025-11-06,RE,2873.31,-46.42,backfill
2025-11-07,RE,2891.79,18.48,backfill
2025-11-10,RE,2905.29,13.5,backfill
2025-11-11,RE,2910.14,4.85,backfill
2025-11-12,RE,2912.92,2.78,backfill
2025-11-13,RE,2875.4,-37.52,backfill
2025-11-14,RE,2909.8,34.4,backfill
2025-11-17,RE,2912.52,2.72,backfill
2025-11-18,RE,2863.91,-48.61,backfill
2025-11-19,RE,2867.96,4.05,backfill
2025-11-20,RE,2961.13,93.17,backfill
2025-11-21,RE,2948.44,-12.69,backfill
2025-11-24,RE,2896.77,-51.67,backfill
2025-11-25,RE,2921.52,24.75,backfill
2025-11-26,RE,2914.52,-7,backfill
2025-11-27,RE,2853.79,-60.73,backfill
2025-11-28,RE,2881.91,28.12,backfill
2025-12-01,RE,2745.93,-135.98,backfill
2025-12-02,RE,2772.35,26.42,backfill
2025-12-03,RE,2751.42,-20.93,backfill
2025-12-05,RE,2659.81,-91.61,backfill
2025-12-08,RE,2666.73,6.92,backfill
2025-12-09,RE,2719.99,53.26,backfill
2025-12-10,RE,2775.18,55.19,backfill
2025-12-11,RE,2774.48,-0.7,backfill
2025-12-12,RE,2778.59,4.11,backfill
2025-12-15,RE,2783.03,4.44,backfill
2025-12-16,RE,2812,28.97,backfill
2025-12-17,RE,2804.71,-7.29,backfill
2025-12-18,RE,2829.51,24.8,backfill
2025-12-19,RE,2832.92,3.41,backfill
2025-12-22,RE,2779.4,-53.52,backfill
2025-12-23,RE,2797.15,17.75,backfill
2025-12-24,RE,2815.95,18.8,backfill
2025-12-26,RE,2803.25,-12.7,backfill
2025-12-29,RE,2784.99,-18.26,backfill
2025-12-30,RE,2846.15,61.16,backfill
2025-12-31,RE,2856.29,10.14,backfill
2026-01-02,RE,3030.88,174.59,backfill
2026-01-05,RE,3099.58,68.7,backfill
2026-01-06,RE,3073.57,-26.01,backfill
2026-01-08,RE,3150.34,76.77,backfill
2026-01-09,RE,3198.15,47.81,backfill
2026-01-12,RE,3300.33,102.18,backfill
2026-01-13,RE,3410.02,109.69,backfill
2026-01-14,RE,3440.07,30.05,backfill
2026-01-16,RE,3432.67,-7.4,backfill
2026-01-19,RE,3352.42,-80.25,backfill
2026-01-20,RE,3340.41,-12.01,backfill
2026-01-21,RE,3345.54,5.13,backfill
2026-01-22,RE,3501.88,156.34,backfill
2026-01-23,RE,3504.65,2.77,backfill
2026-01-26,RE,3503.36,-1.29,backfill
2026-01-27,RE,3511.29,7.93,backfill
2026-01-28,RE,3573.38,62.09,backfill
2026-01-29,RE,3595.29,21.91,backfill
2026-01-30,RE,3595.94,0.65,backfill
2026-02-02,RE,3600.95,5.01,backfill
2026-02-03,RE,3629.94,28.99,backfill
2026-02-05,RE,3660.81,30.87,backfill
2026-02-06,RE,3627.18,-33.63,backfill
2026-02-09,RE,3603.67,-23.51,backfill
2026-02-10,RE,3546.54,-57.13,backfill
2026-02-11,RE,3600.57,54.03,backfill
2026-02-12,RE,3627.14,26.57,backfill
2026-02-13,RE,3625.75,-1.39,backfill
2026-02-16,RE,3644.3,18.55,backfill
2026-02-17,RE,3739.29,94.99,backfill
2026-02-18,RE,3726.06,-13.23,backfill
2026-02-19,RE,3668.01,-58.05,backfill
2026-02-20,RE,3662.73,-5.28,backfill
2026-02-23,RE,3759.65,96.92,backfill
2026-02-24,RE,3758.13,-1.52,backfill
2026-02-25,RE,3881.39,123.26,backfill
2026-02-26,RE,3909.42,28.03,backfill
2026-02-27,RE,3995.08,85.66,backfill
2026-03-03,RE,3613.46,-381.62,backfill
2026-03-04,RE,3682.12,68.66,backfill
2026-03-05,RE,3796.37,114.25,backfill
2026-03-06,RE,3734.88,-61.49,backfill
2026-03-09,RE,3584.2,-150.68,backfill
2026-03-10,RE,3702.5,118.3,backfill
2026-03-11,RE,3676.69,-25.81,backfill
2026-03-12,RE,3579.56,-97.13,backfill
2026-03-13,RE,3496.55,-83.01,backfill
2026-03-16,RE,3308.09,-188.46,backfill
2026-03-17,RE,3120.97,-187.12,backfill
2026-03-18,RE,3317.62,196.65,backfill
2026-03-19,RE,3169.05,-148.57,backfill
2026-03-20,RE,3289.5,120.45,backfill
2026-03-23,RE,3205.42,-84.08,backfill
2026-03-24,RE,3394.89,189.47,backfill
2026-03-25,RE,3576.91,182.02,backfill
2026-03-26,RE,3404.57,-172.34,backfill
2026-03-27,RE,3430.57,26,backfill
2026-03-30,RE,3322.22,-108.35,backfill
2026-03-31,RE,3306.96,-15.26,backfill
2026-04-02,RE,3367.35,60.39,backfill
2026-04-06,RE,3397.25,29.9,backfill
2026-04-07,RE,3350.97,-46.28,backfill
2026-04-08,RE,3558.65,207.68,backfill
2026-04-09,RE,3531.52,-27.13,backfill
2026-04-10,RE,3597.24,65.72,backfill
2026-04-15,RE,3625.96,28.72,backfill
2026-04-16,RE,3694.75,68.79,backfill
2026-04-17,RE,3707.94,13.19,backfill
2026-04-20,RE,3651.74,-56.2,backfill
2026-04-21,RE,3648.72,-3.02,backfill
2026-04-22,RE,3636.37,-12.35,backfill
2026-04-23,RE,3630.69,-5.68,backfill
2026-04-24,RE,3617.4,-13.29,backfill
2026-04-27,RE,3643.89,26.49,backfill
2026-04-28,RE,3610.64,-33.25,backfill
2026-04-29,RE,3612.19,1.55,backfill
2026-04-30,RE,3561.69,-50.5,backfill
2026-05-04,RE,3606.33,44.64,backfill
2026-05-05,RE,3601.18,-5.15,backfill
2026-05-06,RE,3711.27,110.09,backfill
2026-05-07,RE,3832.4,121.13,backfill
2026-05-08,RE,3796.62,-35.78,backfill
2026-05-11,RE,3807.74,11.12,backfill
2026-05-12,RE,3851.93,44.19,backfill
2026-05-13,RE,3861.39,9.46,backfill
2026-05-14,RE,3824.53,-36.86,backfill
2026-05-15,RE,3821.52,-3.01,backfill
2026-05-18,RE,3631.29,-190.23,backfill
2026-05-19,RE,3617.2,-14.09,backfill
2026-05-20,RE,3514.66,-102.54,backfill
2026-05-21,RE,3548.02,33.36,backfill
2026-05-22,RE,3597.46,49.44,backfill
2026-05-25,RE,3692.14,94.68,backfill
2026-05-26,RE,3601.96,-90.18,backfill
2026-05-27,RE,3636.91,34.95,backfill
2026-05-29,RE,3665.63,28.72,backfill
2026-06-01,RE,3630.4,-35.23,backfill
2026-06-02,RE,3585.8,-44.6,backfill
2026-06-03,RE,3540.45,-45.35,backfill
2026-06-04,RE,3481.87,-58.58,backfill
2026-06-05,RE,3476.13,-5.74,backfill
2026-06-08,RE,3316.96,-159.17,backfill
2026-06-09,RE,3361.77,44.81,backfill
2026-06-10,RE,3304.03,-57.74,backfill
2026-06-11,RE,3279.63,-24.4,backfill
2026-06-12,RE,3425.28,145.65,backfill
2026-06-15,RE,3695.01,269.73,backfill
2026-06-16,RE,3713.63,18.62,backfill
2026-06-17,RE,3718.33,4.7,backfill
2026-06-18,RE,3753.97,35.64,backfill
2026-06-19,RE,3706.56,-47.41,backfill
2026-06-22,RE,3683.07,-23.49,backfill
2026-06-23,RE,3702.61,19.54,backfill
2026-06-24,RE,3675.82,-26.79,backfill
2026-06-25,RE,3732.75,56.93,backfill
2026-06-26,RE,3708.84,-23.91,backfill
2026-06-30,RE,3652.64,-56.2,backfill
2026-07-01,RE,3640.28,-12.36,backfill
2026-07-02,RE,3622.32,-17.96,backfill
2026-07-03,RE,3608.58,-13.74,backfill
2026-07-06,RE,3572.28,-36.3,backfill
2026-07-07,RE,3531.62,-40.66,backfill
2026-07-08,RE,3524.64,-6.98,backfill
2026-07-09,RE,3496.51,-28.13,backfill
2026-07-10,RE,3521.72,25.21,backfill
2026-07-13,RE,3460.65,-61.07,backfill
2026-07-14,RE,3423.09,-37.56,backfill
2026-07-15,RE,3436.81,13.72,backfill
2026-07-16,RE,3423.7,-13.11,backfill
2026-07-17,RE,3417.04,-6.66,backfill
2026-07-20,RE,3371.29,-45.75,backfill
2026-07-21,RE,3343.56,-27.73,backfill
2026-07-22,RE,3365.7,22.14,backfill
2026-07-23,RE,3398.26,32.56,backfill
2026-07-24,RE,3387.75,-10.51,backfill
2026-07-27,RE,3366.22,-21.53,backfill
2026-07-28,RE,3415.93,49.71,backfill
2026-07-30,RE,3388.5,-27.43,backfill
2026-07-31,RE,3381.01,-7.49,backfill
2026-08-03,RE,3386.42,5.41,backfill
2026-08-04,RE,3370.3,-16.12,backfill
2026-08-05,RE,3431.21,60.91,backfill
2026-08-06,RE,3450.68,19.47,backfill
2026-08-07,RE,3465.93,15.25,backfill
2026-08-10,RE,3525.49,59.56,backfill
2026-08-11,RE,3510.32,-15.17,backfill
2026-08-12,RE,3505.57,-4.75,backfill
2026-08-13,RE,3532.85,27.28,backfill
2026-08-14,RE,3556.51,23.66,backfill
2026-08-17,RE,3535.72,-20.79,backfill
2026-08-18,RE,3488.75,-46.97,backfill
2026-08-19,RE,3469.79,-18.96,backfill
2026-08-20,RE,3475.91,6.12,backfill
2026-08-21,RE,3498.54,22.63,backfill
2026-08-24,RE,3448.76,-49.78,backfill
2026-08-25,RE,3445.06,-3.7,backfill
2026-08-28,RE,3445.59,0.53,backfill
2026-08-31,RE,3478.71,33.12,backfill
2026-09-01,RE,3507.71,29,backfill
2026-09-02,RE,3471.27,-36.44,backfill
2026-09-03,RE,3509.94,38.67,backfill
2026-09-04,RE,3568.56,58.62,backfill
2026-09-07,RE,3545.32,-23.24,backfill
2026-09-08,RE,3551.19,5.87,backfill
2026-09-09,RE,3559.78,8.59,backfill
2026-09-10,RE,3523.75,-36.03,backfill
2026-09-11,RE,3546.42,22.67,backfill
2026-09-14,RE,3508.69,-37.73,backfill
2026-09-15,RE,3496.82,-11.87,backfill
2026-09-16,RE,3496.32,-0.5,backfill
2026-09-17,RE,3432.84,-63.48,backfill
2026-09-18,RE,3435.1,2.26,backfill
2026-09-21,RE,3417.3,-17.8,backfill
2026-09-22,RE,3476.74,59.44,backfill
2026-09-23,RE,3431.16,-45.58,backfill
2026-09-24,RE,3436.59,5.43,backfill
2026-09-25,RE,3432.26,-4.33,backfill
2026-09-28,RE,3372.76,-59.5,backfill
2026-09-29,RE,3311.93,-60.83,backfill
2026-09-30,RE,3353.92,41.99,backfill
2026-10-01,RE,3362.61,8.69,backfill
2025-10-07,S&P SL20,6191.54,,backfill
2025-10-08,S&P SL20,6163.22,-28.32,backfill
2025-10-09,S&P SL20,6162.38,-0.84,backfill
2025-10-10,S&P SL20,6226.03,63.65,backfill
2025-10-13,S&P SL20,6207.37,-18.66,backfill
2025-10-14,S&P SL20,6225.52,18.15,backfill
2025-10-15,S&P SL20,6198.82,-26.7,backfill
2025-10-16,S&P SL20,6226.64,27.82,backfill
2025-10-17,S&P SL20,6263.03,36.39,backfill
2025-10-21,S&P SL20,6284.07,21.04,backfill
2025-10-22,S&P SL20,6276.86,-7.21,backfill
2025-10-23,S&P SL20,6268.87,-7.99,backfill
2025-10-24,S&P SL20,6266.31,-2.56,backfill
2025-10-27,S&P SL20,6255.63,-10.68,backfill
2025-10-28,S&P SL20,6203.09,-52.54,backfill
2025-10-29,S&P SL20,6210.63,7.54,backfill
2025-10-30,S&P SL20,6202.71,-7.92,backfill
2025-10-31,S&P SL20,6213.91,11.2,backfill
2025-11-03,S&P SL20,6252.4,38.49,backfill
2025-11-04,S&P SL20,6249.28,-3.12,backfill
2025-11-06,S&P SL20,6310.26,60.98,backfill
2025-11-07,S&P SL20,6381.47,71.21,backfill
2025-11-10,S&P SL20,6500.04,118.57,backfill
2025-11-11,S&P SL20,6528.6,28.56,backfill
2025-11-12,S&P SL20,6557.6,29,backfill
2025-11-13,S&P SL20,6458.15,-99.45,backfill
2025-11-14,S&P SL20,6435.93,-22.22,backfill
2025-11-17,S&P SL20,6410,-25.93,backfill
2025-11-18,S&P SL20,6376.54,-33.46,backfill
2025-11-19,S&P SL20,6361.58,-14.96,backfill
2025-11-20,S&P SL20,6382.18,20.6,backfill
2025-11-21,S&P SL20,6364.61,-17.57,backfill
2025-11-24,S&P SL20,6279.71,-84.9,backfill
2025-11-25,S&P SL20,6298.75,19.04,backfill
2025-11-26,S&P SL20,6311.3,12.55,backfill
2025-11-27,S&P SL20,6268.45,-42.85,backfill
2025-11-28,S&P SL20,6267.03,-1.42,backfill
2025-12-01,S&P SL20,6085.87,-181.16,backfill
2025-12-02,S&P SL20,6137.79,51.92,backfill
2025-12-03,S&P SL20,6030.66,-107.13,backfill
2025-12-05,S&P SL20,5925.63,-105.03,backfill
2025-12-08,S&P SL20,5926.64,1.01,backfill
2025-12-09,S&P SL20,6004.11,77.47,backfill
2025-12-10,S&P SL20,6084.06,79.95,backfill
2025-12-11,S&P SL20,6095.15,11.09,backfill
2025-12-12,S&P SL20,6097.66,2.51,backfill
2025-12-15,S&P SL20,6052.3,-45.36,backfill
2025-12-16,S&P SL20,6071.12,18.82,backfill
2025-12-17,S&P SL20,6070.33,-0.79,backfill
2025-12-18,S&P SL20,6066.43,-3.9,backfill
2025-12-19,S&P SL20,6056.54,-9.89,backfill
2025-12-22,S&P SL20,6014.36,-42.18,backfill
2025-12-23,S&P SL20,6011.31,-3.05,backfill
2025-12-24,S&P SL20,6015.48,4.17,backfill
2025-12-26,S&P SL20,6041.53,26.05,backfill
2025-12-29,S&P SL20,6037.79,-3.74,backfill
2025-12-30,S&P SL20,6111.35,73.56,backfill
2025-12-31,S&P SL20,6157.38,46.03,backfill
2026-01-02,S&P SL20,6186.09,28.71,backfill
2026-01-05,S&P SL20,6227.44,41.35,backfill
2026-01-06,S&P SL20,6363.85,136.41,backfill
2026-01-08,S&P SL20,6458.03,94.18,backfill
2026-01-09,S&P SL20,6503.02,44.99,backfill
2026-01-12,S&P SL20,6502.45,-0.57,backfill
2026-01-13,S&P SL20,6494.76,-7.69,backfill
2026-01-14,S&P SL20,6541.97,47.21,backfill
2026-01-16,S&P SL20,6560.08,18.11,backfill
2026-01-19,S&P SL20,6539.35,-20.73,backfill
2026-01-20,S&P SL20,6544.8,5.45,backfill
2026-01-21,S&P SL20,6619.32,74.52,backfill
2026-01-22,S&P SL20,6617.85,-1.47,backfill
2026-01-23,S&P SL20,6649.5,31.65,backfill
2026-01-26,S&P SL20,6663.12,13.62,backfill
2026-01-27,S&P SL20,6672.37,9.25,backfill
2026-01-28,S&P SL20,6670.21,-2.16,backfill
2026-01-29,S&P SL20,6655.66,-14.55,backfill
2026-01-30,S&P SL20,6641.15,-14.51,backfill
2026-02-02,S&P SL20,6597.2,-43.95,backfill
2026-02-03,S&P SL20,6597.34,0.14,backfill
2026-02-05,S&P SL20,6602.81,5.47,backfill
2026-02-06,S&P SL20,6614.72,11.91,backfill
2026-02-09,S&P SL20,6608.68,-6.04,backfill
2026-02-10,S&P SL20,6605.41,-3.27,backfill
2026-02-11,S&P SL20,6611.52,6.11,backfill
2026-02-12,S&P SL20,6599.52,-12,backfill
2026-02-13,S&P SL20,6618.73,19.21,backfill
2026-02-16,S&P SL20,6710.33,91.6,backfill
2026-02-17,S&P SL20,6708.71,-1.62,backfill
2026-02-18,S&P SL20,6750.5,41.79,backfill
2026-02-19,S&P SL20,6743.19,-7.31,backfill
2026-02-20,S&P SL20,6721.47,-21.72,backfill
2026-02-23,S&P SL20,6728.71,7.24,backfill
2026-02-24,S&P SL20,6681.12,-47.59,backfill
2026-02-25,S&P SL20,6685.27,4.15,backfill
2026-02-26,S&P SL20,6710.17,24.9,backfill
2026-02-27,S&P SL20,6635.97,-74.2,backfill
2026-03-03,S&P SL20,6313.65,-322.32,backfill
2026-03-04,S&P SL20,6357.66,44.01,backfill
2026-03-05,S&P SL20,6425.8,68.14,backfill
2026-03-06,S&P SL20,6360.75,-65.05,backfill
2026-03-09,S&P SL20,6128.86,-231.89,backfill
2026-03-10,S&P SL20,6280.42,151.56,backfill
2026-03-11,S&P SL20,6279.7,-0.72,backfill
2026-03-12,S&P SL20,6172.28,-107.42,backfill
2026-03-13,S&P SL20,6084.65,-87.63,backfill
2026-03-16,S&P SL20,5884.93,-199.72,backfill
2026-03-17,S&P SL20,5760.99,-123.94,backfill
2026-03-18,S&P SL20,5765.57,4.58,backfill
2026-03-19,S&P SL20,5651.41,-114.16,backfill
2026-03-20,S&P SL20,5752.19,100.78,backfill
2026-03-23,S&P SL20,5686.82,-65.37,backfill
2026-03-24,S&P SL20,5909.23,222.41,backfill
2026-03-25,S&P SL20,6134.23,225,backfill
2026-03-26,S&P SL20,6035.52,-98.71,backfill
2026-03-27,S&P SL20,5999.99,-35.53,backfill
2026-03-30,S&P SL20,5908.96,-91.03,backfill
2026-03-31,S&P SL20,5904.1,-4.86,backfill
2026-04-02,S&P SL20,5875.69,-28.41,backfill
2026-04-06,S&P SL20,5861.45,-14.24,backfill
2026-04-07,S&P SL20,5832.82,-28.63,backfill
2026-04-08,S&P SL20,6090.5,257.68,backfill
2026-04-09,S&P SL20,6076.18,-14.32,backfill
2026-04-10,S&P SL20,6152.73,76.55,backfill
2026-04-15,S&P SL20,6174.99,22.26,backfill
2026-04-16,S&P SL20,6230.76,55.77,backfill
2026-04-17,S&P SL20,6263.94,33.18,backfill
2026-04-20,S&P SL20,6222.79,-41.15,backfill
2026-04-21,S&P SL20,6222.46,-0.33,backfill
2026-04-22,S&P SL20,6213.84,-8.62,backfill
2026-04-23,S&P SL20,6205.73,-8.11,backfill
2026-04-24,S&P SL20,6204.62,-1.11,backfill
2026-04-27,S&P SL20,6214.56,9.94,backfill
2026-04-28,S&P SL20,6229.68,15.12,backfill
2026-04-29,S&P SL20,6241.01,11.33,backfill
2026-04-30,S&P SL20,6207.56,-33.45,backfill
2026-05-04,S&P SL20,6244.64,37.08,backfill
2026-05-05,S&P SL20,6213.24,-31.4,backfill
2026-05-06,S&P SL20,6245.13,31.89,backfill
2026-05-07,S&P SL20,6292.26,47.13,backfill
2026-05-08,S&P SL20,6319.24,26.98,backfill
2026-05-11,S&P SL20,6300.02,-19.22,backfill
2026-05-12,S&P SL20,6294.31,-5.71,backfill
2026-05-13,S&P SL20,6269.41,-24.9,backfill
2026-05-14,S&P SL20,6267.26,-2.15,backfill
2026-05-15,S&P SL20,6284.24,16.98,backfill
2026-05-18,S&P SL20,6161.98,-122.26,backfill
2026-05-19,S&P SL20,6148.77,-13.21,backfill
2026-05-20,S&P SL20,6034,-114.77,backfill
2026-05-21,S&P SL20,6038.71,4.71,backfill
2026-05-22,S&P SL20,6061.02,22.31,backfill
2026-05-25,S&P SL20,6179.1,118.08,backfill
2026-05-26,S&P SL20,6118.26,-60.84,backfill
2026-05-27,S&P SL20,6131.34,13.08,backfill
2026-05-29,S&P SL20,6159.15,27.81,backfill
2026-06-01,S&P SL20,6150.2,-8.95,backfill
2026-06-02,S&P SL20,6130.65,-19.55,backfill
2026-06-03,S&P SL20,6097.83,-32.82,backfill
2026-06-04,S&P SL20,6031.73,-66.1,backfill
2026-06-05,S&P SL20,6024,-7.73,backfill
2026-06-08,S&P SL20,5968.42,-55.58,backfill
2026-06-09,S&P SL20,6000.68,32.26,backfill
2026-06-10,S&P SL20,5985.42,-15.26,backfill
2026-06-11,S&P SL20,5935.28,-50.14,backfill
2026-06-12,S&P SL20,6027.05,91.77,backfill
2026-06-15,S&P SL20,6219.53,192.48,backfill
2026-06-16,S&P SL20,6221.32,1.79,backfill
2026-06-17,S&P SL20,6210.72,-10.6,backfill
2026-06-18,S&P SL20,6226.78,16.06,backfill
2026-06-19,S&P SL20,6215.3,-11.48,backfill
2026-06-22,S&P SL20,6195.71,-19.59,backfill
2026-06-23,S&P SL20,6193.65,-2.06,backfill
2026-06-24,S&P SL20,6181.65,-12,backfill
2026-06-25,S&P SL20,6242.75,61.1,backfill
2026-06-26,S&P SL20,6247.42,4.67,backfill
2026-06-30,S&P SL20,6205.05,-42.37,backfill
2026-07-01,S&P SL20,6206.51,1.46,backfill
2026-07-02,S&P SL20,6204.54,-1.97,backfill
2026-07-03,S&P SL20,6194.22,-10.32,backfill
2026-07-06,S&P SL20,6167.05,-27.17,backfill
2026-07-07,S&P SL20,6135.5,-31.55,backfill
2026-07-08,S&P SL20,6099.52,-35.98,backfill
2026-07-09,S&P SL20,6066.49,-33.03,backfill
2026-07-10,S&P SL20,6077.46,10.97,backfill
2026-07-13,S&P SL20,6022.19,-55.27,backfill
2026-07-14,S&P SL20,5997,-25.19,backfill
2026-07-15,S&P SL20,5988.62,-8.38,backfill
2026-07-16,S&P SL20,6004.99,16.37,backfill
2026-07-17,S&P SL20,5999.68,-5.31,backfill
2026-07-20,S&P SL20,5943.22,-56.46,backfill
2026-07-21,S&P SL20,5945.01,1.79,backfill
2026-07-22,S&P SL20,5932.62,-12.39,backfill
2026-07-23,S&P SL20,5945.87,13.25,backfill
2026-07-24,S&P SL20,5942.56,-3.31,backfill
2026-07-27,S&P SL20,5948.74,6.18,backfill
2026-07-28,S&P SL20,5961.4,12.66,backfill
2026-07-30,S&P SL20,5946.03,-15.37,backfill
2026-07-31,S&P SL20,5939.98,-6.05,backfill
2026-08-03,S&P SL20,5940.29,0.31,backfill
2026-08-04,S&P SL20,5936.94,-3.35,backfill
2026-08-05,S&P SL20,5945.09,8.15,backfill
2026-08-06,S&P SL20,5971.5,26.41,backfill
2026-08-07,S&P SL20,5988.16,16.66,backfill
2026-08-10,S&P SL20,5985.49,-2.67,backfill
2026-08-11,S&P SL20,5983.14,-2.35,backfill
2026-08-12,S&P SL20,6000.24,17.1,backfill
2026-08-13,S&P SL20,6032.09,31.85,backfill
2026-08-14,S&P SL20,6065.72,33.63,backfill
2026-08-17,S&P SL20,6084.54,18.82,backfill
2026-08-18,S&P SL20,6040.91,-43.63,backfill
2026-08-19,S&P SL20,6020.38,-20.53,backfill
2026-08-20,S&P SL20,6019.25,-1.13,backfill
2026-08-21,S&P SL20,6028.09,8.84,backfill
2026-08-24,S&P SL20,6009.4,-18.69,backfill
2026-08-25,S&P SL20,5994.81,-14.59,backfill
2026-08-28,S&P SL20,6005.34,10.53,backfill
2026-08-31,S&P SL20,6009.68,4.34,backfill
2026-09-01,S&P SL20,5986.45,-23.23,backfill
2026-09-02,S&P SL20,5983.5,-2.95,backfill
2026-09-03,S&P SL20,5995.25,11.75,backfill
2026-09-04,S&P SL20,6058.92,63.67,backfill
2026-09-07,S&P SL20,6066.55,7.63,backfill
2026-09-08,S&P SL20,6054.52,-12.03,backfill
2026-09-09,S&P SL20,6033.87,-20.65,backfill
2026-09-10,S&P SL20,6003.92,-29.95,backfill
2026-09-11,S&P SL20,6002.46,-1.46,backfill
2026-09-14,S&P SL20,5994.33,-8.13,backfill
2026-09-15,S&P SL20,5976.67,-17.66,backfill
2026-09-16,S&P SL20,5947.29,-29.38,backfill
2026-09-17,S&P SL20,5924.96,-22.33,backfill
2026-09-18,S&P SL20,5928.89,3.93,backfill
2026-09-21,S&P SL20,5909.45,-19.44,backfill
2026-09-22,S&P SL20,5928.86,19.41,backfill
2026-09-23,S&P SL20,5947.5,18.64,backfill
2026-09-24,S&P SL20,5942.78,-4.72,backfill
2026-09-25,S&P SL20,5940.72,-2.06,backfill
2026-09-28,S&P SL20,5920.72,-20,backfill
2026-09-29,S&P SL20,5896.4,-24.32,backfill
2026-09-30,S&P SL20,5894.16,-2.24,backfill
2026-10-01,S&P SL20,5901.65,7.49,backfill
2025-10-07,ASI,22163.23,,backfill
2025-10-08,ASI,22097.99,-65.24,backfill
2025-10-09,ASI,22174.74,76.75,backfill
2025-10-10,ASI,22318.72,143.98,backfill
2025-10-13,ASI,22321.08,2.36,backfill
2025-10-14,ASI,22372.57,51.49,backfill
2025-10-15,ASI,22292.28,-80.29,backfill
2025-10-16,ASI,22416.15,123.87,backfill
2025-10-17,ASI,22610.75,194.6,backfill
2025-10-21,ASI,22783.62,172.87,backfill
2025-10-22,ASI,22791.07,7.45,backfill
2025-10-23,ASI,22850.95,59.88,backfill
2025-10-24,ASI,22859.11,8.16,backfill
2025-10-27,ASI,22788.79,-70.32,backfill
2025-10-28,ASI,22689.22,-99.57,backfill
2025-10-29,ASI,22777.12,87.9,backfill
2025-10-30,ASI,22839.53,62.41,backfill
2025-10-31,ASI,22804.84,-34.69,backfill
2025-11-03,ASI,22918.97,114.13,backfill
2025-11-04,ASI,22953.49,34.52,backfill
2025-11-06,ASI,23115.12,161.63,backfill
2025-11-07,ASI,23338.25,223.13,backfill
2025-11-10,ASI,23502.59,164.34,backfill
2025-11-11,ASI,23582.16,79.57,backfill
2025-11-12,ASI,23659.7,77.54,backfill
2025-11-13,ASI,23461.46,-198.24,backfill
2025-11-14,ASI,23453.44,-8.02,backfill
2025-11-17,ASI,23223.68,-229.76,backfill
2025-11-18,ASI,23062.65,-161.03,backfill
2025-11-19,ASI,23029.86,-32.79,backfill
2025-11-20,ASI,23104.96,75.1,backfill
2025-11-21,ASI,22982.72,-122.24,backfill
2025-11-24,ASI,22644.88,-337.84,backfill
2025-11-25,ASI,22819.91,175.03,backfill
2025-11-26,ASI,22844.23,24.32,backfill
2025-11-27,ASI,22662.09,-182.14,backfill
2025-11-28,ASI,22742.46,80.37,backfill
2025-12-01,ASI,22087.07,-655.39,backfill
2025-12-02,ASI,22258.89,171.82,backfill
2025-12-03,ASI,21885.13,-373.76,backfill
2025-12-05,ASI,21602.49,-282.64,backfill
2025-12-08,ASI,21594.86,-7.63,backfill
2025-12-09,ASI,22099.72,504.86,backfill
2025-12-10,ASI,22422.43,322.71,backfill
2025-12-11,ASI,22459.28,36.85,backfill
2025-12-12,ASI,22508.51,49.23,backfill
2025-12-15,ASI,22281.43,-227.08,backfill
2025-12-16,ASI,22339.21,57.78,backfill
2025-12-17,ASI,22328.89,-10.32,backfill
2025-12-18,ASI,22323.54,-5.35,backfill
2025-12-19,ASI,22150.27,-173.27,backfill
2025-12-22,ASI,21920,-230.27,backfill
2025-12-23,ASI,21964.85,44.85,backfill
2025-12-24,ASI,21968.18,3.33,backfill
2025-12-26,ASI,22091.11,122.93,backfill
2025-12-29,ASI,22175.37,84.26,backfill
2025-12-30,ASI,22480.56,305.19,backfill
2025-12-31,ASI,22624.31,143.75,backfill
2026-01-02,ASI,22910.46,286.15,backfill
2026-01-05,ASI,23037.35,126.89,backfill
2026-01-06,ASI,23325.38,288.03,backfill
2026-01-08,ASI,23520.66,195.28,backfill
2026-01-09,ASI,23673.73,153.07,backfill
2026-01-12,ASI,23620.19,-53.54,backfill
2026-01-13,ASI,23607.8,-12.39,backfill
2026-01-14,ASI,23736.76,128.96,backfill
2026-01-16,ASI,23750.12,13.36,backfill
2026-01-19,ASI,23639.43,-110.69,backfill
2026-01-20,ASI,23623.74,-15.69,backfill
2026-01-21,ASI,23803.9,180.16,backfill
2026-01-22,ASI,23833.71,29.81,backfill
2026-01-23,ASI,23956.51,122.8,backfill
2026-01-26,ASI,23955.91,-0.6,backfill
2026-01-27,ASI,23960.16,4.25,backfill
2026-01-28,ASI,23967.22,7.06,backfill
2026-01-29,ASI,23926.41,-40.81,backfill
2026-01-30,ASI,23812.31,-114.1,backfill
2026-02-02,ASI,23710.66,-101.65,backfill
2026-02-03,ASI,23764.8,54.14,backfill
2026-02-05,ASI,23798.17,33.37,backfill
2026-02-06,ASI,23801.96,3.79,backfill
2026-02-09,ASI,23774.13,-27.83,backfill
2026-02-10,ASI,23656.68,-117.45,backfill
2026-02-11,ASI,23653.75,-2.93,backfill
2026-02-12,ASI,23667.18,13.43,backfill
2026-02-13,ASI,23735.73,68.55,backfill
2026-02-16,ASI,23900.11,164.38,backfill
2026-02-17,ASI,23898.42,-1.69,backfill
2026-02-18,ASI,23934.24,35.82,backfill
2026-02-19,ASI,23849.41,-84.83,backfill
2026-02-20,ASI,23797.94,-51.47,backfill
2026-02-23,ASI,23819.21,21.27,backfill
2026-02-24,ASI,23722.82,-96.39,backfill
2026-02-25,ASI,23740.98,18.16,backfill
2026-02-26,ASI,23783.24,42.26,backfill
2026-02-27,ASI,23773.02,-10.22,backfill
2026-03-03,ASI,22442.39,-1330.63,backfill
2026-03-04,ASI,22600.55,158.16,backfill
2026-03-05,ASI,22824.55,224,backfill
2026-03-06,ASI,22717.17,-107.38,backfill
2026-03-09,ASI,21979.11,-738.06,backfill
2026-03-10,ASI,22397.51,418.4,backfill
2026-03-11,ASI,22346.09,-51.42,backfill
2026-03-12,ASI,22017.6,-328.49,backfill
2026-03-13,ASI,21692.55,-325.05,backfill
2026-03-16,ASI,20957.08,-735.47,backfill
2026-03-17,ASI,20433.78,-523.3,backfill
2026-03-18,ASI,20754.04,320.26,backfill
2026-03-19,ASI,20247.11,-506.93,backfill
2026-03-20,ASI,20680.08,432.97,backfill
2026-03-23,ASI,20388.16,-291.92,backfill
2026-03-24,ASI,21115.84,727.68,backfill
2026-03-25,ASI,21871.88,756.04,backfill
2026-03-26,ASI,21419.94,-451.94,backfill
2026-03-27,ASI,21394.17,-25.77,backfill
2026-03-30,ASI,21110.95,-283.22,backfill
2026-03-31,ASI,21080.33,-30.62,backfill
2026-04-02,ASI,21117.42,37.09,backfill
2026-04-06,ASI,21126.6,9.18,backfill
2026-04-07,ASI,21032.46,-94.14,backfill
2026-04-08,ASI,21917.6,885.14,backfill
2026-04-09,ASI,21844.54,-73.06,backfill
2026-04-10,ASI,22158.72,314.18,backfill
2026-04-15,ASI,22261.48,102.76,backfill
2026-04-16,ASI,22588.97,327.49,backfill
2026-04-17,ASI,22773.29,184.32,backfill
2026-04-20,ASI,22570.03,-203.26,backfill
2026-04-21,ASI,22625.48,55.45,backfill
2026-04-22,ASI,22639.81,14.33,backfill
2026-04-23,ASI,22580.07,-59.74,backfill
2026-04-24,ASI,22567.63,-12.44,backfill
2026-04-27,ASI,22612.31,44.68,backfill
2026-04-28,ASI,22620.15,7.84,backfill
2026-04-29,ASI,22635,14.85,backfill
2026-04-30,ASI,22549.53,-85.47,backfill
2026-05-04,ASI,22710.35,160.82,backfill
2026-05-05,ASI,22622.34,-88.01,backfill
2026-05-06,ASI,22739.77,117.43,backfill
2026-05-07,ASI,22984.5,244.73,backfill
2026-05-08,ASI,23086.01,101.51,backfill
2026-05-11,ASI,23011.72,-74.29,backfill
2026-05-12,ASI,23015.32,3.6,backfill
2026-05-13,ASI,22936.16,-79.16,backfill
2026-05-14,ASI,22917.31,-18.85,backfill
2026-05-15,ASI,22905.75,-11.56,backfill
2026-05-18,ASI,22337.72,-568.03,backfill
2026-05-19,ASI,22334.26,-3.46,backfill
2026-05-20,ASI,21856.2,-478.06,backfill
2026-05-21,ASI,21853.57,-2.63,backfill
2026-05-22,ASI,21982.15,128.58,backfill
2026-05-25,ASI,22388.39,406.24,backfill
2026-05-26,ASI,22182.42,-205.97,backfill
2026-05-27,ASI,22199.23,16.81,backfill
2026-05-29,ASI,22310.8,111.57,backfill
2026-06-01,ASI,22256.26,-54.54,backfill
2026-06-02,ASI,22198.12,-58.14,backfill
2026-06-03,ASI,22011.1,-187.02,backfill
2026-06-04,ASI,21760.31,-250.79,backfill
2026-06-05,ASI,21752.98,-7.33,backfill
2026-06-08,ASI,21439.58,-313.4,backfill
2026-06-09,ASI,21569.4,129.82,backfill
2026-06-10,ASI,21461.63,-107.77,backfill
2026-06-11,ASI,21286.14,-175.49,backfill
2026-06-12,ASI,21642.95,356.81,backfill
2026-06-15,ASI,22394.64,751.69,backfill
2026-06-16,ASI,22396.67,2.03,backfill
2026-06-17,ASI,22401.09,4.42,backfill
2026-06-18,ASI,22436.14,35.05,backfill
2026-06-19,ASI,22352.59,-83.55,backfill
2026-06-22,ASI,22253.52,-99.07,backfill
2026-06-23,ASI,22266.56,13.04,backfill
2026-06-24,ASI,22218.16,-48.4,backfill
2026-06-25,ASI,22425.61,207.45,backfill
2026-06-26,ASI,22409.81,-15.8,backfill
2026-06-30,ASI,22263.28,-146.53,backfill
2026-07-01,ASI,22232.25,-31.03,backfill
2026-07-02,ASI,22229.71,-2.54,backfill
2026-07-03,ASI,22191.95,-37.76,backfill
2026-07-06,ASI,22093.51,-98.44,backfill
2026-07-07,ASI,21970.79,-122.72,backfill
2026-07-08,ASI,21812.62,-158.17,backfill
2026-07-09,ASI,21704.45,-108.17,backfill
2026-07-10,ASI,21773.25,68.8,backfill
2026-07-13,ASI,21557.23,-216.02,backfill
2026-07-14,ASI,21424.71,-132.52,backfill
2026-07-15,ASI,21426.43,1.72,backfill
2026-07-16,ASI,21449.23,22.8,backfill
2026-07-17,ASI,21420.8,-28.43,backfill
2026-07-20,ASI,21208.1,-212.7,backfill
2026-07-21,ASI,21160.65,-47.45,backfill
2026-07-22,ASI,21149.56,-11.09,backfill
2026-07-23,ASI,21206.92,57.36,backfill
2026-07-24,ASI,21206.79,-0.13,backfill
2026-07-27,ASI,21191.57,-15.22,backfill
2026-07-28,ASI,21249.84,58.27,backfill
2026-07-30,ASI,21148.71,-101.13,backfill
2026-07-31,ASI,21142.1,-6.61,backfill
2026-08-03,ASI,21121.78,-20.32,backfill
2026-08-04,ASI,21101.87,-19.91,backfill
2026-08-05,ASI,21215.84,113.97,backfill
2026-08-06,ASI,21269.67,53.83,backfill
2026-08-07,ASI,21370.09,100.42,backfill
2026-08-10,ASI,21417.47,47.38,backfill
2026-08-11,ASI,21403.05,-14.42,backfill
2026-08-12,ASI,21436.18,33.13,backfill
2026-08-13,ASI,21539,102.82,backfill
2026-08-14,ASI,21644.01,105.01,backfill
2026-08-17,ASI,21616.88,-27.13,backfill
2026-08-18,ASI,21479.07,-137.81,backfill
2026-08-19,ASI,21428.72,-50.35,backfill
2026-08-20,ASI,21429.65,0.93,backfill
2026-08-21,ASI,21416.61,-13.04,backfill
2026-08-24,ASI,21362.18,-54.43,backfill
2026-08-25,ASI,21300.9,-61.28,backfill
2026-08-28,ASI,21322.86,21.96,backfill
2026-08-31,ASI,21338.84,15.98,backfill
2026-09-01,ASI,21318.31,-20.53,backfill
2026-09-02,ASI,21325.64,7.33,backfill
2026-09-03,ASI,21395.11,69.47,backfill
2026-09-04,ASI,21620.44,225.33,backfill
2026-09-07,ASI,21635.03,14.59,backfill
2026-09-08,ASI,21542.23,-92.8,backfill
2026-09-09,ASI,21466,-76.23,backfill
2026-09-10,ASI,21372.45,-93.55,backfill
2026-09-11,ASI,21398.53,26.08,backfill
2026-09-14,ASI,21310.47,-88.06,backfill
2026-09-15,ASI,21262.13,-48.34,backfill
2026-09-16,ASI,21133.41,-128.72,backfill
2026-09-17,ASI,21033.11,-100.3,backfill
2026-09-18,ASI,21062.47,29.36,backfill
2026-09-21,ASI,20980.55,-81.92,backfill
2026-09-22,ASI,21116.29,135.74,backfill
2026-09-23,ASI,21097.46,-18.83,backfill
2026-09-24,ASI,21066.89,-30.57,backfill
2026-09-25,ASI,21064.44,-2.45,backfill
2026-09-28,ASI,20955.56,-108.88,backfill
2026-09-29,ASI,20847.26,-108.3,backfill
2026-09-30,ASI,20812.93,-34.33,backfill
2026-10-01,ASI,20877.65,64.72,backfill
2026-10-06,EGY,2699.34,15.97,daily
2026-10-06,MAT,3031.75,-4.35,daily
2026-10-06,CG,2191.49,12.69,daily
2026-10-06,CPS,2071.44,3.5,daily
2026-10-06,TRP,90509.26,-161.44,daily
2026-10-06,A&C,1072.39,-2.68,daily
2026-10-06,CDA,1738.56,-5.53,daily
2026-10-06,CS,486.84,-0.5,daily
2026-10-06,RET,2908.58,9.32,daily
2026-10-06,FSR,4080.42,62.11,daily
2026-10-06,FBT,2259.03,17.46,daily
2026-10-06,HPP,1328.89,23.82,daily
2026-10-06,HES,1685.77,-3.86,daily
2026-10-06,BNK,1683.96,1.27,daily
2026-10-06,DF,3205.56,13.88,daily
2026-10-06,INS,2326.9,4.81,daily
2026-10-06,S&S,1011.99,39.47,daily
2026-10-06,TEL,3550.42,5.63,daily
2026-10-06,UTI,1928.23,4.08,daily
2026-10-06,RE,3291.69,-0.27,daily
2026-10-06,S&P SL20,5844.28,-2.74,daily
2026-10-06,ASI,20650.23,5.97,daily
2026-10-06,ASTRI,32528.09,9.4,daily
2026-10-06,S&P SL20 TRI,12411.97,-5.81,daily
2026-10-05,ASTRI,32518.69,,daily
2026-10-05,S&P SL20 TRI,12417.78,,daily
2026-10-07,EGY,2642,-46.32,daily
2026-10-07,MAT,3013.13,-15.22,daily
2026-10-07,CG,2171.64,-11.24,daily
2026-10-07,CPS,2055.34,-22.97,daily
2026-10-07,TRP,90640.35,128.33,daily
2026-10-07,A&C,1085.79,13.4,daily
2026-10-07,CDA,1741.26,6.06,daily
2026-10-07,CS,485.58,1.01,daily
2026-10-07,RET,2874.61,-29.71,daily
2026-10-07,FSR,3961.74,-83.16,daily
2026-10-07,FBT,2239.01,-6.59,daily
2026-10-07,HPP,1305.07,-23.82,daily
2026-10-07,HES,1651.15,-18.18,daily
2026-10-07,BNK,1672.21,-5.89,daily
2026-10-07,DF,3193.35,-5.03,daily
2026-10-07,INS,2256.42,-78.95,daily
2026-10-07,S&S,1003.7,-5.6,daily
2026-10-07,TEL,3528.03,-20.23,daily
2026-10-07,UTI,1915.54,-4.71,daily
2026-10-07,RE,3260.32,-13.26,daily
2026-10-07,S&P SL20,5816.4,-27.88,daily
2026-10-07,ASI,20517.55,-132.68,daily
2026-10-07,ASTRI,32321.1,-206.99,daily
2026-10-07,S&P SL20 TRI,12354.49,-57.48,daily
2026-10-08,EGY,2625.72,-10.74,daily
2026-10-08,MAT,2976.18,-33.7,daily
2026-10-08,CG,2151.64,-19.09,daily
2026-10-08,CPS,2005.91,-52.68,daily
2026-10-08,TRP,91673.85,0,daily
2026-10-08,A&C,1058.98,-14.75,daily
2026-10-08,CDA,1698.44,-29.62,daily
2026-10-08,CS,479.22,-2.33,daily
2026-10-08,RET,2845.72,-31.18,daily
2026-10-08,FSR,3896.8,-176.41,daily
2026-10-08,FBT,2202.88,-31.43,daily
2026-10-08,HPP,1281.25,-23.82,daily
2026-10-08,HES,1601.97,-42.49,daily
2026-10-08,BNK,1658.43,-11.93,daily
2026-10-08,DF,3125.95,-50.61,daily
2026-10-08,INS,2301.45,-14,daily
2026-10-08,S&S,971.43,-29.64,daily
2026-10-08,TEL,3484.85,-36.11,daily
2026-10-08,UTI,1864.26,-51.9,daily
2026-10-08,RE,3187.87,-72.06,daily
2026-10-08,ASI,20234.34,-283.21,daily
2026-10-08,S&P SL20,5762.56,-53.84,daily
2026-10-08,ASTRI,31874.96,-446.14,daily
2026-10-08,S&P SL20 TRI,12240.14,-114.35,daily
