report_id,code,period_date,fye,shares,eps,eps_class,eps_status,profit,unit,eps_line,nav,nav_status,equity,nav_line,url
48521,AAF,2025-06-30,1,124195533.6949937,1.46,quarter,verified,181180389,1,Earnings Per Share - Basic  1.46  0.93  56.86%,31.96,verified,3969176586,Net Assets Per Share  31.96  30.43,https://cdn.cse.lk/cmt/upload_report_file/1108_1754301797313.pdf
49116,AAF,2025-09-30,1,124195533.6949937,1.76,quarter,verified,218855840,1,Basic Earnings Per Share (Rs.)  1.76  1.49  18.10%  3.22  2.42  32.87%,33.62,verified,4176034849,"• Net Asset Value per share improved to Rs. 33.62, up from Rs. 29.52 year-over-year (YOY).",https://cdn.cse.lk/cmt/upload_report_file/1108_1761821165389.pdf
50009,AAF,2025-12-31,1,124195533.6949937,2.26,quarter,verified,280257691,1,Basic Earnings Per Share (Rs.)  2.26  1.61  40.19%  5.48  4.03  35.79%,35.62,verified,4424231437,"  Net Asset Value per share improved to Rs. 35.62, from Rs. 31.13 year-on-year.",https://cdn.cse.lk/cmt/upload_report_file/1108_1769769143644.pdf
51022,AAF,2026-03-31,1,124195533.6949937,8.36,ytd,verified,1038400000.0000001,1000000,"•  Basic Earnings Per Share (EPS) improved to Rs. 8.36 for the year ended 31st March 2026,",38.45,verified,4775436775,Net Assets Value Per Share (Rs.)  38.45  30.43,https://cdn.cse.lk/cmt/upload_report_file/1108_1778154056385.pdf
52138,AAF,2026-06-30,1,124195533.6949937,3.46,quarter,verified,429411257,1,Basic Earnings Per Share (Rs.)  3.46  1.46  137.01%,41.89,verified,5202839932,Net Assets Value Per Share (Rs.)  41.89  38.45,https://cdn.cse.lk/cmt/upload_report_file/1108_1785236157796.pdf
48578,AAIC,2025-06-30,2,316406249.01960784,2.35,quarter,verified,743527000,1000,Earnings per share,37.72,verified,11936118000,Net assets per share  37.72  32.73,https://cdn.cse.lk/cmt/upload_report_file/364_1754879693854.pdf
49264,AAIC,2025-09-30,2,316406249.5483363,3.38,quarter,verified,1070046000,1000,Earnings per share,36.72,verified,11619282000,Net assets per share  36.72  36.77  32.73,https://cdn.cse.lk/cmt/upload_report_file/364_1762507012182.pdf
50227,AAIC,2025-12-31,2,316406249.5483363,7.55,quarter,verified,2389200000,1000,Earnings per share,43.2,verified,13667619000,Net assets per share  43.20  41.92  32.73,https://cdn.cse.lk/cmt/upload_report_file/364_1770808242676.pdf
51056,AAIC,2026-03-31,2,316406250,,,not found,,,,44.25,verified,14000009000,Net assets per share  44.25  43.20  43.48  41.92,https://cdn.cse.lk/cmt/upload_report_file/364_1778578221397.pdf
52358,AAIC,2026-06-30,2,316406249.5483363,2.51,quarter,verified,793192000,1000,Earnings per share,46.11,verified,14589665000,Net assets per share  46.11  43.20  46.14  41.92,https://cdn.cse.lk/cmt/upload_report_file/364_1786443015903.%20Interim%20Financial%20Statements%20-%20For%20the_Period%20ended%2030%20June%202026-CSE.pdf
48654,ABAN,2025-06-30,1,5110559.97644998,40.88,quarter,verified,208897401,1,Earnings per share - Basic/Diluted  40.88  21.16  40.88  21.16,571.21,verified,2919191565,Net Assets per Share  571.21  464.65  530.59,https://cdn.cse.lk/cmt/upload_report_file/642_1755085494490.pdf
49473,ABAN,2025-09-30,1,5110559.97644998,28.09,ytd,verified,143531803,1,Earnings per share - Basic/Diluted  28.09  34.73  68.96  55.90,584.29,verified,2986064968,Net Assets per Share  584.29  489.38  530.59,https://cdn.cse.lk/cmt/upload_report_file/642_1763026544505.09.2025_Final.pdf
50214,ABAN,2025-12-31,1,5110559.97644998,25.92,ytd,verified,132442736,1,Earnings per share - Basic/Diluted  25.92  22.34  94.88  78.17,610.21,verified,3118507704,Net Assets per Share  610.21  511.65  530.59,https://cdn.cse.lk/cmt/upload_report_file/642_1770805922769.12.2025_Final.pdf
51450,ABAN,2026-03-31,1,5110559.97644998,21.08,ytd,verified,107711136,1,Earnings per share - Basic/Diluted  21.08  19.70  115.95  97.87,655.91,verified,3352060611,Net Assets per Share  655.91  527.00  530.59,https://cdn.cse.lk/cmt/upload_report_file/642_1779961072679.03.2026.pdf
52462,ABAN,2026-06-30,1,5110559.96616882,33.35,quarter,verified,170458365,1,Earnings per share - Basic/Diluted  33.35  40.88  33.35  40.88,689.26,verified,3522518976,Net Assets per Share  689.26  571.21  655.91,https://cdn.cse.lk/cmt/upload_report_file/642_1786615449693.06.2026.pdf
48673,ABL,2025-06-30,2,551125747.5154281,1.64,ytd,verified,901334000,1000,Earnings Per Share -,43.14,verified,23776223000,Net Asset Value per Ordinary Share  43.14  41.45,https://cdn.cse.lk/cmt/upload_report_file/1303_1755163565816.pdf
49396,ABL,2025-09-30,2,551125747.5154281,2.92,ytd,verified,1607246000,1000,Earnings Per Share -,44.84,verified,24713279000,Net Asset Value per Ordinary Share  44.84  41.45,https://cdn.cse.lk/cmt/upload_report_file/1303_1762945825720.pdf
50612,ABL,2025-12-31,2,551125747.5154281,4.5,ytd,verified,2480983000,1000,Earnings Per Share -,45.52,verified,25085115000,Net Asset Value per Ordinary Share  45.52  41.45,https://cdn.cse.lk/cmt/upload_report_file/1303_1772106542773.pdf
51109,ABL,2026-03-31,2,551222809.2288307,0.91,quarter,verified,501960000,1000,Earnings Per Share -,46.09,verified,25405219000,Net Asset Value per Ordinary Share  46.09  45.52,https://cdn.cse.lk/cmt/upload_report_file/1303_1778762290403.pdf
52543,ABL,2026-06-30,2,551222809.2288307,2.04,ytd,verified,1124622000,1000,Earnings Per Share -,47.3,verified,26072372000,Bank’s Net Asset Value Per Share of LKR 47.30.,https://cdn.cse.lk/cmt/upload_report_file/1303_1786627989885.pdf
48827,ACAP,2025-06-30,1,131329995,,,not found,,,,-3.25,verified,-427158000,Net Asset Per Share (Rs.)  (3.25)  (0.92)  (0.18)  0.85,https://cdn.cse.lk/cmt/upload_report_file/363_1755664250892.%20ACAP%20Q2%20-%20CSE%20V2.pdf
49703,ACAP,2025-09-30,1,131329995.36697438,,,not found,,,,,not found,,,https://cdn.cse.lk/cmt/upload_report_file/363_1763360467848.%20ACAP%20CSE%20Q2%20-%20%2030.09.2025%20V%2004.pdf
50528,ACAP,2025-12-31,1,131329995.36697438,-2.81,quarter,verified,-368879000,1000,Basic Earnings/(Loss) Per Share (Rs.)  (2.81)  (3.29)  (1.12)  (0.84),,not found,,,https://cdn.cse.lk/cmt/upload_report_file/363_1770981886775.%20ACAP%20CSE%20Q3%20-%2031.12.2025%20V%2001.pdf
51696,ACAP,2026-03-31,1,131329995.36697438,-1.8,quarter,verified,-236251000,1000,Basic Earnings/(Loss) Per Share (Rs.)  (1.80)  2.90  1.20  6.36,,not found,,,https://cdn.cse.lk/cmt/upload_report_file/363_1780284219403.03.2026%20V%2002.pdf
48742,ACL,2025-06-30,1,239574717.21561173,6.71,quarter,verified,1606780000,1000,Earnings per share (Basic/Diluted) (Rs.)  6.71  5.22  3.00  2.21,134.05,verified,32114253000,Net asset value per share  134.05  127.23  59.45  56.44,https://cdn.cse.lk/cmt/upload_report_file/644_1755249635619.06.2025%20-%20ACL%20Cables%20PLC.pdf
49610,ACL,2025-09-30,1,239574717.21561173,6.19,quarter,verified,1484069000,1000,Earnings per share (Rs.)  6.19  4.46  12.90  9.69,141.68,verified,33942739000,Net asset value per share  141.68  128.55  64.06  56.44,https://cdn.cse.lk/cmt/upload_report_file/644_1763113295605.09.2025.pdf
50368,ACL,2025-12-31,1,718724151.6468352,2.57,quarter,verified,1849214000,1000,Basic / Diluted Earnings per share (Rs.)  2.57  1.53  6.87  4.76,49.36,verified,35474951000,Net asset value per share  49.36  42.85  22.21  18.81,https://cdn.cse.lk/cmt/upload_report_file/644_1770974063006.12.2025.pdf
51535,ACL,2026-03-31,1,718724151.6468352,2.26,ytd,verified,1622544000,1000,Earnings per share (Rs.)  2.26  1.84  9.13  6.37,51.62,verified,37103167000,Net asset value per share  51.62  42.85  23.59  18.81,https://cdn.cse.lk/cmt/upload_report_file/644_1780045529078.03.2026.pdf
52620,ACL,2026-06-30,1,718724151.6468352,2.56,quarter,verified,1842906000,1000,Earnings per share (Basic/Diluted) (Rs.)  2.56  2.24  1.25  1.00,54.04,verified,38843329000,Net asset value per share  54.04  51.34  24.86  23.60,https://cdn.cse.lk/cmt/upload_report_file/644_1786700245863.06.2026%201.pdf
48604,ACME,2025-06-30,1,665000000,,,not found,,,,,not found,,,https://cdn.cse.lk/cmt/upload_report_file/661_1754989707564.pdf
49415,ACME,2025-09-30,1,665000000,,,not found,,,,,not found,,,https://cdn.cse.lk/cmt/upload_report_file/661_1762939797739.pdf
50423,ACME,2025-12-31,1,665000000,,,not found,,,,,not found,,,https://cdn.cse.lk/cmt/upload_report_file/661_1770976950085.pdf
51692,ACME,2026-03-31,1,665000000,,,not found,,,,0.76,verified,508245000,Net Assets Per Share  Rs.  0.76  Rs.  (5.46) Rs.  1.59  Rs.  (0.38),https://cdn.cse.lk/cmt/upload_report_file/661_1780281500771.pdf
52502,ACME,2026-06-30,1,665000003.267301,-0.01,quarter,verified,-6922000,1000,Basic Loss per Share  Rs.  (0.01) Rs.  (0.42)  98%,0.77,verified,511356000,Net Assets Per Share  Rs.  0.77  Rs.  0.78  Rs.  (6.43)  Rs.  1.24  Rs.  1.28  Rs.  (1.14),https://cdn.cse.lk/cmt/upload_report_file/661_1786617805817.pdf
48700,AEL,2025-06-30,1,1000000000,0.96,quarter,verified,961073230,1,Basic earnings per share  0.96  1.12  0.48  0.80,,not found,,,https://cdn.cse.lk/cmt/upload_report_file/1141_1755168148195.pdf
49644,AEL,2025-09-30,1,1000000000,1.58,quarter,verified,1575024420,1,Basic earnings per share  1.58  1.30  2.54  2.42,37.37,verified,37370406526,Net asset per share  37.37  40.13  28.28  27.99,https://cdn.cse.lk/cmt/upload_report_file/1141_1763118849399.pdf
50218,AEL,2025-12-31,1,1000000000,1.24,quarter,verified,1241743142,1,Basic earnings per share  1.24  1.12  3.79  3.54,37.61,verified,37612149667,Net asset per share  37.61  40.13  28.02  27.99,https://cdn.cse.lk/cmt/upload_report_file/1141_1770807536303.pdf
51413,AEL,2026-03-31,1,1000000000,3.31,quarter,verified,3376855118,1,Basic earnings per share  3.31  2.43  7.09  6.31,40.99,verified,40989659277,Net asset per share  40.99  40.13  29.34  27.99,https://cdn.cse.lk/cmt/upload_report_file/1141_1779883539555.pdf
52404,AEL,2026-06-30,1,1000000000,1.71,quarter,verified,1714069833,1,Earnings per share,41.95,verified,41953806969,Net asset per share  41.95  41.15  28.54  29.14,https://cdn.cse.lk/cmt/upload_report_file/1141_1786533585205.pdf
48728,AFS,2025-06-30,1,37950000,,,not found,,,,5.22,verified,198216726,Net Assets Value Per Share  5.22  4.85,https://cdn.cse.lk/cmt/upload_report_file/2774_1755226282961.06.2025%20Signed.pdf
49495,AFS,2025-09-30,1,37950000,,,not found,,,,5.74,verified,217887512,Net Assets Value Per Share  5.74  4.72,https://cdn.cse.lk/cmt/upload_report_file/2774_1763025600606.09.2025_FINAL.pdf
50212,AFS,2025-12-31,1,37950000,,,not found,,,,7.73,verified,293414367,Net Assets Per Share (Rs.)  7.73  6.51,https://cdn.cse.lk/cmt/upload_report_file/2774_1770805461873.12.2025%20AFS%20FS_V4-CSE_NEW%2010.02.2026ALL.pdf
51461,AFS,2026-03-31,1,37950000,,,not found,,,,6.04,verified,229334600,Net Asset Per share  6.04  4.72,https://cdn.cse.lk/cmt/upload_report_file/2774_1779981457692.03.2026%20AFS_Print_V1.pdf
52493,AFS,2026-06-30,1,37950000,,,not found,,,,5.84,verified,221489144,Net Assets Per Share (Rs.)  5.84  5.90,https://cdn.cse.lk/cmt/upload_report_file/2774_1786618602975.06.2026_CSE%20FORMAT_V1%20FINAL.pdf
48454,AFSL,2025-06-30,1,73693171,,,not found,,,,,not found,,,https://cdn.cse.lk/cmt/upload_report_file/1069_1753788284573.pdf
49162,AFSL,2025-09-30,1,73693171,4.3,ytd,verified,317184754,1,Earnings Per Share  4.30  2.O4  1110/o  2.52  1.29,,not found,,,https://cdn.cse.lk/cmt/upload_report_file/1069_1762166307191.pdf
50004,AFSL,2025-12-31,1,73693171,7.09,ytd,verified,522000000,1000000,Earnings Per Share  7.09  4.19  69o/o  2.78  2.74,,not found,,,https://cdn.cse.lk/cmt/upload_report_file/1069_1769765134754.pdf
51646,AFSL,2026-03-31,1,73693171,,,not found,,,,,not found,,,https://cdn.cse.lk/cmt/upload_report_file/1069_1780052745525.pdf
52327,AFSL,2026-06-30,1,73693171,,,not found,,,,,not found,,,https://cdn.cse.lk/cmt/upload_report_file/1069_1786361353003.06.2026.pdf
48732,AGAL,2025-06-30,2,156250000,1.44,quarter,verified,224940000,1000,Basic Earnings per share (Rs.)  1.44  0.77  87.08  3.76  2.83  33.03,,not found,,,https://cdn.cse.lk/cmt/upload_report_file/704_1755225732022.pdf
49247,AGAL,2025-09-30,2,156250000,2.27,quarter,verified,354105000,1000,Basic profit/(loss) per share (Rs.)  2.27  2.36  (3.94)  6.03  5.18  16.20,,not found,,,https://cdn.cse.lk/cmt/upload_report_file/704_1762441897802.pdf
50603,AGAL,2025-12-31,2,156250000,0.86,quarter,verified,134620000,1000,Basic profit/(loss) per share (Rs.)  0.86  (0.18)  (570.00)  6.89  5.00  37.69,,not found,,,https://cdn.cse.lk/cmt/upload_report_file/704_1772096932960.Quarterly%20Financial%20%20Statements%20-%2031st%20December%202025.pdf
51081,AGAL,2026-03-31,2,156250000,1.64,quarter,verified,255604000,1000,Basic profit/(loss) per share (Rs.)  1.64  2.32  (29.46),,not found,,,https://cdn.cse.lk/cmt/upload_report_file/704_1778676583322.Quarterly%20Financial%20%20Statements%20-%2031st%20Mar%202026%20.pdf
52444,AGAL,2026-06-30,2,156250000,0.53,quarter,verified,82729000,1000,Basic profit/(loss) per share (Rs.)  0.53  1.44  (63.22)  2.17  3.76  (42.39),,not found,,,https://cdn.cse.lk/cmt/upload_report_file/704_1786612872079.Quarterly%20Financial%20%20Statements%20-%2030th%20June%202026.pdf
48682,AGPL,2025-06-30,1,499999996.530535,0.22,quarter,verified,113692000,1000,Basic Earnings Per Share  0.22  0.71,8.75,verified,4372998000,Net Assets Per Share (Rs.)  8.75  8.47  8.70  8.50,https://cdn.cse.lk/cmt/upload_report_file/3027_1755164632325.pdf
49474,AGPL,2025-09-30,1,499999996.530535,0.16,quarter,verified,79029000,1000,Basic Earnings Per Share  0.16  0.79  0.38  1.50,8.9,verified,4452026000,Net Assets Per Share (Rs.)  8.90  8.47  8.90  8.50,https://cdn.cse.lk/cmt/upload_report_file/3027_1763026804267.pdf
50144,AGPL,2025-12-31,1,499999996.530535,0.19,quarter,verified,94436000,1000,Basic Earnings Per Share  0.19  0.38  0.57  1.88,9.09,verified,4546462000,Net Assets Per Share (Rs.)  9.09  8.47  9.07  8.50,https://cdn.cse.lk/cmt/upload_report_file/3027_1770639043555.pdf
51412,AGPL,2026-03-31,1,499999996.530535,-0.03,quarter,verified,-13483000,1000,Basic Earnings / (Loss) Per Share  (0.03)  (0.27)  0.54  1.58,8.17,verified,4084223000,Net Assets Per Share (Rs.)  8.17  8.47  8.13  8.50,https://cdn.cse.lk/cmt/upload_report_file/3027_1779883624346.03.2026%20Consolidated%20Interim%20Financial%20Statements%2031.03.2026.pdf
52313,AGPL,2026-06-30,1,499999996.530535,0.14,quarter,verified,68613000,1000,Basic Earnings/ (Loss) Per Share  0.14  0.22,8.38,verified,4190336000,Net Assets Per Share (Rs.)  8.38  8.24  8.33  8.20,https://cdn.cse.lk/cmt/upload_report_file/3027_1786356977487.06.2026%20%20Consolidated%20%20Interim%20FS%20-.pdf
48735,AGST,2025-06-30,1,461289462.7433461,0.12,quarter,verified,58660000,1000000,Basic earnings/(loss) per share (Rs.)  0.12  (0.27)  145%  (0.50),,not found,,,https://cdn.cse.lk/cmt/upload_report_file/1121_1755232075652.pdf
49364,AGST,2025-09-30,1,487499997.75573057,0.1,quarter,verified,49370000,1000000,Basic earnings/(loss) per share (Rs.)  0.10  (0.11)  192%  0.21  (0.33)  164%  (0.75),16.7,verified,8140160000,Net assets per share (Rs.)  16.70  14.76  16.48  15.01  12.98  14.79,https://cdn.cse.lk/cmt/upload_report_file/1121_1762852971983.pdf
50437,AGST,2025-12-31,1,487499997.75573057,0.11,quarter,verified,51230000,1000000,Basic earnings/(loss) per share (Rs.)  0.11  0.03  250%  0.33  (0.36)  191%  (0.50),16.71,verified,8147090000,Net assets per share (Rs.)  16.71  14.80  16.48  15.11  13.01  14.79,https://cdn.cse.lk/cmt/upload_report_file/1121_1770979698238.pdf
51469,AGST,2026-03-31,1,487499997.75573057,0.06,quarter,verified,31310000,1000000,Basic earnings/(loss) per share (Rs.)  0.06  (0.46)  114%  0.29  (0.75)  139%,16.78,verified,8181140000,Net assets per share (Rs.)  16.78  16.48  15.34  14.79,https://cdn.cse.lk/cmt/upload_report_file/1121_1780022367251.pdf
52546,AGST,2026-06-30,1,487499997.75573057,0.41,quarter,verified,199640000,1000000,Basic earnings/(loss) per share (Rs.)  0.41  0.11  267%  0.40,17.3,verified,8435790000.000001,Net assets per share (Rs.)  17.30  16.60  16.89  15.78  14.91  15.34,https://cdn.cse.lk/cmt/upload_report_file/1121_1786626236244.pdf
48458,AHPL,2025-06-30,1,442775300.7734764,-0.41,quarter,verified,-180430000,1000,Loss per share - Basic/Diluted (Rs.)  (0.41)  (0.46),68,verified,30108007000,Net Assets Per Share (Rs.)  68.00  68.90,https://cdn.cse.lk/cmt/upload_report_file/690_1753866772705.pdf
49173,AHPL,2025-09-30,1,442775300.7734764,-0.08,quarter,verified,-33880000,1000,Loss per share - Basic/Diluted (Rs.)  (0.08)  (0.12)  (0.48)  (0.58),67.92,verified,30074882000,Net Assets Per Share (Rs.)  67.92  68.90,https://cdn.cse.lk/cmt/upload_report_file/690_1762247193084.pdf
49979,AHPL,2025-12-31,1,442775300.7734764,0.34,quarter,verified,152535000,1000,Earning/(Loss) per share - Basic/Diluted (Rs.)  0.34  (0.00)  (0.14)  (0.58),70.45,verified,31191603000,Net Assets Per Share (Rs.)  70.45  68.90,https://cdn.cse.lk/cmt/upload_report_file/690_1769592969275.pdf
51331,AHPL,2026-03-31,1,442775300.7734764,0.44,quarter,verified,194317000,1000,Earnings/(Loss) per share - Basic/Diluted (Rs.)  0.44  0.48  0.30  (0.10),70.8,verified,31349981000,Net Assets Per Share (Rs.)  70.80  68.90,https://cdn.cse.lk/cmt/upload_report_file/690_1779797662742.pdf
52119,AHPL,2026-06-30,1,442775300.7734764,-0.71,quarter,verified,-313260000,1000,Loss per share - Basic/Diluted (Rs.)  (0.71)  (0.41),69.6,verified,30815761000,Net Assets Per Share (Rs.)  69.60  70.80,https://cdn.cse.lk/cmt/upload_report_file/690_1785229453374.pdf
48688,AHUN,2025-06-30,1,336290009.10600346,-1.04,quarter,verified,-351125000,1000,Earnings/(loss) per share for the period - Rs.  (1.04)  (2.20)  (0.24)  0.14,68.81,verified,23306452000,Net Asset Value per share (Rs.)  68.81  61.92  70.10,https://cdn.cse.lk/cmt/upload_report_file/521_1755165242556.pdf
49561,AHUN,2025-09-30,1,336290009.10600346,-1.85,quarter,verified,-622200000,1000,Loss per share for the period - Rs.  (1.85)  (2.09)  (2.89)  (4.29),67.48,verified,22857046000,Net Asset value per share (Rs.)  67.48  58.63  70.10,https://cdn.cse.lk/cmt/upload_report_file/521_1763111216891.pdf
50261,AHUN,2025-12-31,1,336290009.10600346,3.99,quarter,verified,1341754000,1000,Earnings/(loss) per share for the period - Rs.  3.99  3.15  1.10  (1.13),72.78,verified,24640978000,Net Asset value per share (Rs.)  72.78  61.84  70.10,https://cdn.cse.lk/cmt/upload_report_file/521_1770887696562.pdf
51485,AHUN,2026-03-31,1,336290009.10600346,8.07,quarter,verified,2728013000,1000,Earnings per share for the period - Rs.  8.07  7.90  9.16  6.77,88.13,verified,29803703000,Net Asset value per share (Rs.)  88.13  70.10,https://cdn.cse.lk/cmt/upload_report_file/521_1780023846306.pdf
52596,AHUN,2026-06-30,1,336290009.10600346,-2.89,quarter,verified,-972302000,1000,Loss per share for the period - Rs.  (2.89)  (1.04)  (0.18)  (0.24),88.89,verified,30058705000,Net Asset Value per share (Rs.)  88.89  68.81  88.13,https://cdn.cse.lk/cmt/upload_report_file/521_1786698820226.pdf
48778,AINS,2025-06-30,2,65362926.37979271,0.74,quarter,verified,49173843,1,Basic Earning per Share (LKR)  0.74  1.45,28.97,verified,1918573347,Net Assets Per Share  28.97  23.88,https://cdn.cse.lk/cmt/upload_report_file/1405_1755257040454.pdf
49509,AINS,2025-09-30,2,66230406.40450116,0.59,quarter,verified,38927727,1,Basic Earning per Share (LKR)  0.59  1.27,30.14,verified,1996184748,Net Assets Per Share  30.14  23.88,https://cdn.cse.lk/cmt/upload_report_file/1405_1763027988226.pdf
50725,AINS,2025-12-31,2,66230403.11691161,3.49,quarter,verified,230818306,1,Basic Earning per Share (LKR)  3.49  3.55,28.85,verified,1910767571,Net Assets Per Share  28.85  23.88,https://cdn.cse.lk/cmt/upload_report_file/1405_1772791852043.pdf
51070,AINS,2026-03-31,2,66230403.11691161,0.08,quarter,verified,5572134,1,Basic Earning per Share (LKR)  0.08  0.18,27.9,verified,1847720479,Net Assets Per Share  27.90  27.63,https://cdn.cse.lk/cmt/upload_report_file/1405_1778666006696.pdf
52651,AINS,2026-06-30,2,66230406.40450116,0.35,quarter,verified,22889584,1,Basic Earning per Share (LKR)  0.35  0.74,25.83,verified,1710872122,Net Assets Per Share  25.83  28.97,https://cdn.cse.lk/cmt/upload_report_file/1405_1786702427086.pdf
50682,ALHP,2025-06-30,1,1281320813.7614272,-0.15,quarter,verified,-190610812,1,Basic Earnings / (Loss) Per Share (Rs.)  (0.15)  (0.10)  (0.05)  (0.07),,not found,,,https://cdn.cse.lk/cmt/upload_report_file/1283_1772508178434.06.2025%20%281%29.pdf
50683,ALHP,2025-09-30,1,1281320813.7614272,-0.07,quarter,verified,-91920502,1,Basic Earnings / (Loss) Per Share (Rs.)  (0.07)  (0.17)  (0.22)  (0.27)  (0.05)  (0.02)  (0.09)  (0.09),,not found,,,https://cdn.cse.lk/cmt/upload_report_file/1283_1772508222927.09.2025%20%281%29.pdf
50684,ALHP,2025-12-31,1,1281320813.7614272,-0.07,quarter,verified,-94964867,1,Basic Earnings / (Loss) Per Share (Rs.)  (0.07)  (0.07)  (0.29)  (0.34)  (0.05)  (0.04)  (0.14)  (0.13),,not found,,,https://cdn.cse.lk/cmt/upload_report_file/1283_1772508252197.12.2025%20%281%29.pdf
51593,ALHP,2026-03-31,1,1281320813.7614272,-0.07,quarter,verified,-89240410,1,Basic Earnings / (Loss) Per Share (Rs.)  (0.07)  (0.20)  (0.36)  (0.42)  (0.04)  (0.05)  (0.18)  (0.19),,not found,,,https://cdn.cse.lk/cmt/upload_report_file/1283_1780050816450.pdf
52471,ALHP,2026-06-30,1,1281320814,-0.07,unknown,verified,-88513982,1,Basic Earnings / (Loss) Per Share (Rs.)  (0.07)  (0.1 s)  (0.04)  (0.0s),,not found,,,https://cdn.cse.lk/cmt/upload_report_file/1283_1786616798591.%20%281%29.pdf
48754,ALLI,2025-06-30,1,33696000,,,not found,,,,281,verified,9462078978,Net assets value per share (Rs.)  281  277  287  283,https://cdn.cse.lk/cmt/upload_report_file/341_1755251301045.Interim%20FS%20Q1%202025-Published%20Format%20_%2030_06_2025%20%2814.08.2025%29-With%20Signature.pdf
49620,ALLI,2025-09-30,1,33696000,,,not found,,,,297,verified,10010262737,Net assets value per share (Rs.)  297  277  304  283,https://cdn.cse.lk/cmt/upload_report_file/341_1763116710642..Interim%20FS%20Q2%202025-Published%20Format%20_%2030_09_2025%20%2814.11.2025%29.pdf
50436,ALLI,2025-12-31,1,33696000,,,not found,,,,311,verified,10485399722,Net assets value per share (Rs.)  311  277  319  283,https://cdn.cse.lk/cmt/upload_report_file/341_1770978892475.Interim%20FS%20Q3%202025-Published%20Format%20_%2031_12_2025%20PDF%20%281%29.pdf
51633,ALLI,2026-03-31,1,33696000,,,not found,,,,327,verified,11024857212,Net assets value per share (Rs.)  327  277  336  283,https://cdn.cse.lk/cmt/upload_report_file/341_1780052600210.pdf
52668,ALLI,2026-06-30,1,33696000,,,not found,,,,336,verified,11336429432,Net assets value per share (Rs.)  336  326  349  337,https://cdn.cse.lk/cmt/upload_report_file/341_1786703508139.Interim%20FS%20Q1-2026-Published%20Format%20_%2030_06_2026.pdf
48526,ALUM,2025-06-30,1,598605683.6592846,0.04,ytd,verified,21435000,1000,1.45 Basic earnings per Share (Rs.)  0.04  (1.45),,not found,,,https://cdn.cse.lk/cmt/upload_report_file/1323_1754313251411.pdf
49105,ALUM,2025-09-30,1,598605683.6592846,0.12,ytd,verified,69289000,1000,1.45 Basic earnings per Share (Rs.)  0.12  (0.96)  0.08  0.11,,not found,,,https://cdn.cse.lk/cmt/upload_report_file/1323_1761815010905.pdf
50141,ALUM,2025-12-31,1,598605680,-0.08,ytd,verified,-46272000,1000,1.45  Basic earnings per Share (Rs.)  (0.08)  2.14  0.04  1.18,,not found,,,https://cdn.cse.lk/cmt/upload_report_file/1323_1770646028536.26%20Q03%20%28CSE%29%20_Final.pdf
51082,ALUM,2026-03-31,1,598605683.6592846,1.4,quarter,verified,840407000,1000,Basic earnings per Share (Rs.)  1.40  0.26  1.44  1.45,8.74,verified,5229903000,Net assets per share  8.74  7.56,https://cdn.cse.lk/cmt/upload_report_file/1323_1778680103613.26%20Q04%20%28CSE%29.pdf
52060,ALUM,2026-06-30,1,598605683.6592846,0.25,quarter,verified,149938000,1000,Basic earnings per Share (Rs.)  0.25  0.04,,not found,,,https://cdn.cse.lk/cmt/upload_report_file/1323_1784802624825.27%20Q01%20%28CSE%29%20Sgd%20%28Final%29%20%28002%29.pdf
48571,AMCL,2025-06-30,2,20000000,1.92,quarter,verified,38323531,1,Earning Per Share  1.92  0.60  3.26  0.36,188.86,verified,3777161382,(viii) Net Assets per Share (Rs.)  188.86  182.52,https://cdn.cse.lk/cmt/upload_report_file/1065_1754566552291..pdf
49132,AMCL,2025-09-30,2,20000000,2.9,quarter,verified,57911501,1,Earning Per Share  2.90  1.43  6.16  1.79,191.75,verified,3835072883,(viii) Net Assets per Share (Rs.)  191.75  183.95,https://cdn.cse.lk/cmt/upload_report_file/1065_1761909199975.pdf
50661,AMCL,2025-12-31,2,20000000,4.34,quarter,verified,86834025,1,Earning Per Share  4.34  2.11  10.50  3.90,195.59,verified,3911846281,(viii) Net Assets per Share (Rs.)  195.59  185.60,https://cdn.cse.lk/cmt/upload_report_file/1065_1772201635667.pdf
51105,AMCL,2026-03-31,2,20000000,2.96,unknown,verified,59239378,1,Basic Earning Per Share  2.96  1.35,199.14,verified,3982845850,(viii) Net Assets per Share (Rs.)  199.14  186.94,https://cdn.cse.lk/cmt/upload_report_file/1065_1778753443329.pdf
52526,AMCL,2026-06-30,2,20000000,2.69,quarter,verified,53713272,1,Basic Earning Per Share  2.69  1.92  5.65  3.26,,not found,,,https://cdn.cse.lk/cmt/upload_report_file/1065_1786622193946.pdf
48602,AMSL,2025-06-30,1,528457543.79832035,0.32,quarter,verified,169963365,1,Earnings Per Share - Basic  0.32  0.29  0.26  0.25,,not found,,,https://cdn.cse.lk/cmt/upload_report_file/513_1754997818624.pdf
49629,AMSL,2025-09-30,1,528457543.79832035,0.7,ytd,verified,369978537,1,Earnings Per Share - Basic  0.70  0.58  0.57  0.48,,not found,,,https://cdn.cse.lk/cmt/upload_report_file/513_1763111171819.pdf
50079,AMSL,2025-12-31,1,528457543.79832035,1.18,ytd,verified,621406662,1,Earnings Per Share - Basic  1.18  0.70  0.98  0.54,,not found,,,https://cdn.cse.lk/cmt/upload_report_file/513_1770352046299.pdf
50984,AMSL,2026-03-31,1,528457543.79832035,1.56,ytd,verified,822891332,1,Earnings Per Share - Basic  1.56  0.50  1.37  0.37,14.89,verified,7868813321,Net Assets Per Share  14.89  12.25  15.34  13.98,https://cdn.cse.lk/cmt/upload_report_file/513_1777547363551..pdf
52244,AMSL,2026-06-30,1,528457542.1963913,0.37,unknown,verified,194440890,1,Earnings Per Share - Basic  0.37  0.32  0.30  0.26,,not found,,,https://cdn.cse.lk/cmt/upload_report_file/513_1786008455842.pdf
48636,APLA,2025-06-30,1,42125000,,,not found,,,,,not found,,,https://cdn.cse.lk/cmt/upload_report_file/643_1755079442770.pdf
49498,APLA,2025-09-30,1,42125000,,,not found,,,,,not found,,,https://cdn.cse.lk/cmt/upload_report_file/643_1763027732442.pdf
50375,APLA,2025-12-31,1,42124999.73355292,4.92,quarter,verified,207284000,1000,Basic / Dialuted Earnings per share (Rs)  4.92  2.39  13.29  8.37,98.67,verified,4156615000,Net asset value per share (Rs)  98.67  87.19  96.00  84.77,https://cdn.cse.lk/cmt/upload_report_file/643_1770974381263.pdf
51590,APLA,2026-03-31,1,42124999.73355292,6.08,quarter,verified,256055000,1000,Basic / Dialuted Earnings per share (Rs)  6.08  3.27  19.27  11.03,104.71,verified,4411082000,Net asset value per share (Rs)  104.71  87.19  101.80  84.77,https://cdn.cse.lk/cmt/upload_report_file/643_1780051898453.pdf
52600,APLA,2026-06-30,1,42124999.73355292,6.99,unknown,verified,294527000,1000,Earnings per share (Rs)  6.99  4.24  6.63  4.19,111.87,verified,4712381000,Net asset value per share (Rs)  111.87  104.59  108.64  101.72,https://cdn.cse.lk/cmt/upload_report_file/643_1786699006375.pdf
48445,ASCO,2025-06-30,1,211370424.9087318,-0.43,quarter,verified,-90697000,1000,Earnings / (loss) per share - LKR  (0.43)  (0.95)  0.21  0.62,,not found,,,https://cdn.cse.lk/cmt/upload_report_file/401_1753701243218.%20LRI%20Quarterly%20Interim%20Report%2030th%20June%202025%20upload.pdf
49827,ASCO,2025-09-30,1,211370424.9087318,-0.84,ytd,verified,-176907000,1000,Earnings / (loss) per share - LKR  (0.84)  (0.93)  0.38  0.80,,not found,,,https://cdn.cse.lk/cmt/upload_report_file/401_1766975381582.12.25%20v9.pdf
50140,ASCO,2025-12-31,1,211370424.9087318,-0.87,unknown,verified,-183385000,1000,Earnings / (loss) per share - LKR  (  (0.87) (  (2.07)  (  0.68) (  0.99),,not found,,,https://cdn.cse.lk/cmt/upload_report_file/401_1770651136647.pdf
51020,ASCO,2026-03-31,1,211370428,4.9,unknown,verified,1035079000,1000,Earnings / (loss) per share - LKR  4.90  (0.45)  0.75  1.06,,not found,,,https://cdn.cse.lk/cmt/upload_report_file/401_1778152719610.pdf
52700,ASCO,2026-06-30,1,211370424.9087318,0.03,unknown,verified,6528000,1000,Earnings per share - LKR  0.03  (0.43)  3.55  0.21,,not found,,,https://cdn.cse.lk/cmt/upload_report_file/401_1786710067619.%20LRI%20-%20IFS%20-%2030.6.2026..pdf
48585,ASHO,2025-06-30,1,3620843.03280376,134.56,ytd,verified,487230487,1,422.84  Basic and Diluted Earnings per Share  134.56  27.08,1802.21,verified,6525530538,"1,667.71  Net Assets per Share  1,802.21  1,294.52",https://cdn.cse.lk/cmt/upload_report_file/695_1754910105611.06.2025.pdf
49060,ASHO,2025-09-30,1,3620843,323.35,ytd,verified,1170808258,1,422.84  Basic and Diluted Earnings per Share  323.35  117.99  188.79  90.91,1970.94,verified,7136481449,"1,667.71  Net Assets per Share  1,970.94  1,370.37",https://cdn.cse.lk/cmt/upload_report_file/695_1760519910761.09.2025.pdf
50475,ASHO,2025-12-31,1,3620843,520.54,ytd,verified,1884796089,1,422.84  Basic and Diluted Earnings per Share  520.54  252.26  197.19  134.28,2168.04,verified,7850119280,"1,667.71  Net Assets per Share  2,168.04  1,504.58",https://cdn.cse.lk/cmt/upload_report_file/695_1770983023315.12.2025.pdf
51289,ASHO,2026-03-31,1,3620843,845.78,quarter,verified,3062433838,1,Basic and Diluted Earnings per Share  845.78  422.84  325.24  170.57,2479.24,verified,8976926344,"Net Assets per Share  2,479.24  1,667.71",https://cdn.cse.lk/cmt/upload_report_file/695_1779707757704.03.2026.pdf
52686,ASHO,2026-06-30,1,3620843,257.93,ytd,verified,933919061,1,845.78  Basic and Diluted Earnings per Share  257.93  134.56,2737.11,verified,9910635405,"2,479.24  Net Assets per Share  2,737.11  1,802.21",https://cdn.cse.lk/cmt/upload_report_file/695_1786704866573.06.2026.pdf
48599,ASIR,2025-06-30,1,1137533602.3888922,1.02,unknown,verified,1158335105,1,Earnings Per Share- Basic  1.02  0.58  0.50  0.16,,not found,,,https://cdn.cse.lk/cmt/upload_report_file/512_1754997987503.pdf
49633,ASIR,2025-09-30,1,1137533596,1.91,unknown,verified,2177325041,1,Earnings Per Share- Basic  1.91  0.94  1.04  1.61,,not found,,,https://cdn.cse.lk/cmt/upload_report_file/512_1763111099568.pdf
50078,ASIR,2025-12-31,1,1137533602.3888922,3.19,unknown,verified,3623833344,1,Earnings Per Share- Basic  3.19  1.34  1.61  1.72,,not found,,,https://cdn.cse.lk/cmt/upload_report_file/512_1770352082851.pdf
50982,ASIR,2026-03-31,1,1137533602.3888922,4.28,ytd,verified,4866749546,1,Earnings Per Share- Basic  4.28  1.44  2.03  2.04,,not found,,,https://cdn.cse.lk/cmt/upload_report_file/512_1777545878665.pdf
52241,ASIR,2026-06-30,1,1137533602.3888922,1.13,unknown,verified,1284617898,1,Earnings Per Share- Basic  1.13  1.02  0.60  0.50,,not found,,,https://cdn.cse.lk/cmt/upload_report_file/512_1786008393675.pdf
49859,ASIY,2025-06-30,1,260000002.35154969,0.17,quarter,verified,42971038,1,Basic Earnings Per Share (Rs.)  0.17  0.20  0.17  0.80  0.15  0.17  0.15  0.57,5.37,verified,1397172899,Net Assets per Share (Rs.)  5.37  5.44  2.27  2.35,https://cdn.cse.lk/cmt/upload_report_file/1205_1767582404949.pdf
49858,ASIY,2025-09-30,1,260000002.35154969,0.23,quarter,verified,60995450,1,Basic Earnings Per Share (Rs.)  0.23  0.22  0.40  0.43  0.13  0.17  0.28  0.48,5.61,verified,1458162353,Net Assets per Share (Rs.)  5.61  5.44  2.40  2.35,https://cdn.cse.lk/cmt/upload_report_file/1205_1767582501630.pdf
50195,ASIY,2025-12-31,1,260000002.35154969,0.17,quarter,verified,44628217,1,Basic Earnings Per Share (Rs.)  0.17  0.22  0.58  0.65  0.22  0.15  0.50  0.63,5.56,verified,1445124830,Net Assets per Share (Rs.)  5.56  5.44  2.39  2.35,https://cdn.cse.lk/cmt/upload_report_file/1205_1770800624254.pdf
51356,ASIY,2026-03-31,1,260000002.35154969,0.23,quarter,verified,60434828,1,Basic Earnings Per Share (Rs.)  0.23  0.17  0.81  0.83  0.18  0.18  0.69  0.81,6.57,verified,1708973088,Net Assets per Share (Rs.)  6.57  5.44  2.57  2.35,https://cdn.cse.lk/cmt/upload_report_file/1205_1779873831543.pdf
52326,ASIY,2026-06-30,1,260000002.35154969,0.46,quarter,verified,119134287,1,Basic Earnings Per Share (Rs.)  0.46  0.17  0.46  0.17  0.14  0.15  0.14  0.15,6.78,verified,1763208159,Net Assets per Share (Rs.)  6.78  6.56  2.47  2.57,https://cdn.cse.lk/cmt/upload_report_file/1205_1786360840907.pdf
48560,ASPH,2025-06-30,1,3749411277.4700046,0.001,quarter,verified,3824000,1000,Diluted and Basic Earnings/ (Loss) per Ordinary Share  0.001  0.000  0.001  0.000,0.38,verified,1414465000,Net Assets Value per Ordinary Share (Rs.)  0.38  0.38,https://cdn.cse.lk/cmt/upload_report_file/495_1754558718460.pdf
49096,ASPH,2025-09-30,1,3749411277.4700046,0.006,ytd,verified,22701000,1000,Diluted and Basic Earnings/ (Loss) per Ordinary Share  0.006  0.002  0.005  0.001,0.38,verified,1433343000,Net Assets Value per Ordinary Share (Rs.)  0.38  0.38,https://cdn.cse.lk/cmt/upload_report_file/495_1761706618775.pdf
50153,ASPH,2025-12-31,1,3749411250,0.003,ytd,verified,10985000,1000,Diluted and Basic Earnings/ (Loss) per Ordinary Share  0.003  0.008  (0.003)  0.006,0.38,verified,1421626000,Net Assets Value per Ordinary Share (Rs.)  0.38  0.38,https://cdn.cse.lk/cmt/upload_report_file/495_1770692351251.pdf
52860,ASPH,2026-03-31,1,3749411277.4700046,0.014,ytd,verified,54290000,1000,Diluted and Basic Earnings/ (Loss) per Ordinary Share  0.014  0.007  0.012  (0.000),0.39,verified,1466347000,Net Assets Value per Ordinary Share (Rs.)  0.39  0.38,https://cdn.cse.lk/cmt/upload_report_file/495_1787913468899.pdf
52768,ASPH,2026-06-30,1,3749411277.4700046,0.004,quarter,verified,16186000,1000,Diluted and Basic Earnings/ (Loss) per Ordinary Share  0.004  0.001  0.004  0.001,,not found,,,https://cdn.cse.lk/cmt/upload_report_file/495_1786964612003.pdf
48765,ATL,2025-06-30,2,203630645.73894987,1.88,unknown,verified,382051640,1,Weighted Average Earnings Per Share  1.88  2.10  1.88  2.11,,not found,,,https://cdn.cse.lk/cmt/upload_report_file/361_1755254849343.06.2025%20-%20with%20names.pdf
49673,ATL,2025-09-30,2,203630640.4121223,2.68,ytd,verified,545697095,1,Weighted Average Earnings Per Share  2.68  2.36  2.66  2.39,,not found,,,https://cdn.cse.lk/cmt/upload_report_file/361_1763113138895.09.2025.pdf
50642,ATL,2025-12-31,2,246655995.97723472,1.15,ytd,verified,284314254,1,Diluted Earnings Per Share  1.15  1.95  1.36  2.29,,not found,,,https://cdn.cse.lk/cmt/upload_report_file/361_1772183921528.12.2025.pdf
51143,ATL,2026-03-31,2,246655995.97723472,1.02,unknown,verified,252569388,1,Weighted Average Earnings Per Share  1.02  0.55  1.23  0.56,,not found,,,https://cdn.cse.lk/cmt/upload_report_file/361_1778840315341.pdf
52599,ATL,2026-06-30,2,299510858.17272097,,,not found,,,,,not found,,,https://cdn.cse.lk/cmt/upload_report_file/361_1786698848189.pdf
48743,ATLL,2025-06-30,2,50000000,-0.18,unknown,verified,-9108080,1,Basic / Diluted Earnings Per Share To Equity Holders  (0.18)  0.01  -1335%,12.68,verified,634025497,Net asset value per share  12.68  12.38,https://cdn.cse.lk/cmt/upload_report_file/1484_1755249647026.pdf
49676,ATLL,2025-09-30,2,50000000,0.11,ytd,verified,5527490,1,Basic / diluted earnings per share to equity holders  0.11  0.20  -44%,13.06,verified,653236350,Net asset value per share  13.06  12.60,https://cdn.cse.lk/cmt/upload_report_file/1484_1763113071296.pdf
50638,ATLL,2025-12-31,2,50000000,0.04,ytd,verified,1973769,1,Basic / diluted earnings per share to equity holders  0.04  0.09  -57%,13.06,verified,652793947,Net asset value per share  13.06  12.74,https://cdn.cse.lk/cmt/upload_report_file/1484_1772183843734.pdf
51151,ATLL,2026-03-31,2,50000000,0.09,ytd,verified,4614890,1,Basic/diluted earnings per share to equity holders  0.09  (0.31)  -130%,12.95,verified,647463654,Net asset value per share  12.95  12.49,https://cdn.cse.lk/cmt/upload_report_file/1484_1778840391344.pdf
52530,ATLL,2026-06-30,2,50000000,0.08,quarter,verified,3884285,1,Basic/diluted earnings per share to equity holders  0.08  0.13  -41%,13.13,verified,656417280,Net asset value per share  13.13  12.68,https://cdn.cse.lk/cmt/upload_report_file/1484_1786622361189.pdf
48447,AUTO,2025-06-30,1,12000000,,,not found,,,,,not found,,,https://cdn.cse.lk/cmt/upload_report_file/692_1753699535914.pdf
49093,AUTO,2025-09-30,1,11999999.8664738,,,not found,,,,,not found,,,https://cdn.cse.lk/cmt/upload_report_file/692_1761649554223.pdf
49952,AUTO,2025-12-31,1,11999999.8664738,,,not found,,,,,not found,,,https://cdn.cse.lk/cmt/upload_report_file/692_1769504839691.pdf
50957,AUTO,2026-03-31,1,11999999.8664738,,,not found,,,,,not found,,,https://cdn.cse.lk/cmt/upload_report_file/692_1777374195584.pdf
52382,AUTO,2026-06-30,1,11999999.8664738,,,not found,,,,,not found,,,https://cdn.cse.lk/cmt/upload_report_file/692_1786504151278.pdf
48749,BALA,2025-06-30,2,47272726.15168687,5.09,ytd,verified,240477000,1000,Basic earnings per share  5.09  6.12  7.88  9.66,86.52,verified,4089792000,Net Assets per Share  86.52  78.63,https://cdn.cse.lk/cmt/upload_report_file/705_1755255440954.pdf
49631,BALA,2025-09-30,2,47272725.87036823,2.62,ytd,verified,123784000,1000,Basic earnings per share  2.62  5.61  10.50  15.27,88.14,verified,4166447000,Net Assets per Share  88.14  78.63,https://cdn.cse.lk/cmt/upload_report_file/705_1763111715876.pdf
50643,BALA,2025-12-31,2,47272725.9633878,2.63,ytd,verified,124097000,1000,Basic earnings per share  2.63  5.61  13.13  15.68,95.23,verified,4501741000,Net Assets per Share  95.23  78.63,https://cdn.cse.lk/cmt/upload_report_file/705_1772184007522.pdf
51135,BALA,2026-03-31,2,47272725.9633878,-0.87,quarter,verified,-41165000,1000,Basic earnings per share  (0.87)  2.80,98.18,verified,4641359000,Net Assets per Share  98.18  99.06,https://cdn.cse.lk/cmt/upload_report_file/705_1778837228129.pdf
52634,BALA,2026-06-30,2,47272725.9633878,3.62,ytd,verified,171288000,1000,Basic earnings per share  3.62  5.09  2.75  7.88,97.9,verified,4627987000,Net Assets per Share  97.90  95.15,https://cdn.cse.lk/cmt/upload_report_file/705_1786700646235.pdf
48680,BBH,2025-06-30,1,129600001.14620037,-0.34,quarter,verified,-44252000,1000,Earnings/(loss) per share for the period ( Rs.)  (0.34)  (0.93)  0.01  0.01,-6.13,verified,-793982000,Net asset value per share (Rs.)  (6.13)  (6.00)  (5.78),https://cdn.cse.lk/cmt/upload_report_file/525_1755164539255.pdf
49556,BBH,2025-09-30,1,129600001.14620037,0.03,quarter,verified,3722000,1000,Earnings/(loss) per share for the period ( Rs.),-6.1,verified,-790260000,Net asset value per share (Rs.)  (6.10)  (6.66)  (5.78),https://cdn.cse.lk/cmt/upload_report_file/525_1763111111535.pdf
50255,BBH,2025-12-31,1,129600001.14620037,0.35,quarter,verified,45652000,1000,Earnings/(loss) per share for the period ( Rs.)  0.35  (0.23)  0.04  (1.83),-5.75,verified,-744608000,Net asset value per share (Rs.)  (5.75)  (6.89)  (5.78),https://cdn.cse.lk/cmt/upload_report_file/525_1770887628231.pdf
51495,BBH,2026-03-31,1,129600001.14620037,0.84,quarter,verified,108891000,1000,Earnings / (loss) per share for the period ( Rs.)  0.84  0.64  0.88  (1.19),0.23,verified,30138000,Net asset value per share (Rs.)  0.23  (5.78),https://cdn.cse.lk/cmt/upload_report_file/525_1780023928829.pdf
48699,BERU,2025-06-30,1,700544292.1336772,-0.0125,quarter,verified,-8759000,1000,0.14 Earnings / (Loss) per Share  (0.0125)  (0.003)  (0.0125)  (0.003)  -,,not found,,,https://cdn.cse.lk/cmt/upload_report_file/1201_1755168884778.06.2025._.pdf
49504,BERU,2025-09-30,1,700544292.1336772,-0.02,quarter,verified,-12489000,1000,0.14 Earnings / (Loss) per Share  (0.02)  (0.01)  (0.03)  (0.01),,not found,,,https://cdn.cse.lk/cmt/upload_report_file/1201_1763032454984.09.2025%20to%20CSE.pdf
51015,BERU,2025-12-31,1,700544295,0.02,quarter,verified,15672000,1000,0.14 Earnings / (Loss) per Share  0.02  0.06  (0.01)  0.05,,not found,,,https://cdn.cse.lk/cmt/upload_report_file/1201_1778153680701.pdf
51217,BERU,2026-03-31,1,700544292.1336772,,,not found,,,,,not found,,,https://cdn.cse.lk/cmt/upload_report_file/1201_1779360731587.03.2026%20.pdf
52397,BERU,2026-06-30,1,700544292.1336772,-0.14,quarter,verified,-95705000,1000,(0.004) Earnings / (Loss) per Share  (0.14)  (0.0125)  (0.14)  (0.0125)  -,,not found,,,https://cdn.cse.lk/cmt/upload_report_file/1201_1786527928384.06.2026%20Final.pdf
48546,BFL,2025-06-30,1,88000000,,,not found,,,,,not found,,,https://cdn.cse.lk/cmt/upload_report_file/452_1754479587108.06.2025.pdf
49082,BFL,2025-09-30,1,17599999.62394228,23.14,quarter,verified,407231059,1,Earnings per Share - Basic  23.14  2.16  24.32  (6.20)  972,,not found,,,https://cdn.cse.lk/cmt/upload_report_file/452_1761187354438.pdf
49988,BFL,2025-12-31,1,87999998.1197114,7.27,quarter,verified,640148749,1,Earnings per Share - Basic  7.27  0.01  2.65  (0.42)  77556,72.73,verified,6400434441,2 Net Asset Value per Share (Rs.),https://cdn.cse.lk/cmt/upload_report_file/452_1769677925641.12.2025.pdf
51329,BFL,2026-03-31,1,87999998.1197114,11.82,quarter,verified,1040022402,1,Earnings per Share - Basic  11.82  1.42  4.54  1.41  731,,not found,,,https://cdn.cse.lk/cmt/upload_report_file/452_1779801957494.03.2026.pdf
52174,BFL,2026-06-30,1,87999998.1197114,2.78,quarter,verified,244401820,1,Earnings per Share - Basic  2.78  (1.18)  2.78  (1.18)  335,,not found,,,https://cdn.cse.lk/cmt/upload_report_file/452_1785489467094.06.2026.pdf
48706,BFN,2025-06-30,1,211101153.68842334,0.28,quarter,verified,59898000,1000,Basic earnings per share (Rs.)  0.28  0.42,19.14,verified,4039767000,Net assets per share  19.14  18.86,https://cdn.cse.lk/cmt/upload_report_file/1072_1755169470621.pdf
49123,BFN,2025-09-30,1,211101154.96449533,0.39,quarter,verified,81438000,1000,Basic earnings per share (Rs.)  0.39  0.46  0.67  0.88,19.51,verified,4117998000,Net assets per share  19.51  18.86,https://cdn.cse.lk/cmt/upload_report_file/1072_1761901919316.pdf
49955,BFN,2025-12-31,1,211101154.5791028,0.47,quarter,verified,98239000,1000,Basic earnings per share (Rs.)  0.47  0.32  1.13  1.21,19.9,verified,4201520000,Net assets per share  19.90  18.86,https://cdn.cse.lk/cmt/upload_report_file/1072_1769511367842.pdf
51701,BFN,2026-03-31,1,211101153.42504436,0.77,quarter,verified,163125000,1000,Basic earnings per share (Rs.)  0.77  0.55  1.91  1.21,19.12,verified,4036684000,Net assets per share  19.12  17.31  15.86,https://cdn.cse.lk/cmt/upload_report_file/1072_1780312913896.pdf%20-%20RECOMMENDED%20BY%20BAC.pdf
52564,BFN,2026-06-30,1,211101156.04105395,0.43,quarter,verified,90413000,1000,Basic earnings per share (Rs.)  0.43  0.28,19.41,verified,4097636000,Net assets per share  19.41  19.12,https://cdn.cse.lk/cmt/upload_report_file/1072_1786698231742.pdf
48776,BIL,2025-06-30,1,14369717581.15761,-0.45,quarter,verified,-6462847000,1000,Earnings/(loss) per Share - Rs.  (0.45)  (0.34),13.27,verified,190635675000,Net Assets per Share (Rs.)  13.27  13.58  13.27  13.58,https://cdn.cse.lk/cmt/upload_report_file/1077_1755255314609.pdf
49647,BIL,2025-09-30,1,14369717581.15761,-0.57,quarter,verified,-8194587000,1000,Earnings/(loss) per Share - Rs.  (0.57)  3.35  (1.02)  3.01,12.86,verified,184793827000,Net Assets per ordinary Share (Rs.)  12.86  13.58  12.86  13.58,https://cdn.cse.lk/cmt/upload_report_file/1077_1763112007987.pdf
50421,BIL,2025-12-31,1,14369717581.15761,-0.37,quarter,verified,-5278532000,1000,Earnings/(loss) per Share - Rs.,12.52,verified,179846139000,Net Assets per ordinary Share (Rs.)  12.52  13.58  12.52  13.58,https://cdn.cse.lk/cmt/upload_report_file/1077_1770978741176.pdf
51579,BIL,2026-03-31,1,14369717581.15761,-0.14,quarter,verified,-2042524000,1000,Earnings/(loss) per Share - Rs.,12.33,verified,177236902000,Net Assets per ordinary Share (Rs.)  12.33  13.58  12.33  13.58,https://cdn.cse.lk/cmt/upload_report_file/1077_1780051020977.pdf
52689,BIL,2026-06-30,1,14369717581.15761,-0.34,quarter,verified,-4909529000,1000,Earnings/(loss) per Share - Rs.,12.77,verified,183528086000,Net Assets per ordinary Share (Rs.)  12.77  12.34  12.77  12.34,https://cdn.cse.lk/cmt/upload_report_file/1077_1786706606278.pdf
47515,BLI,2024-12-31,1,107733341.61030293,0.11,quarter,verified,12154584,1,Earnings per share-basic/diluted  0.11  (0.81)  (0.76)  (6.08),,not found,,,https://cdn.cse.lk/cmt/upload_report_file/1067_1740051959744.pdf
48842,BLUE,2025-06-30,1,689038046.7346319,0.01,quarter,verified,6947000,1000,Earnings/(Loss) per share  0.01  (0.01)  0.01  (0.01),,not found,,,https://cdn.cse.lk/cmt/upload_report_file/663_1756350307286.pdf
50641,BLUE,2025-12-31,1,689038046.7346319,-0.01,quarter,verified,-6251000,1000,Earnings/(Loss) per share  (0.01)  (0.01)  (0.01)  (0.03)  (0.01)  (0.01)  (0.01)  (0.02),,not found,,,https://cdn.cse.lk/cmt/upload_report_file/663_1772188434349.pdf
51857,BLUE,2026-03-31,1,925501014,-0.03,quarter,verified,-30178000,1000,Earnings/(Loss) per share  (0.03)  (0.02)  (0.05)  (0.06)  (0.03)  (0.02)  (0.05)  (0.06),,not found,,,https://cdn.cse.lk/cmt/upload_report_file/663_1780973979797.pdf
52653,BLUE,2026-06-30,1,925501014,,,not found,,,,,not found,,,https://cdn.cse.lk/cmt/upload_report_file/663_1786701524640.06.2026_Blue%20Diamonds.pdf
48594,BOGA,2025-06-30,2,94632904,,,not found,,,,20.97,verified,1984414000,Net Assets Per Share (LKR)  20.97  19.47,https://cdn.cse.lk/cmt/upload_report_file/664_1754968196655.pdf
49425,BOGA,2025-09-30,2,94632904.0482221,0.35,quarter,verified,33136000,1000,Basic earnings per share (LKR)  0.35  0.36  1.84  1.23  0.61  50,13.32,verified,1260488000,Net Assets Per Share (LKR)  13.32  19.47,https://cdn.cse.lk/cmt/upload_report_file/664_1762950802732.pdf
50563,BOGA,2025-12-31,2,94632904,1.07,quarter,verified,101538000,1000,Basic earnings per share (LKR)  1.07  0.47  2.92  1.70  1.21  71.3,14.4,verified,1362625000,Net Assets Per Share (LKR)  14.40  19.47,https://cdn.cse.lk/cmt/upload_report_file/664_1771498982613.pdf
51174,BOGA,2026-03-31,2,94632904.0482221,,,not found,,,,,not found,,,https://cdn.cse.lk/cmt/upload_report_file/664_1779161784842.pdf
52368,BOGA,2026-06-30,2,94632904,0.93,quarter,verified,88091000,1000,Basic earnings per share (LKR)  0.93  0.81  1.70  1.49  0.21  14.0,16.19,verified,1531947000,Net Assets Per Share (LKR)  16.19  14.40,https://cdn.cse.lk/cmt/upload_report_file/664_1786448088740.pdf
48701,BOPL,2025-06-30,1,83749999.51433796,1.84,quarter,verified,153851000,1000,13.13 Basic earnings per share  1.84  5.41  (66),,not found,,,https://cdn.cse.lk/cmt/upload_report_file/706_1755169611569.pdf
49626,BOPL,2025-09-30,1,83749999.51433796,1.45,quarter,verified,121565000,1000,12.45 Basic earnings per share  1.45  1.91  (24)  3.29  7.32  (55),,not found,,,https://cdn.cse.lk/cmt/upload_report_file/706_1763112237622..pdf
50329,BOPL,2025-12-31,1,83749999.51433796,3.03,quarter,verified,253440000,1000,12.45 Basic earnings per share  3.03  1.03  195  6.31  8.34  (24),51.59,verified,4320292000,48.77  Net assets per share  51.59  47.91,https://cdn.cse.lk/cmt/upload_report_file/706_1770973677923..pdf
51611,BOPL,2026-03-31,1,83749999.51433796,2.11,quarter,verified,176366000,1000,Basic earnings per share  2.11  4.11  (49)  8.42  12.45  (32),52.95,verified,4434979000,Net assets per share  52.95  48.77,https://cdn.cse.lk/cmt/upload_report_file/706_1780053209352.pdf
52453,BOPL,2026-06-30,1,83749999.51433796,4.2,quarter,verified,351631000,1000,8.42 Basic earnings per share  4.20  1.84  129,,not found,,,https://cdn.cse.lk/cmt/upload_report_file/706_1786614111259.pdf
48487,BPPL,2025-06-30,1,306843358.3292153,0.07,quarter,verified,20357000,1000,Earnings/ (Loss) per Ordinary Share (Rs.)  0.07  0.01,14.14,verified,4337581000,Net Asset per Share  14.14  13.09  3.78  3.96,https://cdn.cse.lk/cmt/upload_report_file/1524_1754022292111.N.pdf
49251,BPPL,2025-09-30,1,306843358.3292153,0.07,quarter,verified,22009000,1000,Earnings/ (Loss) per Ordinary Share (Rs.)  0.07  0.03  0.14  0.05,14.24,verified,4368167000,Net Asset per Share  14.24  13.53  3.60  3.84,https://cdn.cse.lk/cmt/upload_report_file/1524_1762481148384.pdf
50020,BPPL,2025-12-31,1,306843358.3292153,0.07,quarter,verified,22238000,1000,Earnings/ (Loss) per Ordinary Share (Rs.)  0.07  0.04  0.21  0.08,14.38,verified,4412727000,Net Asset per Share  14.38  13.76  3.67  3.88,https://cdn.cse.lk/cmt/upload_report_file/1524_1769999195695.pdf
51491,BPPL,2026-03-31,1,306843358.3292153,0.08,quarter,verified,23042000,1000,Earnings/ (Loss) per Ordinary Share (Rs.)  0.08  0.03  0.29  0.11,14.82,verified,4546625000,Net Asset per Share  14.82  13.86  4.07  3.71,https://cdn.cse.lk/cmt/upload_report_file/1524_1780023235196.pdf
52762,BPPL,2026-06-30,1,306843358.3292153,0.08,quarter,verified,24566000,1000,Earnings/ (Loss) per Ordinary Share (Rs.)  0.08  0.07,14.74,verified,4522978000,Net Asset per Share  14.74  14.14  4.15  3.78,https://cdn.cse.lk/cmt/upload_report_file/1524_1786957511832.pdf
48704,BREW,2025-06-30,1,20988089.88963475,53.81,quarter,verified,1131560000,1000,Earnings per ordinary share (Rs.)  53.81  50.88  243.82,165.66,verified,3476870000,Net assets per ordinary share (Rs.)  165.66  115.85  936.10  882.18,https://cdn.cse.lk/cmt/upload_report_file/458_1755170420821.pdf
49661,BREW,2025-09-30,1,20988089.88963475,82.45,quarter,verified,1723784000,1000,Earnings per ordinary share (Rs.)  82.45  63.72  136.26  114.60,143.62,verified,3014283000,Net assets per ordinary share (Rs.)  143.62  115.85  994.38  882.18,https://cdn.cse.lk/cmt/upload_report_file/458_1763115297885.09.2025%20%28final%29.pdf
50402,BREW,2025-12-31,1,20988089.88963475,71.36,quarter,verified,1503697000,1000,Earnings per ordinary share (Rs.)  71.36  69.85  207.62  184.45,174.03,verified,3652614000,"Net assets per ordinary share (Rs.)  174.03  115.85  1,066.03  882.18",https://cdn.cse.lk/cmt/upload_report_file/458_1770977538864.pdf
51155,BREW,2026-03-31,1,20988089.88963475,71.56,quarter,verified,1501976000,1000,Earnings per ordinary share (Rs.)  71.56  59.37  279.19  243.82,176.49,verified,3704256000,"Net assets per ordinary share (Rs.)  176.49  115.85  1,154.63  882.18",https://cdn.cse.lk/cmt/upload_report_file/458_1778843644786.pdf
52624,BREW,2026-06-30,1,20988089.88963475,65.21,quarter,verified,1368681000,1000,Earnings per ordinary share (Rs.)  65.21  53.81,149.25,verified,3132482000,"Net assets per ordinary share (Rs.)  149.25  176.49  1,155.30  1,154.63",https://cdn.cse.lk/cmt/upload_report_file/458_1786700204782.pdf
48412,BRR,2025-06-30,1,53727999.61681607,-0.04,quarter,verified,-2117000,1000,0.40  Earnings/(Loss) per share for the  (0.04)  0.13  -131%,,not found,,,https://cdn.cse.lk/cmt/upload_report_file/1322_1753268168697.pdf
49274,BRR,2025-09-30,1,53727999.61681607,-0.14,ytd,verified,-7284000,1000,0.40  Earnings/(Loss) per share for the  (0.14)  0.10  -229%  (0.10)  (0.02)  -313%,,not found,,,https://cdn.cse.lk/cmt/upload_report_file/1322_1762510423593.pdf
50096,BRR,2025-12-31,1,53727999.61681607,0.03,ytd,verified,1480000,1000,0.40  Earnings/(Loss) per share for the  0.03  0.21  -87%  0.16  0.11  48%,,not found,,,https://cdn.cse.lk/cmt/upload_report_file/1322_1770369711215.pdf
51029,BRR,2026-03-31,1,53727999.61681607,0.28,ytd,verified,15108000,1000,0.40  Earnings/(Loss) per share for the  0.28  0.40  (30%)  0.25  0.17  46%,,not found,,,https://cdn.cse.lk/cmt/upload_report_file/1322_1778231187289.pdf
52069,BRR,2026-06-30,1,53727999.61681607,-0.1,quarter,verified,-5179000,1000,0.29  Earnings/(Loss) per share for the  (0.10)  (0.04)  (145%),,not found,,,https://cdn.cse.lk/cmt/upload_report_file/1322_1784884758710.pdf
48793,BRWN,2025-06-30,1,212624999.13621095,-25.04,quarter,verified,-5323460000,1000,Basic Earning / (Loss) per share - Rs.  (25.04)  (19.36),425.61,verified,90494791000,Net Assets per Share (Rs.)  425.61  470.77  425.61  470.77,https://cdn.cse.lk/cmt/upload_report_file/764_1755485166509.pdf
49682,BRWN,2025-09-30,1,212624999.13621095,-25.35,quarter,verified,-5390407000,1000,Basic Earning / (Loss) per share - Rs.  (25.35)  138.26  (50.39)  118.90,434.33,verified,92348486000,Net Assets per Share (Rs.)  434.33  470.77  434.33  470.77,https://cdn.cse.lk/cmt/upload_report_file/764_1763124264161.pdf
50432,BRWN,2025-12-31,1,212624999.13621095,-21.09,quarter,verified,-4483292000,1000,Basic Earning / (Loss) per share - Rs.  (21.09)  14.78  (71.47)  133.69,515.01,verified,109503594000,Net Assets per Share (Rs.)  515.01  470.77  515.01  470.77,https://cdn.cse.lk/cmt/upload_report_file/764_1770979983458.pdf
51658,BRWN,2026-03-31,1,212624999.13621095,-3.8,quarter,verified,-808100000,1000,Basic Earning / (Loss) per share - Rs.  (3.80)  18.82  (75.27)  152.51,518.14,verified,110170478000,Net Assets per Share (Rs.)  518.14  470.77  518.14  470.77,https://cdn.cse.lk/cmt/upload_report_file/764_1780058850137.pdf
52734,BRWN,2026-06-30,1,212624999.13621095,-23.71,quarter,verified,-5041916000,1000,Basic Earning / (Loss) per share - Rs.  (23.71)  (25.04),533.93,verified,113525824000,Net Assets per Share (Rs.)  533.93  520.27  533.93  520.27,https://cdn.cse.lk/cmt/upload_report_file/764_1786723515855.pdf
48717,BUKI,2025-06-30,1,102000000,0.17,quarter,verified,16868000,1000,Basic earnings per share (Rs.)  0.17  3.62  (95),87.02,verified,8916423000,Net assets per ordinary share (Rs.)  87.02  84.19,https://cdn.cse.lk/cmt/upload_report_file/456_1755172330938.pdf
49654,BUKI,2025-09-30,1,102000000,11.92,ytd,verified,1216229000,1000,Basic earnings per share (Rs.)  11.92  7.00  70  12.09  10.61  14,99.02,verified,10140416000,Net assets per ordinary share (Rs.)  99.02  84.19,https://cdn.cse.lk/cmt/upload_report_file/456_1763117197257.pdf
50453,BUKI,2025-12-31,1,102000000,,,not found,,,,89.95,verified,9215944000,Net assets per ordinary share (Rs.)  89.95  84.19,https://cdn.cse.lk/cmt/upload_report_file/456_1770981137100.pdf
51653,BUKI,2026-03-31,1,102000000,-0.17,ytd,verified,-17055000,1000,Basic earnings/(loss) per share (Rs.)  (0.17)  (0.16)  7  14.64  10.51  39,89.96,verified,9217018000,Net assets per ordinary share (Rs.)  89.96  84.19,https://cdn.cse.lk/cmt/upload_report_file/456_1780058805286.pdf
52667,BUKI,2026-06-30,1,102000000,0.06,quarter,verified,6345000,1000,Basic earnings per share (Rs.)  0.06  0.17  (65),90.59,verified,9280852000,Net assets per ordinary share (Rs.)  90.59  89.96,https://cdn.cse.lk/cmt/upload_report_file/456_1786703596800.pdf
48641,CABO,2025-06-30,1,18031995,8.5,quarter,verified,153338000,1000,Earnings Per Share - Basic  8.50  6.13  11.48  Fair Value Reserve of,256.55,verified,4626164000,Net assets per share  256.55  176.91  228.23,https://cdn.cse.lk/cmt/upload_report_file/615_1755080623815.pdf
49487,CABO,2025-09-30,1,18031995,0.29,quarter,verified,5301000,1000,"Basic earnings Per Share (Rs)  0.29  1.95  8.80  8.08  11.48  Retained Earnings  2,338,198  2,154,878  2,197,591  Financing activities",281.44,verified,5074848000,"Dividend Paid  (18,032)  (18,032)  Net assets per share (Rs)  281.44  176.09  228.23  348,589",https://cdn.cse.lk/cmt/upload_report_file/615_1763028231576.pdf
50401,CABO,2025-12-31,1,18031995,1.51,quarter,verified,27255000,1000,"Earnings per share - basic  1.51  0.77  10.31  8.85  11.48  Retirement benefit obligations  12,841  10,528  12,934  Financing activities",,not found,,,https://cdn.cse.lk/cmt/upload_report_file/615_1770976939321.pdf
51403,CABO,2026-03-31,1,18031995,4.05,quarter,verified,72940000,1000,"Earnings Per Share - Basic  4.05  2.26  14.35  11.48  Retained earnings  2,438,393  2,197,591  # Acquisition of property elant & equipment  (80,000)  (36)",309.42,verified,5579461000,"Realised Fair Value (Loss) on equity investments at FVTOCI  (5,230)  (5,230)  Net assets per share  309.42  227.85  Increase / (Decrease)  251,766  (15,239)",https://cdn.cse.lk/cmt/upload_report_file/615_1779878761055.pdf
52451,CABO,2026-06-30,1,18031995,8.69,quarter,verified,156627000,1000,Earnings Per Share - Basic  8.69  8.50  15.06  Fair value reserve of  Financing activities,329.38,verified,5939347000,Net assets per share  329.38  256.55  310.54,https://cdn.cse.lk/cmt/upload_report_file/615_1786613871112.pdf
48493,CALF,2025-06-30,2,117399865.77954693,0.19,ytd,verified,22683000,1000,Profit / (Loss) per share (Rs.)  0.19  (0.57)  0.14  (0.30),,not found,,,https://cdn.cse.lk/cmt/upload_report_file/1101_1754044658211.pdf
49325,CALF,2025-09-30,2,117399865.77954693,1.06,ytd,verified,124482000,1000,Profit / (Loss) per share (Rs.)  1.06  (0.55)  0.87  0.02,23.23,verified,2727425000,Net assets per share (Rs.)  23.23  22.17,https://cdn.cse.lk/cmt/upload_report_file/1101_1762776608756.pdf
50093,CALF,2025-12-31,2,117399865.77954693,1.36,ytd,verified,159727000,1000,Profit / (Loss) per share (Rs.)  1.36  (0.35)  0.30  0.19,23.53,verified,2762888000,Net assets per share (Rs.)  23.53  22.17,https://cdn.cse.lk/cmt/upload_report_file/1101_1770369848299.pdf
51030,CALF,2026-03-31,2,117399865.77954693,0.54,quarter,verified,63242000,1000,Profit / (Loss) per share  0.54  0.05,24.07,verified,2826130000,Net assets per share (Rs.)  24.07  23.53,https://cdn.cse.lk/cmt/upload_report_file/1101_1778231306674.pdf
52263,CALF,2026-06-30,2,117399865.77954693,1.25,ytd,verified,146871000,1000,Earnings per share (Rs.)  1.25  0.19  0.71  0.14,24.79,verified,2909759000,Net assets per share (Rs.)  24.79  23.53,https://cdn.cse.lk/cmt/upload_report_file/1101_1786093873886.pdf
48620,CALH,2025-06-30,1,2072049345,,,not found,,,,10.25,verified,21242082960,Net Assets Value per Share (Rs.)  10.25  9.44  3.43  2.87,https://cdn.cse.lk/cmt/upload_report_file/3319_1754997874038.pdf
49258,CALH,2025-09-30,1,2072049345,,,not found,,,,10.59,verified,21941464739,Net Assets Value per Share (Rs.)  10.59  9.44  3.93  2.87,https://cdn.cse.lk/cmt/upload_report_file/3319_1762486123533.pdf
50237,CALH,2025-12-31,1,2072049345,,,not found,,,,9.62,verified,19930864436,Net Asset Value per Share (Rs.)  9.62  9.44  4.34  2.87,https://cdn.cse.lk/cmt/upload_report_file/3319_1770825502357.pdf
51480,CALH,2026-03-31,1,2072049366.033337,0.07,quarter,verified,139220950,1,Basic Earnings per share - (Rs.)  0.07  0.19  1.20  1.88,9.69,verified,20078447167,Net Asset Value per Share (Rs.)  9.69  9.44  4.35  2.87,https://cdn.cse.lk/cmt/upload_report_file/3319_1780023315484.pdf
52669,CALH,2026-06-30,1,2072049366.033337,-0.9,quarter,verified,-1873382695,1,Basic Earnings per share - (Rs.)  (0.90)  0.83,8.87,verified,18387286579,Net Assets Value per Share (Rs.)  8.87  9.70  4.38  4.35,https://cdn.cse.lk/cmt/upload_report_file/3319_1786703471596.pdf
48544,CALT,2025-06-30,1,329417884,,,not found,,,,47.97,verified,15803231941,Net Assets Per Share (Rs.)  47.97  43.70,https://cdn.cse.lk/cmt/upload_report_file/2647_1754477060194.pdf
49191,CALT,2025-09-30,1,329417884,,,not found,,,,45.51,verified,14992325937,Net Assets Per Share (Rs.)  45.51  43.70,https://cdn.cse.lk/cmt/upload_report_file/2647_1762253950247.pdf
50129,CALT,2025-12-31,1,329417884,,,not found,,,,34.53,verified,11375537995,Net Assets Per Share (Rs.)  34.53  43.70,https://cdn.cse.lk/cmt/upload_report_file/2647_1770636245547.pdf
51031,CALT,2026-03-31,1,329417884,,,not found,,,,33.82,verified,11140352391,Net Assets Per Share (Rs.)  33.82  43.70,https://cdn.cse.lk/cmt/upload_report_file/2647_1778236042457.pdf
52663,CALT,2026-06-30,1,329417884,,,not found,,,,25.23,verified,8312805137,Net Assets per Share (Rs.)  25.23  33.76,https://cdn.cse.lk/cmt/upload_report_file/2647_1786703367877.pdf
48649,CARE,2025-06-30,1,85966670,,,not found,,,,24.5,verified,2106616000,Net Asset Value per Share  24.50  24.65,https://cdn.cse.lk/cmt/upload_report_file/681_1755083844163.06.2025.pdf
49380,CARE,2025-09-30,1,85966670,,,not found,,,,25.28,verified,2173585000,Net Asset Value per Share  25.28  24.59,https://cdn.cse.lk/cmt/upload_report_file/681_1762941734763.09.2025%20CSE.pdf
50174,CARE,2025-12-31,1,85966670,,,not found,,,,25.94,verified,2229886000,Net Asset Value per Share  25.94  24.59,https://cdn.cse.lk/cmt/upload_report_file/681_1770720807053.12.2025.pdf
51563,CARE,2026-03-31,1,85966670,,,not found,,,,25.46,verified,2188499000,Net Asset Value per Share  25.46  24.59,https://cdn.cse.lk/cmt/upload_report_file/681_1780047079989.pdf
52533,CARE,2026-06-30,1,85966670,,,not found,,,,26.41,verified,2270144000,Net Asset Value per Share  26.41  25.46,https://cdn.cse.lk/cmt/upload_report_file/681_1786622430738.06.2026.pdf
48564,CARG,2025-06-30,1,257677732.6940026,8.79,quarter,verified,2265984000,1000,Basic Earnings per share (Rs.)  8.79  6.05  11.70  10.36,134.41,verified,34633224000,Net Assets value per share (Rs.)  134.41  137.73  45.02  45.00,https://cdn.cse.lk/cmt/upload_report_file/457_1754561369981.pdf
49159,CARG,2025-09-30,1,257677732.6940026,10.83,quarter,verified,2752128000,1000,Basic Earnings per share (Rs.)  10.83  7.82  19.63  13.87,145.09,verified,37385352000,Net Assets value per share (Rs.)  145.09  137.73  44.98  45.00,https://cdn.cse.lk/cmt/upload_report_file/457_1762162438671.pdf
50123,CARG,2025-12-31,1,257677732.6940026,11.36,quarter,verified,2899278000,1000,Basic Earnings per share (Rs.)  11.36  6.36  30.99  20.23,150.59,verified,38802984000,Net Assets value per share (Rs.)  150.59  137.73  45.26  45.00,https://cdn.cse.lk/cmt/upload_report_file/457_1770632327418.pdf
51364,CARG,2026-03-31,1,257677732.6940026,10.19,quarter,verified,2625696000,1000,Basic Earnings per share (Rs.)  10.19  7.79  41.18  28.03,160.49,verified,41355187000,Net Assets value per share (Rs.)  160.49  137.73  43.97  45.00,https://cdn.cse.lk/cmt/upload_report_file/457_1779875434141.pdf
52441,CARG,2026-06-30,1,257677732.6940026,9.92,quarter,verified,2541852000,1000,Basic Earnings per share (Rs.)  9.92  8.79  13.83  11.70,157.28,verified,40527812000,Net Assets value per share (Rs.)  157.28  160.17  44.74  43.64,https://cdn.cse.lk/cmt/upload_report_file/457_1786612412536.pdf
48716,CARS,2025-06-30,1,196386912.80363137,0.64,quarter,verified,124972000,1000,Basic earnings per share (Rs.)  0.64  1.79  (64),117.79,verified,23131849000,Net assets per ordinary share (Rs.)  117.79  107.24,https://cdn.cse.lk/cmt/upload_report_file/502_1755171572222.pdf
49664,CARS,2025-09-30,1,196386912.80363137,8.25,ytd,verified,1620727000,1000,Basic earnings per share (Rs.)  8.25  4.87  69  8.89  6.66  33,129.44,verified,25420774000,Net assets per ordinary share (Rs.)  129.44  107.24,https://cdn.cse.lk/cmt/upload_report_file/502_1763116233207.pdf
50444,CARS,2025-12-31,1,196386912.80363137,0.19,ytd,verified,37471000,1000,Basic earnings per share (Rs.)  0.19  3.25  (94)  9.08  9.90  (8),129.97,verified,25523428000,Net assets per ordinary share (Rs.)  129.97  107.24,https://cdn.cse.lk/cmt/upload_report_file/502_1770980089913.pdf
51650,CARS,2026-03-31,1,196386912.80363137,-0.54,ytd,verified,-106717000,1000,Basic earnings/(loss) per share (Rs.)  (0.54)  (0.45)  20  8.54  9.45  (10),124.56,verified,24462813000,Net assets per ordinary share (Rs.)  124.56  107.24,https://cdn.cse.lk/cmt/upload_report_file/502_1780058460425.pdf
52659,CARS,2026-06-30,1,196386912.80363137,5.75,quarter,verified,1128304000,1000,Basic earnings per share (Rs.)  5.75  0.64  798,124.13,verified,24377750000,Net assets per ordinary share (Rs.)  124.13  124.56,https://cdn.cse.lk/cmt/upload_report_file/502_1786702657991.pdf
48626,CBNK,2025-06-30,2,945642865.5307977,,,not found,,,,,not found,,,https://cdn.cse.lk/cmt/upload_report_file/3118_1755076450251.pdf
49462,CBNK,2025-09-30,2,945642865.5307977,,,not found,,,,,not found,,,https://cdn.cse.lk/cmt/upload_report_file/3118_1763024673833.pdf
50653,CBNK,2025-12-31,2,945642865.5307977,0.57,ytd,verified,541546000,1000,Basic earnings per share (Rs.)  0.57  0.69  (17)  0.26  0.56  (54),12.82,verified,12122240000,Net assets value per share (Rs.)  ######  12.82  12.87  (0),https://cdn.cse.lk/cmt/upload_report_file/3118_1772188976099.pdf
51090,CBNK,2026-03-31,2,945642866.5665123,0.11,quarter,verified,104841000,1000,Basic earnings per share (Rs.)  0.11  0.17  (36),,not found,,,https://cdn.cse.lk/cmt/upload_report_file/3118_1778749505224.pdf
52432,CBNK,2026-06-30,2,1239842858,,,not found,,,,11.81,verified,14642063000,Net assets value per share (Rs.)  11.81  12.82  (8),https://cdn.cse.lk/cmt/upload_report_file/3118_1786612056865.pdf
48450,CCS,2025-06-30,1,950399994.6108563,1.15,quarter,verified,1092669000,1000,Earnings per share,23.83,verified,22651021000,Net assets per share  23.83  25.22,https://cdn.cse.lk/cmt/upload_report_file/462_1753782983998.pdf
49145,CCS,2025-09-30,1,950399994.6108563,1.42,quarter,verified,1353373000,1000,Earnings per share,24.49,verified,23272981000,Net assets per share  24.49  25.22,https://cdn.cse.lk/cmt/upload_report_file/462_1762139662726.pdf
49947,CCS,2025-12-31,1,950399994.6108563,1.77,quarter,verified,1681461000,1000,Earnings per share,25.63,verified,24358940000,Net assets per share  25.63  25.22,https://cdn.cse.lk/cmt/upload_report_file/462_1769476934130.pdf
51258,CCS,2026-03-31,1,950399994.6108563,3.95,quarter,verified,3758360000,1000,Earnings per share,26.26,verified,24961820000,Net assets per share  26.26  25.22,https://cdn.cse.lk/cmt/upload_report_file/462_1779677250402.pdf
52077,CCS,2026-06-30,1,950399994.6108563,1.12,quarter,verified,1063200000,1000,Earnings per share,23.77,verified,22594880000,Net assets per share  23.77  26.26,https://cdn.cse.lk/cmt/upload_report_file/462_1785118569713.pdf
48498,CDB,2025-06-30,1,70910802.99717289,12.35,unknown,verified,875819000,1000,Earnings per share,352.12,verified,24969313000,Net assets value per share (Rs.)  352.12  337.84,https://cdn.cse.lk/cmt/upload_report_file/981_1754047319242.%20Interim%20Financial%20Statements%20_CDB%2030_06_2025.pdf
49283,CDB,2025-09-30,1,71718124.27486755,18.59,quarter,verified,1333328000,1000,Earnings per share,357.92,verified,25669547000,Net assets value per share (Rs.)  357.92  337.84,https://cdn.cse.lk/cmt/upload_report_file/981_1762512822427.%20Interim%20Financial%20Statements%20_CDB%2030_09_2025%20Sgd.pdf
50098,CDB,2025-12-31,1,71718124.27486755,13.13,quarter,verified,941900000,1000,Earnings per share,371.19,verified,26620786000,Net assets value per share (Rs.)  371.19  337.84,https://cdn.cse.lk/cmt/upload_report_file/981_1770372891213.%20Interim%20Financial%20Statements%20_CDB%2031_12_2025.pdf
51398,CDB,2026-03-31,1,726740070,1.89,quarter,verified,1354108000,1000,Earnings per share,39.62,verified,28416829000,Net assets value per share (Rs.)*  39.62  33.78,https://cdn.cse.lk/cmt/upload_report_file/981_1779880176430.%20Interim%20Financial%20Statements%20_CDB%2031_03_2026%20Sgd.pdf
52217,CDB,2026-06-30,1,717366231.4560376,1.4,quarter,verified,1001720000,1000,Earnings per share,40.6,verified,29123311000,Net assets value per share (Rs.)  40.60  39.62,https://cdn.cse.lk/cmt/upload_report_file/981_1785924600634.pdf
48492,CERA,2025-06-30,1,6000000,4.14,quarter,verified,24823853,1,Earnings Per Share - Basic  (Rs.)  4.14  4.22  4.13  4.21,184.48,verified,1106890322,Net Assets Value Per Share ( Rs.)  184.48  189.24  185.99  190.76,https://cdn.cse.lk/cmt/upload_report_file/676_1754041198437.pdf
49208,CERA,2025-09-30,1,6000000,8.42,ytd,verified,50519672,1,Earnings Per Share -from continuing operations (Rs.)  8.42  8.34  4.28  4.12  8.41  8.33  4.28  4.12,188.76,verified,1132586141,Net Assets Value Per Share ( Rs.)  188.76  189.24  190.27  190.76,https://cdn.cse.lk/cmt/upload_report_file/676_1762259072554.pdf
50011,CERA,2025-12-31,1,6000000,11.71,ytd,verified,70284560,1,Earnings Per Share -from continuing operations (Rs.)  11.71  12.38  3.29  4.04  11.69  12.37  3.28  4.04,192.06,verified,1152351029,Net Assets Value Per Share ( Rs.)  192.06  189.24  193.55  190.76,https://cdn.cse.lk/cmt/upload_report_file/676_1769765873013.01.2025.pdf
51462,CERA,2026-03-31,1,6000000,15.24,ytd,verified,91433882,1,Earnings Per Share -from continuing operations (Rs.)  15.24  19.96  3.52  7.58  15.19  19.93  3.50  7.56,195.27,verified,1171633003,Net Assets Value Per Share ( Rs.)  195.27  189.24  196.84  190.76,https://cdn.cse.lk/cmt/upload_report_file/676_1779966820488.03.2026.pdf
52230,CERA,2026-06-30,1,6000000,4.08,quarter,verified,24498082,1,Earnings Per Share - Basic  (Rs.)  4.08  4.14  4.08  4.13,192.96,verified,1157731085,Net Assets Value Per Share ( Rs.)  192.96  195.27  194.52  196.84,https://cdn.cse.lk/cmt/upload_report_file/676_1785932677514.pdf
48530,CFI,2025-06-30,1,8787024.59759413,29.75,quarter,verified,261447000,1000,17.91  Earnings per share (Rs.)  29.75  5.36,,not found,,,https://cdn.cse.lk/cmt/upload_report_file/609_1754386045469.06.2025%20-%20CSE%20UPLOAD.pdf
49235,CFI,2025-09-30,1,8853675.22235774,37.57,quarter,verified,332675000,1000,17.78  Earnings per share (Rs.)  37.57  (5.29)  67.10  0.03,,not found,,,https://cdn.cse.lk/cmt/upload_report_file/609_1762423382724.09.2025%20-%20CSE%20UPLOAD.pdf
50173,CFI,2025-12-31,1,8853675.22235774,36.53,quarter,verified,323459000,1000,17.78  Earnings per share (Rs.)  36.53  14.68  103.64  14.72,,not found,,,https://cdn.cse.lk/cmt/upload_report_file/609_1770714832267.12.2025.pdf
51157,CFI,2026-03-31,1,8853675.22235774,-15.8,quarter,verified,-139886000,1000,Earnings per share (Rs.)  (15.80)  3.06  87.84  17.78,537.52,verified,4759059000,Net Asset per Share (Rs.)  537.52  376.69,https://cdn.cse.lk/cmt/upload_report_file/609_1778844330295.03.2026.pdf
52246,CFI,2026-06-30,1,8939650.9194173,7.79,quarter,verified,69664000,1000,86.99  Earnings per share (Rs.)  7.79  29.25,,not found,,,https://cdn.cse.lk/cmt/upload_report_file/609_1786011697427.06.2026%20-%20CSE%20UPLOAD.pdf
48615,CFIN,2025-06-30,1,227354459.54060304,11.02,quarter,verified,2505061000,1000,Basic and Diluted Earnings Per Share (Rs.)  11.02  9.76,347.84,verified,79082371000,Net asset value per share - Rs.  347.84  339.63  246.73  242.82,https://cdn.cse.lk/cmt/upload_report_file/366_1754995302183.06.2025.pdf
49345,CFIN,2025-09-30,1,227354459.54060304,24.5,ytd,verified,5569518000,1000,Basic and Diluted Earnings Per Share (Rs.)  24.50  20.51,360.35,verified,81926071000,Net asset value per share - Rs.  360.35  339.63  253.70  242.82,https://cdn.cse.lk/cmt/upload_report_file/366_1762856582497.09.2025.pdf
50196,CFIN,2025-12-31,1,227354462,34.63,ytd,verified,7874338000,1000,Basic and Diluted Earnings Per Share (Rs.)  34.63  33.42,367.14,verified,83471410000,Net asset value per share - Rs.  367.14  339.63  256.03  242.82,https://cdn.cse.lk/cmt/upload_report_file/366_1770801989936.12.2025.pdf
51229,CFIN,2026-03-31,1,227354459.54060304,45.09,ytd,verified,10250376000,1000,Basic and Diluted Earnings Per Share (Rs.)  45.09  43.65,375.23,verified,85309087000,Net asset value per share - Rs.  375.23  339.63  262.17  242.82,https://cdn.cse.lk/cmt/upload_report_file/366_1779442268240.03.2026%20-%20%20Signed%20PDF.pdf
52430,CFIN,2026-06-30,1,227354459.54060304,12.3,quarter,verified,2796866000,1000,Basic and Diluted Earnings Per Share (Rs.)  12.30  11.02,379.9,verified,86371315000,Net asset value per share - Rs.  379.90  375.23  265.79  262.17,https://cdn.cse.lk/cmt/upload_report_file/366_1786612306505.06.2026.pdf
48782,CFLB,2025-06-30,1,240000004.14664227,,,not found,,,,,not found,,,https://cdn.cse.lk/cmt/upload_report_file/504_1755256204144.pdf
49663,CFLB,2025-09-30,1,239999998.00328222,2.17,quarter,verified,521571000,1000,"Earnings per Share (Rs.)  2.17  (0.05)  4,440  2.15  (0.07)  3,171",,not found,,,https://cdn.cse.lk/cmt/upload_report_file/504_1763117616106.pdf
50472,CFLB,2025-12-31,1,239999996.0299327,3.42,quarter,verified,821667000,1000,"Earnings per Share (Rs.)  3.42  (0.04)  8,650  5.57  (0.11)  5,163",,not found,,,https://cdn.cse.lk/cmt/upload_report_file/504_1770982258671.pdf
51657,CFLB,2026-03-31,1,240000000.99291915,0.68,quarter,verified,163757000,1000,Earnings per Share (Rs.)  0.68  2.78  (76)  6.26  2.69  132,,not found,,,https://cdn.cse.lk/cmt/upload_report_file/504_1780060431507.pdf
52697,CFLB,2026-06-30,1,240000000.99285874,0.16,quarter,verified,39278000,1000,Earnings /(Loss) per Share (Rs.)  0.16  (0.02)  778,,not found,,,https://cdn.cse.lk/cmt/upload_report_file/504_1786708377969.pdf
48617,CFVF,2025-06-30,1,405000000,,,not found,,,,26.57,verified,10761049000,Net asset per share (Rs.)  26.57  21.71  26.57  21.71,https://cdn.cse.lk/cmt/upload_report_file/698_1754997238117.pdf
49348,CFVF,2025-09-30,1,405000000,,,not found,,,,30,verified,12031569000,* Net Assets per Share of the Group and the Company as at 30 September 2025 which are adjusted,https://cdn.cse.lk/cmt/upload_report_file/698_1762857615080.09.2025.pdf
50215,CFVF,2025-12-31,1,405000000,,,not found,,,,22.26,verified,9016622000,Net asset per share (Rs.)  22.26  21.71  22.26  21.71,https://cdn.cse.lk/cmt/upload_report_file/698_1770806057227.pdf
51630,CFVF,2026-03-31,1,405000000,,,not found,,,,19.4,verified,7858248000,Net asset per share (Rs.)  19.40  21.71  19.40  21.71,https://cdn.cse.lk/cmt/upload_report_file/698_1780054017952.pdf
52532,CFVF,2026-06-30,1,405000000,,,not found,,,,17.8,verified,7210959000,Net asset per share (Rs.)  17.80  19.40  17.80  19.40,https://cdn.cse.lk/cmt/upload_report_file/698_1786622764951.pdf
48681,CHL,2025-06-30,1,167585952,,,not found,,,,,not found,,,https://cdn.cse.lk/cmt/upload_report_file/514_1755164625009.pdf
49450,CHL,2025-09-30,1,167585952,,,not found,,,,,not found,,,https://cdn.cse.lk/cmt/upload_report_file/514_1763024774535.pdf
50203,CHL,2025-12-31,1,167585952,,,not found,,,,,not found,,,https://cdn.cse.lk/cmt/upload_report_file/514_1770801570279.pdf
51360,CHL,2026-03-31,1,167585952,1.39,quarter,verified,232564000,1000,Earnings/(Loss) per share - Basic/Diluted (Rs.)  1.39  1.02  5.68  3.89,,not found,,,https://cdn.cse.lk/cmt/upload_report_file/514_1779874264131.pdf
52470,CHL,2026-06-30,1,167585952,1.72,quarter,verified,288087000,1000,Earnings/(Loss) per share - Basic/Diluted (Rs.)  1.72  1.62,,not found,,,https://cdn.cse.lk/cmt/upload_report_file/514_1786616285443.pdf
48499,CHMX,2025-06-30,1,15705980.52830822,2.03,quarter,verified,31881000,1000,Earnings per share,278.51,verified,4374519000,Net Assets per share (Rs.)  278.51  239.71  254.63  284.43  245.28  260.31,https://cdn.cse.lk/cmt/upload_report_file/492_1754048774591.06.2025.pdf
49203,CHMX,2025-09-30,1,16152353,1.47,quarter,verified,23818000,1000,Earnings per share,273.01,verified,4409698000,Net Assets per share (Rs.)  273.01  209.69  247.61  278.89  215.13  253.13,https://cdn.cse.lk/cmt/upload_report_file/492_1762255378751.09.2025.pdf
49992,CHMX,2025-12-31,1,16152352.95848172,2.59,quarter,verified,41904000,1000,Earnings per share,270.44,verified,4368111000,Net Assets per share (Rs.)  270.44  273.61  247.61  276.48  279.24  253.13,https://cdn.cse.lk/cmt/upload_report_file/492_1769688554872.pdf
51333,CHMX,2026-03-31,1,16152352.95848172,3.47,quarter,verified,56004000,1000,Earnings per share,254.08,verified,4103917000,Net Assets per share (Rs.)  254.08  254.63  260.41  260.31,https://cdn.cse.lk/cmt/upload_report_file/492_1779790485898.03.2026.pdf
52070,CHMX,2026-06-30,1,16152353,4.45,quarter,verified,71838000,1000,Earnings per share,278.17,verified,4492944000,Net Assets per share (Rs.)  278.17  278.51  254.08  284.75  284.43  260.41,https://cdn.cse.lk/cmt/upload_report_file/492_1784886642958.06.26.pdf
49624,CHOT,2025-09-30,1,180030942,,,not found,,,,,not found,,,https://cdn.cse.lk/cmt/upload_report_file/545_1763117603529.09.2025.pdf
50289,CHOT,2025-12-31,1,180030939.32940823,0.15,quarter,verified,27101000,1000,Basic and diluted earnings/ (loss) per share  0.15  0.09  0.14  (0.21)  0.05  0.03  0.15  0.15,,not found,,,https://cdn.cse.lk/cmt/upload_report_file/545_1770891283729.12.2025_compressed.pdf
51635,CHOT,2026-03-31,1,180030939.32940823,0.93,ytd,verified,167537000,1000,Basic and diluted earnings/ (loss) per share  0.93  0.98  1.06  0.78  0.06  0.05  0.21  0.21,45.06,verified,8111705000,Net Assets per Share (Rs.)  45.06  43.98  15.48  15.26,https://cdn.cse.lk/cmt/upload_report_file/545_1780052085492.03.2026.pdf
52676,CHOT,2026-06-30,1,180030942,,,not found,,,,,not found,,,https://cdn.cse.lk/cmt/upload_report_file/545_1786703619990.06.2026.pdf
33913,CHOU,2019-06-30,1,13379850.00551182,-0.21,quarter,verified,-2875995,1,Earnings Per Share (Rs.)  (0.21)  (0.29)  (0.21)  (0.29),6.65,verified,88913555,Net Asset Value Per Share (Rs.)  6.65  7.35  5.05  6.55,https://cdn.cse.lk/cmt/upload_report_file/616_1565870266655.pdf
48540,CIC,2025-06-30,1,1895400000,,,not found,,,,,not found,,,https://cdn.cse.lk/cmt/upload_report_file/493_1754413578582.pdf
49241,CIC,2025-09-30,1,1895400000,,,not found,,,,,not found,,,https://cdn.cse.lk/cmt/upload_report_file/493_1762427934950.09.2025.pdf
50060,CIC,2025-12-31,1,1895399995.6078336,0.16,ytd,verified,300790000,1000000,Earnings per share,6.59,verified,12484250000,Net assets per share (Rs.)  6.59  6.31  6.59  23.55  20.54  21.17,https://cdn.cse.lk/cmt/upload_report_file/493_1770119995452.pdf
51470,CIC,2026-03-31,1,1895399995.6078336,0.26,ytd,verified,495610000,1000000,Earnings per share,6.84,verified,12967760000,Net assets per share (Rs.)  6.84  6.59  24.38  21.17,https://cdn.cse.lk/cmt/upload_report_file/493_1779997698107.pdf
52180,CIC,2026-06-30,1,1895399995.6078336,0.28,unknown,verified,526860000,1000000,Earnings per share,7.12,verified,13494270000,Net assets per share (Rs.)  7.12  6.85  6.84  25.26  21.84  24.37,https://cdn.cse.lk/cmt/upload_report_file/493_1785498051666.pdf
48556,CIND,2025-06-30,1,24195192.98156426,5.67,quarter,verified,137193000,1000,Basic and diluted Earnings per share (Rs.)  5.67  4.62  5.67  4.62,,not found,,,https://cdn.cse.lk/cmt/upload_report_file/665_1754557624511.pdf
49281,CIND,2025-09-30,1,24195192.98156426,13.58,ytd,verified,328517000,1000,Basic and diluted Earnings per share (Rs.)  13.58  10.86  13.58  10.86,,not found,,,https://cdn.cse.lk/cmt/upload_report_file/665_1762511855308.pdf
50097,CIND,2025-12-31,1,24195192.98156426,19.21,ytd,verified,464749000,1000,Basic and diluted Earnings per share (Rs.)  19.21  16.59  19.21  16.59,,not found,,,https://cdn.cse.lk/cmt/upload_report_file/665_1770375837086.pdf
51210,CIND,2026-03-31,1,24195192.98156426,26.88,ytd,verified,653025000,1000,Basic and diluted Earnings per share (Rs.)  26.88  22.64  26.88  22.64,,not found,,,https://cdn.cse.lk/cmt/upload_report_file/665_1779355368839.pdf
52349,CIND,2026-06-30,1,24195192.98156426,7.62,quarter,verified,184308000,1000,Basic and diluted Earnings per share (Rs.)  7.62  5.67  7.62  5.67,203.86,verified,4932520000,Net Assets per Ordinary Share (Rs.)  203.86  202.25  180.90  203.85  202.24  180.89,https://cdn.cse.lk/cmt/upload_report_file/665_1786441930423.pdf
48711,CINS,2025-06-30,2,26414479.92751227,138.73,ytd,verified,3664487000,1000,Basic Earnings Per Share(Rs.)  138.73  172.36  69.73  53.42,,not found,,,https://cdn.cse.lk/cmt/upload_report_file/367_1755169975621.pdf
49630,CINS,2025-09-30,2,26414480.16512509,205.54,ytd,verified,5429173000,1000,Basic Earnings Per Share(Rs.)  205.54  256.44  72.46  51.82,,not found,,,https://cdn.cse.lk/cmt/upload_report_file/367_1763116282164.pdf
50636,CINS,2025-12-31,2,26414480.16512509,396.9,ytd,verified,10483929000,1000,Basic Earnings Per Share(Rs.)  396.90  358.51  82.80  58.62,,not found,,,https://cdn.cse.lk/cmt/upload_report_file/367_1772186187252.pdf
51136,CINS,2026-03-31,2,26414480.16512509,72.8,quarter,verified,1923040000,1000,Basic Earnings Per Share (Rs.)  72.80  76.82  1.59  1.46,,not found,,,https://cdn.cse.lk/cmt/upload_report_file/367_1778835996999.pdf
52551,CINS,2026-06-30,2,26414479.93214139,133.53,ytd,verified,3527147000,1000,Basic Earnings Per Share(Rs.)  133.53  138.73  35.37  69.73,,not found,,,https://cdn.cse.lk/cmt/upload_report_file/367_1786675938303.pdf
48713,CINV,2025-06-30,1,97200743.70927879,10.22,quarter,verified,993189000,1000,Earnings per share (Rs.)  10.22  3.71,188.5,verified,18322242000,Net assets value per share (Rs.)  188.50  168.84,https://cdn.cse.lk/cmt/upload_report_file/608_1755170293409.pdf
49652,CINV,2025-09-30,1,97200743.05145903,7.65,quarter,verified,743527000,1000,Earnings / (loss) per share (Rs.)  7.65  (0.07)  17.87  3.64,224.78,verified,21848444000,Net assets value per share (Rs.)  224.78  168.84,https://cdn.cse.lk/cmt/upload_report_file/608_1763115038923.pdf
50445,CINV,2025-12-31,1,97200743.05145903,2.94,quarter,verified,285774000,1000,Earnings per share (Rs.)  2.94  16.65  20.81  20.37,223.18,verified,21693354000,Net assets value per share (Rs.)  223.18  168.84,https://cdn.cse.lk/cmt/upload_report_file/608_1770979755503.pdf
51617,CINV,2026-03-31,1,97200743.05145903,-2.56,quarter,verified,-249206000,1000,Earnings / (loss) per share (Rs.)  (2.56)  1.76  18.24  21.86,203.33,verified,19763451000,Net assets value per share (Rs.)  203.33  168.84,https://cdn.cse.lk/cmt/upload_report_file/608_1780048164898.pdf
52602,CINV,2026-06-30,1,97200743.05145903,2.57,quarter,verified,250225000,1000,Earnings per share (Rs.)  2.57  10.22,205.57,verified,19981561000,Net asset value per share (Rs.)  205.57  203.33,https://cdn.cse.lk/cmt/upload_report_file/608_1786699059250.pdf
48529,CIT,2025-06-30,1,7096248.62485988,53.31,quarter,verified,378300000,1000,32.69 Earnings/(Loss) per Share (Rs.)  53.31  4.15,,not found,,,https://cdn.cse.lk/cmt/upload_report_file/610_1754388823177.pdf
49503,CIT,2025-09-30,1,7149558.01019252,50,quarter,verified,357447000,1000,32.45 Earnings/(Loss) per Share (Rs.)  50.00  (0.09)  102.92  4.02,,not found,,,https://cdn.cse.lk/cmt/upload_report_file/610_1763025630733.pdf
50073,CIT,2025-12-31,1,7149558.01019252,48.83,quarter,verified,349090000,1000,32.45 Earnings/(Loss) per Share (Rs.)  48.83  17.81  151.75  21.83,,not found,,,https://cdn.cse.lk/cmt/upload_report_file/610_1770294418130.pdf
51158,CIT,2026-03-31,1,7149558.01019252,-8.38,quarter,verified,-59911000,1000,Earnings/(Loss) per Share (Rs.)  (8.38)  10.62  143.37  32.45,677.17,verified,4840910000,Net Assets per Share (Rs.)  677.17  448.68,https://cdn.cse.lk/cmt/upload_report_file/610_1778844242379.03.2026.pdf
52245,CIT,2026-06-30,1,7210808.0156343,7.74,quarter,verified,55809000,1000,142.13 Earnings per Share  7.74  52.46,,not found,,,https://cdn.cse.lk/cmt/upload_report_file/610_1786011861143.06.2026.pdf
48797,CITH,2025-06-30,1,542663529.14906,-0.13,quarter,verified,-71658919,1,Profit/ (Loss) per share - Basic (Rs.)  (0.13)  (0.23)  (0.18),,not found,,,https://cdn.cse.lk/cmt/upload_report_file/1222_1755485798778.pdf
49516,CITH,2025-09-30,1,542663532.6966454,,,not found,,,,,not found,,,https://cdn.cse.lk/cmt/upload_report_file/1222_1763034793825.09.2025.pdf
50507,CITH,2025-12-31,1,542663532.4992567,0.03,quarter,verified,17929305,1,Loss per share - Basic (Rs.)  0.03  0.08  0.08  (0.75)  0.31,,not found,,,https://cdn.cse.lk/cmt/upload_report_file/1222_1771210176571.12.2025_Upload.pdf
51707,CITH,2026-03-31,1,542663532.4992567,0.08,quarter,verified,42785612,1,Profit/(Loss) per share - Basic (Rs.)  0.08  0.17  0.15  (0.22),,not found,,,https://cdn.cse.lk/cmt/upload_report_file/1222_1780322552299.pdf
52721,CITH,2026-06-30,1,542663532.4992567,-0.28,quarter,verified,-153806351,1,Profit/(Loss) per share - Basic (Rs.)  (0.28)  (0.13)  0.15,,not found,,,https://cdn.cse.lk/cmt/upload_report_file/1222_1786715903157.pdf
48795,CITW,2025-06-30,1,936683980.8912657,-0.08,quarter,verified,-71338992,1,Basic earnings/ (loss) per share - (Rs)  (0.08)  (0.18)  (0.19),2.29,verified,2145525458,Net assets per share  2.29  4.12  2.47,https://cdn.cse.lk/cmt/upload_report_file/1106_1755485350276.pdf
49517,CITW,2025-09-30,1,936683990.2631826,-0.08,quarter,verified,-77723455,1,Basic/diluted loss per share  (0.08)  (0.21)  (0.04)  (0.07)  (0.19),2.21,verified,2067802004,Net assets per share  2.21  5.62,https://cdn.cse.lk/cmt/upload_report_file/1106_1763034860422.09.2025.pdf
50506,CITW,2025-12-31,1,936683990.2631826,-0.03,quarter,verified,-32237331,1,Basic/diluted loss per share  (0.03)  (0.02)  (0.19)  (0.23)  (0.19),2.17,verified,2035564673,Net assets per share  2.17  2.24,https://cdn.cse.lk/cmt/upload_report_file/1106_1771210272576.12.2025%20-%20Upload.pdf
51706,CITW,2026-03-31,1,936683988,,,not found,,,,2.33,verified,2183993897,Net assets per share  2.33  2.37,https://cdn.cse.lk/cmt/upload_report_file/1106_1780322624741.pdf
52722,CITW,2026-06-30,1,936683990.2631826,-0.17,quarter,verified,-161333283,1,Basic/diluted profit or (loss) per share  (0.17)  (0.08)  (0.19),2.16,verified,2022660614,Net assets per share  2.16  2.29,https://cdn.cse.lk/cmt/upload_report_file/1106_1786716003157.pdf
48656,CLND,2025-06-30,2,199881009.03929773,0.25,quarter,verified,49683042,1,Earnings Per Share - Restated  0.25  0.19  0.18  0.13,42.35,verified,8467294091,Net Assets per Share (Rs.)  42.35  42.10  36.91  35.35,https://cdn.cse.lk/cmt/upload_report_file/618_1755087876550.pdf
49256,CLND,2025-09-30,2,199881009.03929773,0.43,quarter,verified,85069136,1,Earnings Per Share - Restated  0.43  (0.21)  0.18  (0.02),42.53,verified,8502680185,Net Assets per Share (Rs.)  42.53  42.10  36.93  35.35,https://cdn.cse.lk/cmt/upload_report_file/618_1762485291745.pdf
50299,CLND,2025-12-31,2,199881009.03929773,0.68,quarter,verified,132816004,1,Earnings Per Share - Restated  0.68  0.69  1.10  0.48,43.23,verified,8641591470,Net Assets per Share (Rs.)  43.23  42.10  42.54  35.35,https://cdn.cse.lk/cmt/upload_report_file/618_1770897664854.pdf
51043,CLND,2026-03-31,2,199881009.03929773,0.15,quarter,verified,29535001,1,Earnings Per Share - Restated  0.15  0.07  0.94,43.32,verified,8659385689,Net Assets per Share (Rs.)  43.32  43.17  42.64  42.54,https://cdn.cse.lk/cmt/upload_report_file/618_1778496349567.03.2026.pdf
52300,CLND,2026-06-30,2,199881009.03929773,0.36,quarter,verified,71905334,1,Earnings Per Share from continuing operations  0.36  0.25  0.21  0.18,43.53,verified,8701756023,Net Assets per Share (Rs.)  43.53  43.17  42.79  42.54,https://cdn.cse.lk/cmt/upload_report_file/618_1786106099468.06.2026.pdf
48801,COCO,2025-06-30,1,374624234,,,not found,,,,,not found,,,https://cdn.cse.lk/cmt/upload_report_file/461_1755488241635.pdf
49295,COCO,2025-09-30,1,374624234,,,not found,,,,,not found,,,https://cdn.cse.lk/cmt/upload_report_file/461_1762749304944.11.25.pdf
50110,COCO,2025-12-31,1,374624234,,,not found,,,,,not found,,,https://cdn.cse.lk/cmt/upload_report_file/461_1770580801247.pdf
51619,COCO,2026-03-31,1,374624236.1855869,-0.66,quarter,verified,-242804000,1000,Earnings / (Loss) Per Share (Rs.)  (0.66)  (0.33)  1.63  (1.94)  3.56  (0.01)  4.76  (0.09),17.45,verified,6538905000,Net Assets per share (Rs)  17.45  29.35  15.23  20.93,https://cdn.cse.lk/cmt/upload_report_file/461_1780047949741.pdf
52640,COCO,2026-06-30,1,374624236.1855869,0.28,quarter,verified,105675000,1000,Earnings Per Share (Rs.)  0.28  0.43  0.28  0.43  0.03  0.01  0.03  0.01,,not found,,,https://cdn.cse.lk/cmt/upload_report_file/461_1786701901029.pdf
48474,COCR,2025-06-30,1,318074365,,,not found,,,,,not found,,,https://cdn.cse.lk/cmt/upload_report_file/1063_1753954213078.pdf
49126,COCR,2025-09-30,1,318074368.7253874,6.45,quarter,verified,2053025157,1,Earning per Share (LKR) - For the Period  6.45  3.62  13.00  5.62,,not found,,,https://cdn.cse.lk/cmt/upload_report_file/1063_1761904550777.pdf
50003,COCR,2025-12-31,1,318074368.7253874,5.9,quarter,verified,1877424233,1,Earning per Share (LKR) - For the Period  5.90  0.89  18.90  6.51,,not found,,,https://cdn.cse.lk/cmt/upload_report_file/1063_1769763958153.12.2025.pdf
51314,COCR,2026-03-31,1,318074368.7253874,11.18,quarter,verified,3555945597,1,Earning per Share (LKR) - For the Period  11.18  13.04  30.08  19.55,,not found,,,https://cdn.cse.lk/cmt/upload_report_file/1063_1779787267171.pdf
52149,COCR,2026-06-30,1,318074368.7253874,6.31,quarter,verified,2007234384,1,Earning per Share (LKR) - For the Period  6.31  6.55,,not found,,,https://cdn.cse.lk/cmt/upload_report_file/1063_1785402292736.pdf
48551,COLO,2025-06-30,1,152000000,,,not found,,,,,not found,,,https://cdn.cse.lk/cmt/upload_report_file/693_1754482852720.06.2025.pdf
49119,COLO,2025-09-30,1,152000000,,,not found,,,,,not found,,,https://cdn.cse.lk/cmt/upload_report_file/693_1761823061826.pdf
50145,COLO,2025-12-31,1,152000000.6558898,,,not found,,,,,not found,,,https://cdn.cse.lk/cmt/upload_report_file/693_1770637636892.12.2025.pdf
51169,COLO,2026-03-31,1,152000000.6558898,,,not found,,,,,not found,,,https://cdn.cse.lk/cmt/upload_report_file/693_1779103745528.03.2026.pdf
52299,COLO,2026-06-30,1,151999998.94773847,,,not found,,,,,not found,,,https://cdn.cse.lk/cmt/upload_report_file/693_1786109223030.06.2026.pdf
48718,COMB,2025-06-30,2,1629983130.0002184,18.87,ytd,verified,30756854000,1000,Earnings per share (EPS),183.71,verified,299444001000,Net Assets Value per Ordinary Share (Rs.)  183.71  174.58  5.23  179.64  170.94  5.09,https://cdn.cse.lk/cmt/upload_report_file/369_1755172718901.pdf
49384,COMB,2025-09-30,2,1630562664.107673,29.05,ytd,verified,47352365000,1000,Earnings per share (EPS),194.53,verified,317199901000,Net Assets Value per Ordinary Share (Rs.)  194.53  174.58  11.43  190.05  170.94  11.18,https://cdn.cse.lk/cmt/upload_report_file/369_1762944976777.pdf
50613,COMB,2025-12-31,2,1635503649.3091552,36.86,ytd,verified,60110183000,1000,Earnings per share (EPS),203.04,verified,332066425000,Net Assets Value per Ordinary Share (Rs.)  203.04  174.58  16.30  198.30  170.94  16.01,https://cdn.cse.lk/cmt/upload_report_file/369_1772101323577..pdf
51101,COMB,2026-03-31,2,1637270366.9159236,10.73,quarter,verified,17719770000,1000,Earnings per share (EPS),203.34,verified,336010518000,"As a result, the Group’s net asset value per share increased to Rs. 203.34 as at 31st March 2026, from Rs.",https://cdn.cse.lk/cmt/upload_report_file/369_1778755847521.pdf
52504,COMB,2026-06-30,2,1653554094.084218,21.14,ytd,verified,34928601000,1000,Earnings per share (EPS),216.14,verified,357399155000,Net Assets Value per Ordinary Share (Rs.)  216.14  203.04  6.45  210.38  198.30  6.09,https://cdn.cse.lk/cmt/upload_report_file/369_1786618965674.pdf
48527,COMD,2025-06-30,2,12000000,9.88,ytd,verified,118561000,1000,Earnings per Share (Rs.)  9.88  9.27  6.6  4.96  4.23  17.3,349.46,verified,4193579000,Net Assets Value Per Ordinary Share (Rs.)  349.46  343.58  1.71,https://cdn.cse.lk/cmt/upload_report_file/619_1754384853109.06.2025.pdf
49317,COMD,2025-09-30,2,12000000,18.22,ytd,verified,218611000,1000,Earnings per Share (Rs.)  18.22  15.20  19.9  8.34  5.93  40.6,357.8,verified,4293629000,Net Assets Value Per Ordinary Share (Rs.)  357.80  343.58  4.14,https://cdn.cse.lk/cmt/upload_report_file/619_1762767521446.09.2025.pdf
50459,COMD,2025-12-31,2,12000000,35.13,ytd,verified,421535000,1000,Earnings per Share (Rs.)  35.13  48.55  (27.6)  16.91  33.35  (49.3),371.27,verified,4455266000,Net Assets Value Per Ordinary Share (Rs.)  371.27  343.58  8.06,https://cdn.cse.lk/cmt/upload_report_file/619_1770978485258.12.2025.pdf
50952,COMD,2026-03-31,2,12000000,4.06,quarter,verified,48733000,1000,Earnings per Share (Rs.)  4.06  4.92  (17.5),371.33,verified,4455999000,Net Assets Value Per Ordinary Share (Rs.)  371.33  371.27  0.02,https://cdn.cse.lk/cmt/upload_report_file/619_1777285461520.03.2026.pdf
52125,COMD,2026-06-30,2,12000000,8.03,ytd,verified,96403000,1000,Earnings per Share (Rs.)  8.03  9.88  (18.7)  3.97  4.96  (19.9),375.31,verified,4503669000,Net Assets Value Per Ordinary Share (Rs.)  375.31  371.27  1.09,https://cdn.cse.lk/cmt/upload_report_file/619_1785229895765.06.2026-sgd.pdf
48453,CONN,2025-06-30,1,107989958.37847796,-0.45,ytd,verified,-48547000,1000,1.45  Profit/ (Loss) per Share (Rs.)  (0.45)  (1.33),,not found,,,https://cdn.cse.lk/cmt/upload_report_file/532_1753783319055.06.2025.pdf
49114,CONN,2025-09-30,1,107989958.37847796,1.82,ytd,verified,196978000,1000,1.45  Profit/ (Loss) per Share (Rs.)  1.82  1.62  1.37  0.29,,not found,,,https://cdn.cse.lk/cmt/upload_report_file/532_1761816952061.pdf
49940,CONN,2025-12-31,1,107989958.37847796,-0.18,ytd,verified,-19381000,1000,1.45  Profit/ (Loss) per Share (Rs.)  (0.18)  (0.00)  1.20  0.29,,not found,,,https://cdn.cse.lk/cmt/upload_report_file/532_1769424125059.pdf
51509,CONN,2026-03-31,1,107989958.37847796,-3.41,quarter,verified,-370190000,1000,Profit/ (Loss) per Share (Rs.)  (3.41)  1.16  (2.22)  1.45,11.53,verified,1237549000,Net Assets Value per Share (Rs.)  11.53  13.91  7.41  9.68,https://cdn.cse.lk/cmt/upload_report_file/532_1780045438680.pdf
52091,CONN,2026-06-30,1,107989958.37847796,-0.91,ytd,verified,-98567000,1000,(2.22)  Profit/ (loss) per share (Rs.)  (0.91)  (0.45),,not found,,,https://cdn.cse.lk/cmt/upload_report_file/532_1785148360885.pdf
48541,COOP,2025-06-30,2,1652177556.1358643,0.02,quarter,verified,38704867,1,Earnings per share,,not found,,,https://cdn.cse.lk/cmt/upload_report_file/2692_1754474529531.pdf
49357,COOP,2025-09-30,2,1652177556.1358643,0.04,quarter,verified,71433808,1,Earnings per share,,not found,,,https://cdn.cse.lk/cmt/upload_report_file/2692_1762859419977.pdf
50500,COOP,2025-12-31,2,1652177556.1358643,0.08,quarter,verified,137837344,1,Earnings per share,,not found,,,https://cdn.cse.lk/cmt/upload_report_file/2692_1770980440727.pdf
51160,COOP,2026-03-31,2,1652177556.1358643,0.06,quarter,verified,99529991,1,Earnings per share,,not found,,,https://cdn.cse.lk/cmt/upload_report_file/2692_1778836416742.pdf
52656,COOP,2026-06-30,2,1652177600,0.05,quarter,verified,86303708,1,Earnings per share,,not found,,,https://cdn.cse.lk/cmt/upload_report_file/2692_1786702616219.pdf
48787,CPRT,2025-06-30,1,42011900,,,not found,,,,,not found,,,https://cdn.cse.lk/cmt/upload_report_file/730_1755259380420.06.2025.pdf
49467,CPRT,2025-09-30,1,600169.99786898,,,not found,,,,,not found,,,https://cdn.cse.lk/cmt/upload_report_file/730_1763027663356.pdf
50186,CPRT,2025-12-31,1,600169.99786898,,,not found,,,,,not found,,,https://cdn.cse.lk/cmt/upload_report_file/730_1770720140392.pdf
51186,CPRT,2026-03-31,1,600169.99786898,-0.86,quarter,verified,-517999,1,Loss per share (based on number of shares before sub-division)  (0.86)  (2.71)  (0.06)  (1.94),-76,verified,-45870826,Net Asset Value Per Share (based on number of shares before sub-division)  (76)  (65)  (71)  (62),https://cdn.cse.lk/cmt/upload_report_file/730_1779182464630.pdf
52342,CPRT,2026-06-30,1,42011899.85082827,-0.06,quarter,verified,-2574733,1,Loss per share .  (0.06)  (0.02)  (0.06)  (0.02),-0.9,verified,-37960874,Net Asset Value Per Share  (0.9)  (0.8)  (0.9)  (0.8),https://cdn.cse.lk/cmt/upload_report_file/730_1786441697469.pdf
48667,CRL,2025-06-30,1,962573191.6733893,,,not found,,,,,not found,,,https://cdn.cse.lk/cmt/upload_report_file/863_1755162716140.pdf
49367,CRL,2025-09-30,1,962573190.8631314,,,not found,,,,,not found,,,https://cdn.cse.lk/cmt/upload_report_file/863_1762918962622.pdf
50052,CRL,2025-12-31,1,962573190.4442021,,,not found,,,,,not found,,,https://cdn.cse.lk/cmt/upload_report_file/863_1770117377970.26.pdf
51405,CRL,2026-03-31,1,962573188.3567448,,,not found,,,,,not found,,,https://cdn.cse.lk/cmt/upload_report_file/863_1779879284133.pdf
52248,CRL,2026-06-30,1,962573186.7942266,,,not found,,,,,not found,,,https://cdn.cse.lk/cmt/upload_report_file/863_1786010214601.pdf
48478,CSD,2025-06-30,2,139688298.82670632,,,not found,,,,,not found,,,https://cdn.cse.lk/cmt/upload_report_file/617_1753956523367.pdf
49125,CSD,2025-09-30,2,139688298.82670632,,,not found,,,,,not found,,,https://cdn.cse.lk/cmt/upload_report_file/617_1761902364981.pdf
50586,CSD,2025-12-31,2,139688298.82670632,,,not found,,,,,not found,,,https://cdn.cse.lk/cmt/upload_report_file/617_1771931448154.pdf
50953,CSD,2026-03-31,2,139688298.82670632,,,not found,,,,,not found,,,https://cdn.cse.lk/cmt/upload_report_file/617_1777285978611.03.2026%20%281%29.pdf
52143,CSD,2026-06-30,2,139688298.82670632,,,not found,,,,,not found,,,https://cdn.cse.lk/cmt/upload_report_file/617_1785380309313.pdf
48705,CSF,2025-06-30,1,6996774118.924779,-0.03,quarter,verified,-204556000,1000,Basic earnings per ordinary share  (0.03)  (0.06)  (0.03)  (0.06),,not found,,,https://cdn.cse.lk/cmt/upload_report_file/368_1755227461454.pdf
49386,CSF,2025-09-30,1,6996774118.924779,-0.04,quarter,verified,-311150000,1000,Basic earnings per ordinary share  (0.04)  (0.05)  (0.07)  (0.10)  (0.04)  (0.05)  (0.07)  (0.10),,not found,,,https://cdn.cse.lk/cmt/upload_report_file/368_1762942837305.pdf
50220,CSF,2025-12-31,1,6996774118.924779,-0.03,quarter,verified,-236857000,1000,Basic earnings per ordinary share  (0.03)  (0.03)  (0.11)  (0.14)  (0.03)  (0.03)  (0.11)  (0.14),,not found,,,https://cdn.cse.lk/cmt/upload_report_file/368_1770805322049.pdf
51862,CSF,2026-03-31,1,6996774118.924779,-0.03,quarter,verified,-231491000,1000,Basic earnings per ordinary share  (0.03)  (0.03)  (0.14)  (0.25)  (0.03)  (0.03)  (0.14)  (0.25),,not found,,,https://cdn.cse.lk/cmt/upload_report_file/368_1780997102410.pdf
53041,CSF,2026-06-30,1,6996774118.924779,-0.02,quarter,verified,-161482000,1000,Basic earnings per ordinary share  (0.02)  (0.03)  (0.02)  (0.03),,not found,,,https://cdn.cse.lk/cmt/upload_report_file/368_1788178329369.pdf
48589,CSLK,2025-06-30,1,470666600,0.2858,quarter,verified,134521130,1,Basic Earning Per Share  0.2858  0.2587  0.2858  0.2587,4.52,verified,2125413033,Net Asset Value per Share - LKR  4.52  3.47  4.61  3.58,https://cdn.cse.lk/cmt/upload_report_file/3198_1754911723261.06.2025-CSLK-Editable%20%282%29.pdf
49338,CSLK,2025-09-30,1,470666600,0.2612,quarter,verified,122949907,1,Basic Earning Per Share  0.2612  0.2085  0.5470  0.4592,4.54,verified,2135853058,Net Asset Value per Share - LKR  4.54  3.72  4.63  3.84,https://cdn.cse.lk/cmt/upload_report_file/3198_1762852765263.pdf
50278,CSLK,2025-12-31,1,470666600,0.2226,quarter,verified,104758975,1,Basic Earning Per Share  0.2226  0.3114  0.7696  0.7705,4.88,verified,2294719747,Net Asset Value per Share - LKR  4.88  3.95  4.98  4.00,https://cdn.cse.lk/cmt/upload_report_file/3198_1770889383414.12.2025.pdf
51349,CSLK,2026-03-31,1,470666600,0.0939,quarter,verified,44203868,1,Basic Earning Per Share  0.0939  0.1429  0.8635  0.9137,5.02,verified,2365074840,Net Asset Value per Share - LKR  5.02  4.18  5.16  4.26,https://cdn.cse.lk/cmt/upload_report_file/3198_1779872953503.pdf
52585,CSLK,2026-06-30,1,470666600,0.2105,quarter,verified,99085494,1,Basic Earning Per Share  0.2105  0.2858  0.2105  0.2858,5.6,verified,2636479203,Net Asset Value per Share - LKR  5.60  5.02  5.75  5.16,https://cdn.cse.lk/cmt/upload_report_file/3198_1786698481905.06.2026-CSE.pdf
48631,CTBL,2025-06-30,1,182399998.49958512,0.18,quarter,verified,33265845,1,Earnings Per Share  0.18  0.01  0.22  0.18,,not found,,,https://cdn.cse.lk/cmt/upload_report_file/923_1755077453366.pdf
49404,CTBL,2025-09-30,1,182399998.49958512,0.26,quarter,verified,46783130,1,Basic Earnings Per Share  0.26  0.06  0.45  0.06  0.28  0.22  0.51  0.40,3.47,verified,632118857,Net Asset Value Per Share  3.47  3.02  5.43  4.91,https://cdn.cse.lk/cmt/upload_report_file/923_1762955360854.Publishing%20Financial%20Statements.pdf
50400,CTBL,2025-12-31,1,182399998.49958512,0.15,quarter,verified,27061749,1,Basic Earnings /(Loss) Per Share  0.15  (0.00)  0.60  0.06  0.15  0.15  0.67  0.55,3.01,verified,549740605,Net Asset Value Per Share  3.01  3.02  4.98  4.91,https://cdn.cse.lk/cmt/upload_report_file/923_1770977515279.12.2025.pdf
51340,CTBL,2026-03-31,1,182400001.17672125,0.21,quarter,verified,37678390,1,Basic Earnings Per Share  0.21  (0.28)  0.80  (0.10)  0.18  0.12  0.85  0.66,3.22,verified,586979466,Net Asset Value Per Share  3.22  3.02  5.16  4.91,https://cdn.cse.lk/cmt/upload_report_file/923_1779841291990.pdf
52650,CTBL,2026-06-30,1,182400001.17672125,0.2,quarter,verified,35884528,1,Earnings Per Share  0.20  0.18  0.13  0.22,3.4,verified,620433918,Net Asset Value Per Share  3.40  3.20  5.27  5.15,https://cdn.cse.lk/cmt/upload_report_file/923_1786702597204.06.2026.pdf
48614,CTC,2025-06-30,2,187323751.01357967,39.32,quarter,verified,7365000000,1000000,Earnings Per Share (basic and diluted) - in LKR  39.32  38.53  74.97  74.85,56.11,verified,10510000000,Net Asset Per Share - in LKR  56.11  59.45,https://cdn.cse.lk/cmt/upload_report_file/460_1754994821543.pdf
49412,CTC,2025-09-30,2,187323751.01357967,36.77,quarter,verified,6887000000,1000000,Earnings Per Share (basic and diluted) - in LKR  36.77  41.21  111.74  116.56,52.39,verified,9813000000,Net Asset Per Share - in LKR  52.39  59.45,https://cdn.cse.lk/cmt/upload_report_file/460_1762951063947.pdf
50553,CTC,2025-12-31,2,187323751.01357967,43.8,quarter,verified,8205000000,1000000,Earnings Per Share (basic and diluted) - in LKR  43.80  41.68  155.54  158.24,58.97,verified,11047000000,Net Asset Per Share - in LKR  58.97  59.45,https://cdn.cse.lk/cmt/upload_report_file/460_1771414435824.pdf
51060,CTC,2026-03-31,2,187323751.01357967,35.76,quarter,verified,6699000000,1000000,Earnings Per Share (basic and diluted) - in LKR  35.76  35.65,67.51,verified,12647000000,Net Asset Per Share - in LKR  67.51  58.97,https://cdn.cse.lk/cmt/upload_report_file/460_1778579951697.pdf
52517,CTC,2026-06-30,2,187323751.01357967,41.07,quarter,verified,7694000000,1000000,Earnings Per Share (basic and diluted) - in LKR  41.07  39.32  76.83  74.97,57.72,verified,10812000000,Net Asset Per Share - in LKR  57.72  58.97,https://cdn.cse.lk/cmt/upload_report_file/460_1786619524644.pdf
48553,CTEA,2025-06-30,1,20737500,,,not found,,,,1128.71,verified,23406144000,"Net Assets per Share  1,128.71  1,107.80  1,105.13  1,125.61  1,105.43  1,102.21",https://cdn.cse.lk/cmt/upload_report_file/489_1754535278360.pdf
49622,CTEA,2025-09-30,1,20737500,,,not found,,,,1129.09,verified,23413950000,"Net Assets per Share  1,129.09  1,107.61  1,105.13  1,125.88  1,104.87  1,102.21",https://cdn.cse.lk/cmt/upload_report_file/489_1763116022908.pdf
50207,CTEA,2025-12-31,1,20737500,,,not found,,,,1169.28,verified,24247403000,"Net Assets per Share  1,169.28  1,113.65  1,105.13  1,165.93  1,111.03  1,102.21",https://cdn.cse.lk/cmt/upload_report_file/489_1770804776984.pdf
51038,CTEA,2026-03-31,1,20737500,,,not found,,,,1163.3,verified,24123408000,"Net Assets per Share  1,163.30  1,105.13  1,163.58  1,102.21",https://cdn.cse.lk/cmt/upload_report_file/489_1778494758900.pdf
52273,CTEA,2026-06-30,1,20737500,,,not found,,,,1222.2,verified,25344658000,"Net Assets per Share  1,222.20  1,128.71  1,173.85  1,221.23  1,125.61  1,174.02",https://cdn.cse.lk/cmt/upload_report_file/489_1786100741840.06.2026.pdf
48693,CTHR,2025-06-30,1,201406977.60625654,7.85,quarter,verified,1581864000,1000,Earnings per share (Rs.)  7.85  5.31  48.00  10.54  9.44  12.00,159.57,verified,32137817000,Net Asset Value per Share (Rs.)  159.57  162.23  45.95  45.41,https://cdn.cse.lk/cmt/upload_report_file/503_1755166267355.pdf
49158,CTHR,2025-09-30,1,201406978.076727,9.62,quarter,verified,1938079000,1000,Earnings per share (Rs.)  9.62  6.89  40.00  17.48  12.20  43.00,168.96,verified,34030325000,Net Asset Value per Share (Rs.)  168.96  162.23  45.69  45.41,https://cdn.cse.lk/cmt/upload_report_file/503_1762162697087.pdf
50126,CTHR,2025-12-31,1,201406976.2631255,9.94,quarter,verified,1999998000,1000,Earnings per share (Rs.)  9.94  5.02  98.00  27.41  17.21  59.00,174.59,verified,35162642000,Net Asset Value per Share (Rs.)  174.59  162.23  46.21  45.41,https://cdn.cse.lk/cmt/upload_report_file/503_1770632414895.pdf
51625,CTHR,2026-03-31,1,201406976.2631255,9.19,quarter,verified,1851479000,1000,Earnings per share (Rs.)  9.19  8.22  12.00  36.61  25.43  44.00,183.63,verified,36984661000,Net Asset Value per Share (Rs.)  183.63  162.23  45.93  45.41,https://cdn.cse.lk/cmt/upload_report_file/503_1780049473934.pdf
52445,CTHR,2026-06-30,1,201406976.2631255,10.17,quarter,verified,2070984000,1000,Earnings per share (Rs.)  10.17  7.85  30.00  11.34  10.54  8.00,185.39,verified,37339016000,Net Asset Value per Share (Rs.)  185.39  185.16  46.97  45.91,https://cdn.cse.lk/cmt/upload_report_file/503_1786612568252.pdf
48425,CTLD,2025-06-30,1,81249999.90790379,-0.19,quarter,verified,-15123000,1000,Earnings Per Share ( Rs. )  (0.19)  0.35,,not found,,,https://cdn.cse.lk/cmt/upload_report_file/614_1753354996567.%20pdf.pdf
49234,CTLD,2025-09-30,1,81250000.5413205,-0.57,quarter,verified,-46050000,1000,Earnings Per Share ( Rs. )  (0.57)  0.31  (0.75)  0.66,,not found,,,https://cdn.cse.lk/cmt/upload_report_file/614_1762426691929.pdf
50064,CTLD,2025-12-31,1,81250000.5413205,-1.03,quarter,verified,-84000000,1000,Earnings/ (Loss) Per Share ( Rs. )  (1.03)  (0.02)  (1.79)  0.64,,not found,,,https://cdn.cse.lk/cmt/upload_report_file/614_1770261565491.pdf
51636,CTLD,2026-03-31,1,81250000.5413205,4.47,quarter,verified,362981000,1000,Earnings/ (Loss) Per Share ( Rs. )  4.47  2.42  2.68  2.40,,not found,,,https://cdn.cse.lk/cmt/upload_report_file/614_1780056186711.pdf
52695,CTLD,2026-06-30,1,81250000.5413205,-1.15,quarter,verified,-93631000,1000,Earnings Per Share ( Rs. )  (1.15)  (0.19),,not found,,,https://cdn.cse.lk/cmt/upload_report_file/614_1786708158156.pdf
48727,CWL,2025-06-30,1,30000000,,,not found,,,,5.14,verified,154226743,Net Asset Value Per Share LKR  5.14  5.12,https://cdn.cse.lk/cmt/upload_report_file/2236_1755226371784.06.30%20-%201st%20Quarter%202526%20FINAL.pdf
51168,CWL,2026-03-31,1,30000000,,,not found,,,,6.01,verified,180270712,Net Asset Value Per Share LKR  6.01  5.13,https://cdn.cse.lk/cmt/upload_report_file/2236_1779104057954.03.31%20-%204th%20%20Quarter%202526.xlsx.pdf
52486,CWL,2026-06-30,1,30000000,,,not found,,,,6.4,verified,191921138,Net Asset Value Per Share LKR  6.40  6.09,https://cdn.cse.lk/cmt/upload_report_file/2236_1786618536850.06.30.pdf
48630,CWM,2025-06-30,1,179942780,,,not found,,,,,not found,,,https://cdn.cse.lk/cmt/upload_report_file/765_1755077334402.pdf
49238,CWM,2025-09-30,1,179942780,,,not found,,,,,not found,,,https://cdn.cse.lk/cmt/upload_report_file/765_1762428093853.pdf
49929,CWM,2025-12-31,1,179942780,,,not found,,,,,not found,,,https://cdn.cse.lk/cmt/upload_report_file/765_1769085928193.pdf
51487,CWM,2026-03-31,1,179942780.8410114,,,not found,,,,,not found,,,https://cdn.cse.lk/cmt/upload_report_file/765_1779971800596.W.Mackie%20PLC%20Interim%20Report%20as%20of%2031.03.2026.pdf
52554,CWM,2026-06-30,1,179942780.8410114,0.9,quarter,verified,162793000,1000,Basic earnings per share (Rupees)  0.90  0.50,22.93,verified,4126040000,Net asset value per share (Rs.)  22.93  23.63  21.36  22.03,https://cdn.cse.lk/cmt/upload_report_file/765_1786677688956.W.Mackie%20PLC%20Interim%20Report%20as%20of%2030.06.2026.pdf
48559,DFCC,2025-06-30,2,438584569.669153,24.13,ytd,verified,10523199000,1000,Basic/Diluted earnings per ordinary share (LKR)  24.13  10.87  122  6.28  3.55  77  13.26  13.17  1  6.40  4.31  48,218.99,verified,96006493000,"Net assets value per share, LKR  218.99  194.22  13  220.42  206.63  7",https://cdn.cse.lk/cmt/upload_report_file/371_1754558127193.06.2025.pdf
49336,DFCC,2025-09-30,2,438584534.49164915,30.44,ytd,verified,13296298000,1000,Basic/Diluted earnings per ordinary share (LKR)  30.44  13.99  118  6.35  3.16  101  19.51  16.27  20  6.28  3.14  100,236.73,verified,103783818000,"Net assets value per share, LKR  236.73  194.22  22  238.09  206.63  15",https://cdn.cse.lk/cmt/upload_report_file/371_1762853346679.09.2025.pdf
50589,DFCC,2025-12-31,2,438584534.49164915,36.66,ytd,verified,16028237000,1000,Basic/Diluted earnings per ordinary share (LKR)  36.66  19.40  89  6.25  5.43  15  26.00  22.71  14  6.08  6.47  (6),245.01,verified,107412773000,"Net assets value per share, LKR  245.01  194.22  26  246.62  206.63  19",https://cdn.cse.lk/cmt/upload_report_file/371_1771988321654.pdf
51025,DFCC,2026-03-31,2,450715084,,,not found,,,,237.55,verified,107069152000,Net assets value per share (LKR)  237.55  245.01  (3)  239.24  246.62  (3),https://cdn.cse.lk/cmt/upload_report_file/371_1778208363652.pdf
52464,DFCC,2026-06-30,2,450715087.2244142,8.76,ytd,verified,3903698000,1000,Earnings per share,240.73,verified,108501804000,Net assets value per share (LKR)  240.73  245.01  (2)  242.62  246.62  (2),https://cdn.cse.lk/cmt/upload_report_file/371_1786617016139.pdf
48579,DIAL,2025-06-30,2,9200334997.684475,1,ytd,verified,9169071000,1000,Earnings / (loss) per share,8.5,verified,78233496000,Net assets per share (Rs.)  8.50  8.51  7.11  7.36,https://cdn.cse.lk/cmt/upload_report_file/389_1754880008302.pdf
49526,DIAL,2025-09-30,2,9200334997.684475,1.62,ytd,verified,14862831000,1000,Earnings per share,9.12,verified,83926001000,Net assets per share (Rs.)  9.12  8.51  7.61  7.36,https://cdn.cse.lk/cmt/upload_report_file/389_1763080415996.pdf
50099,DIAL,2025-12-31,2,9200334997.684475,2.26,ytd,verified,20965169000,1000,Earnings per share,9.78,verified,90012728000,Net assets per share (Rs.)  9.78  8.51  8.08  7.36,https://cdn.cse.lk/cmt/upload_report_file/389_1770376219559.pdf
51110,DIAL,2026-03-31,2,9200334997.684475,1,quarter,verified,9192834000,1000,Earnings per share,10.78,verified,99206489000,Net assets per share (Rs.)  10.78  9.78  8.90  8.08,https://cdn.cse.lk/cmt/upload_report_file/389_1778806312518.pdf
52713,DIAL,2026-06-30,2,9200334997.684475,2.1,ytd,verified,19307256000,1000,Earnings per share,9.68,verified,89079417000,Net assets per share (Rs.)  9.68  9.78  7.59  8.08,https://cdn.cse.lk/cmt/upload_report_file/389_1786711190916.pdf
48577,DIMO,2025-06-30,1,9231494,,,not found,,,,1648.86,verified,15221428000,"Net asset value per share*  1,648.86  1,725.41  1,654.94  1,650.72",https://cdn.cse.lk/cmt/upload_report_file/694_1754880407906.pdf
49493,DIMO,2025-09-30,1,9231494.30105811,81.12,ytd,verified,750001000,1000,(137.00)  Basic and diluted earnings per share (Rs.)  81.12  (38.47)  50.33  10.95,,not found,,,https://cdn.cse.lk/cmt/upload_report_file/694_1763029634741.pdf
50510,DIMO,2025-12-31,1,9231494.29870649,115.93,ytd,verified,1070221000,1000,(137.00)  Basic and diluted earnings per share (Rs.)  115.93  (46.31)  34.81  (7.85),,not found,,,https://cdn.cse.lk/cmt/upload_report_file/694_1771210288198.pdf
51407,DIMO,2026-03-31,1,9231494.29870649,172.37,ytd,verified,1578520000,1000,Basic and diluted earnings/ (loss) per share (Rs.)  172.37  (137.00)  56.43  (90.69),1780.14,verified,16433374000,"Net asset value per share*  1,780.14  1,618.08  1,696.11  1,591.44",https://cdn.cse.lk/cmt/upload_report_file/694_1779881332163.pdf
52510,DIMO,2026-06-30,1,9231494.29870649,64.97,ytd,verified,599795000,1000,172.37  112.13  Basic earnings per share (Rs.)  64.97  30.79  49.70  62.83,1803.5,verified,16648957000,"Net asset value per share.Rs *  1,803.50  1,648.86  1,705.21  1,654.94",https://cdn.cse.lk/cmt/upload_report_file/694_1786620097859.pdf
48581,DIPD,2025-06-30,1,598615120.6595548,,,not found,,,,,not found,,,https://cdn.cse.lk/cmt/upload_report_file/670_1754903526603.06.2025.pdf
49496,DIPD,2025-09-30,1,598615120.6595548,,,not found,,,,,not found,,,https://cdn.cse.lk/cmt/upload_report_file/670_1763030298086.09.2025.pdf
50128,DIPD,2025-12-31,1,598615120.6595548,,,not found,,,,,not found,,,https://cdn.cse.lk/cmt/upload_report_file/670_1770634533519.12.2025.pdf
51183,DIPD,2026-03-31,1,598615120,,,not found,,,,58.18,verified,34826992000,Net assets per share at the period end*  58.18  53.09,https://cdn.cse.lk/cmt/upload_report_file/670_1779182179017.03.2026.pdf
52370,DIPD,2026-06-30,1,598615120.6595548,,,not found,,,,,not found,,,https://cdn.cse.lk/cmt/upload_report_file/670_1786447666602.06.2026.pdf
48762,DIST,2025-06-30,1,4600000008.654212,0.92,quarter,verified,4249887000,1000,Earnings Per Share (Rs.),4.15,verified,18869808000,Net Assets Value per Share  - Group (Rs.)  4.15  3.22  3.55,https://cdn.cse.lk/cmt/upload_report_file/463_1755252260172.pdf
49637,DIST,2025-09-30,1,4600000008.654212,1.85,ytd,verified,8525863000,1000,Earnings Per Share (Rs.),4.2,verified,19323130000,Net Assets Value per Share  - Group (Rs.)  4.20  3.32  3.13,https://cdn.cse.lk/cmt/upload_report_file/463_1763116790644.pdf
50426,DIST,2025-12-31,1,4600000008.654212,2.79,ytd,verified,12812471000,1000,Earnings Per Share (Rs.),4.14,verified,19041074000,Net Assets Value per Share  - Group (Rs.)  4.14  3.72  3.13,https://cdn.cse.lk/cmt/upload_report_file/463_1770977117978.pdf
51607,DIST,2026-03-31,1,4599999982.675279,3.64,ytd,verified,16750812000,1000,Earnings Per Share (Rs.),4.02,verified,18507078000,Net Assets Value per Share  - Group (Rs.)  4.02  3.13,https://cdn.cse.lk/cmt/upload_report_file/463_1780048096643.pdf
52520,DIST,2026-06-30,1,4599999982.675279,0.86,quarter,verified,3964252000,1000,Earnings Per Share (Rs.),4.95,verified,22784859000,Net Assets Value per Share  - Group (Rs.)  4.95  4.15  4.02,https://cdn.cse.lk/cmt/upload_report_file/463_1786620025048.pdf
48761,DOCK,2025-06-30,1,395224082,,,not found,,,,,not found,,,https://cdn.cse.lk/cmt/upload_report_file/442_1755252027314.pdf
49635,DOCK,2025-09-30,1,395224082,,,not found,,,,8.75,verified,3507274000,Net Assets per share (RS)  8.75  52.41  37.58,https://cdn.cse.lk/cmt/upload_report_file/442_1763113983769.pdf
50708,DOCK,2025-12-31,1,395224082,,,not found,,,,,not found,,,https://cdn.cse.lk/cmt/upload_report_file/442_1772701747058.pdf
50987,DOCK,2026-03-31,1,395224082,,,not found,,,,38.74,verified,15311293000,Net assets per share (RS)  38.74  73.91,https://cdn.cse.lk/cmt/upload_report_file/442_1777550615782.03.2026.pdf
52083,DOCK,2026-06-30,1,395224082,,,not found,,,,38.97,verified,15402128000,Net Assets per share (RS)  38.97  54.02  38.74,https://cdn.cse.lk/cmt/upload_report_file/442_1785143710255.06.2026.pdf
48558,DPL,2025-06-30,1,162552919.7871623,-0.98,unknown,verified,-158493000,1000,Earnings/(Loss) per share,16.8,verified,2731313000,Net Assets Per Share (LKR)  16.80  17.78  20.03  20.54,https://cdn.cse.lk/cmt/upload_report_file/669_1754557676619.pdf
49343,DPL,2025-09-30,1,162552919.7871623,-2.22,unknown,verified,-361192000,1000,Earnings/(Loss) per share,15.6,verified,2535280000,Net Assets Per Share (LKR)  15.60  17.82  19.75  20.53,https://cdn.cse.lk/cmt/upload_report_file/669_1762854610721.pdf
50333,DPL,2025-12-31,1,162552919.7871623,-2.87,unknown,verified,-465913000,1000,Earnings/(Loss) per share,14.95,verified,2430559000,Net Assets Per Share (LKR)  14.95  17.82  19.81  20.53,https://cdn.cse.lk/cmt/upload_report_file/669_1770974245489.pdf
51573,DPL,2026-03-31,1,162552919.7871623,-4.18,unknown,verified,-679498000,1000,Earnings/(Loss) per share,14.28,verified,2321329000,Net Assets Per Share (LKR)  14.28  17.82  19.05  20.53,https://cdn.cse.lk/cmt/upload_report_file/669_1780047081660.pdf
52365,DPL,2026-06-30,1,162552919.7871623,-0.73,unknown,verified,-118857000,1000,Earnings/(Loss) per share,13.47,verified,2189556000,Net Assets Per Share (LKR)  13.47  14.20  18.53  19.01,https://cdn.cse.lk/cmt/upload_report_file/669_1786446438375.pdf
48672,EAST,2025-06-30,1,138240001.8402509,0.12,quarter,verified,16332593,1,Earnings / (Loss) per Share  0.12  0.07  0.37,19.77,verified,2741111328,Net Assets Value Per share  19.77  19.36  19.65,https://cdn.cse.lk/cmt/upload_report_file/620_1755163367559.06.2025%20FINAL.pdf
49642,EAST,2025-09-30,1,138239999.29304954,0.29,ytd,verified,39761829,1,Earnings / (Loss) per Share  0.29  0.16  0.16  0.07,19.83,verified,2740679543,Net Assets Value Per share  19.83  19.53  19.54,https://cdn.cse.lk/cmt/upload_report_file/620_1763121164804.09.2025%20Signed.pdf
50254,EAST,2025-12-31,1,138239999.29304954,0.36,ytd,verified,50382865,1,Earnings / (Loss) per Share  0.36  0.33  0.08  0.13,19.9,verified,2773665997,Net Assets Value Per share  19.90  19.62  19.54,https://cdn.cse.lk/cmt/upload_report_file/620_1770888023888.12.2025_CSE%20SUBMISSION.pdf
51478,EAST,2026-03-31,1,138239999.29304954,4.27,ytd,verified,589982462,1,Earnings / (Loss) per Share  4.27  0.27  3.90  (0.00),23.81,verified,3315883358,Net Assets Value Per share  23.81  19.54,https://cdn.cse.lk/cmt/upload_report_file/620_1779978998852.03.2026.pdf
52677,EAST,2026-06-30,1,138239999.29304954,0.3,quarter,verified,40846927,1,Earnings / (Loss) per Share  0.30  0.12  1.76,24.56,verified,3420591595,Net Assets Value Per share  24.56  19.77  24.26,https://cdn.cse.lk/cmt/upload_report_file/620_1786705027895.pdf
48665,EBCR,2025-06-30,1,253529478.17156434,1.15,quarter,verified,291976000,1000,Basic Earnings Per Share (Rs.)  1.15  0.36,31.12,verified,7890572000,Net Asset Value Per Share Rs.  31.12  29.90  25.36  24.82,https://cdn.cse.lk/cmt/upload_report_file/745_1755163138150.B.%20Creasy%20%26%20Co.%20PLC%20-%20Interim%20Financial%20Statements%2030.06.2025%20-%20CSE..pdf
49178,EBCR,2025-09-30,1,253538419.7028872,1.42,quarter,verified,359547000,1000,Basic Earnings Per Share (Rs.)  1.42  1.05  2.57  1.41,33.76,verified,8560623000,Net Asset Value Per Share Rs.  33.76  29.90  26.02  24.82,https://cdn.cse.lk/cmt/upload_report_file/745_1762248892826.B.%20Creasy%20%26%20Co.%20PLC%20-%20Interim%20Financial%20Statements%2030.09.2025%20-%20With%20Signs.pdf
50543,EBCR,2025-12-31,1,278900380,1.01,quarter,verified,286868000,1000,Basic Earnings Per Share (Rs.)  1.01  1.28*  3.57  2.68*,,not found,,,https://cdn.cse.lk/cmt/upload_report_file/745_1771330237970.12.2025.pdf
51572,EBCR,2026-03-31,1,278900383.0858135,0.72,quarter,verified,201152000,1000,Basic Earnings Per Share (Rs.)  0.72  2.02*  4.26  4.70*,34.87,verified,9725717000,Net Asset Value Per Share (Rs.)  34.87  29.90  29.28  24.82,https://cdn.cse.lk/cmt/upload_report_file/745_1780050258245.03.2026.pdf
52222,EBCR,2026-06-30,1,278900382.91028976,0.33,unknown,verified,92566000,1000,Basic Earnings Per Share (Rs.)  0.33  1.15*,36.24,verified,10108393000,Net Asset Value Per Share (Rs.)  36.24  34.87  29.32  29.28,https://cdn.cse.lk/cmt/upload_report_file/745_1785929418695.pdf
48570,ECL,2025-06-30,2,122131414.80778506,0.05,quarter,verified,6695114,1,Earnings Per Share  0.05  0.04  0.13  0.13,4.04,verified,492880661,Net Asset Per Share  4.04  3.89,https://cdn.cse.lk/cmt/upload_report_file/374_1754565225343.pdf
49383,ECL,2025-09-30,2,122131414.80778506,0.11,quarter,verified,13008634,1,Earnings Per Share  0.11  0.05  0.24  0.18,4.15,verified,507319921,Net Asset Per Share  4.15  3.89,https://cdn.cse.lk/cmt/upload_report_file/374_1762939915464.pdf
50635,ECL,2025-12-31,2,122131414.80778506,0.08,quarter,verified,9383607,1,Earnings Per Share  0.08  0.08  0.31  0.26,4.23,verified,516405457,Net Asset Per Share  4.23  3.89,https://cdn.cse.lk/cmt/upload_report_file/374_1772183566977.pdf
51104,ECL,2026-03-31,2,122074714.51104203,0.17,quarter,verified,20228302,1,Earnings Per Share  0.17  0.09,4.42,verified,539445696,Net Asset Per Share  4.42  4.23,https://cdn.cse.lk/cmt/upload_report_file/374_1778753785149.pdf
52614,ECL,2026-06-30,2,122131414.80778506,0.09,quarter,verified,11432902,1,Earnings Per Share  0.09  0.05  0.26  0.13,4.51,verified,551326283,Net Asset Per Share  4.51  4.23,https://cdn.cse.lk/cmt/upload_report_file/374_1786701666452.pdf
48807,EDEN,2025-06-30,1,1584000008.515835,-0.45,quarter,verified,-705457000,1000,Earnings/(loss) per share (Rs)  (0.45)  (0.64)  (0.09)  (0.13),12.82,verified,20307186000,Net Assets per Share (Rs)  12.82  13.18  7.17  7.26,https://cdn.cse.lk/cmt/upload_report_file/533_1755487587910.06.2025.pdf
49677,EDEN,2025-09-30,1,1584000000,-0.3,quarter,verified,-468519000,1000,loss per share (Rs)  (0.30)  (0.49)  (0.74)  (1.13)  (0.06)  (0.10)  (0.15)  (0.23),12.59,verified,19940338000,Net Assets per Share (Rs)  12.59  13.18  9.44  7.11  7.26  6.33,https://cdn.cse.lk/cmt/upload_report_file/533_1763123914135.09.2025.pdf
50491,EDEN,2025-12-31,1,1584000008.515835,-0.43,quarter,verified,-681175000,1000,Earnings / (Loss) per share (Rs)  (0.43)  (0.27)  (1.17)  (1.40)  (0.01)  0.02  (0.16)  (0.21),10.95,verified,17340680000,Net assets per share (Rs)  10.95  13.18  9.02  7.10  7.26  6.35,https://cdn.cse.lk/cmt/upload_report_file/533_1770984067366.pdf
51689,EDEN,2026-03-31,1,1584000008.515835,-0.2,quarter,verified,-318903000,1000,Earnings / (Loss) per share from continuing operations (Rs)  (0.20)  0.60  (0.97)  0.45  (0.12)  0.36  (0.28)  0.15,11.21,verified,17762614000,Net assets per share (Rs)  11.21  13.18  6.98  7.26,https://cdn.cse.lk/cmt/upload_report_file/533_1780073973379.03.2026-SGD.pdf
52706,EDEN,2026-06-30,1,1584000008.515835,-0.53,quarter,verified,-845989000,1000,Loss per share (Rs)  (0.53)  (0.45)  (0.10)  (0.09),10.87,verified,17218668000,Net assets per share (Rs)  10.87  11.21  12.82  6.88  6.98  7.17,https://cdn.cse.lk/cmt/upload_report_file/533_1786710942880.06..2026-Sgd.pdf
48618,ELPL,2025-06-30,1,72866430.56033303,7.25,ytd,verified,528192000,1000,18.24 Earnings per share (Rs.)  7.25  4.65,132.2,verified,9632777000,130.37  125.09 Net assets per share (Rs.)  132.20  116.83  126.85  112.08,https://cdn.cse.lk/cmt/upload_report_file/707_1754997255436.pdf
49148,ELPL,2025-09-30,1,72866430.56033303,6.33,ytd,verified,461409000,1000,18.24 Earnings per share (Rs.)  6.33  6.48  13.58  11.13,138.53,verified,10094186000,130.38  125.09 Net assets per share  138.53  123.32  132.15  117.86,https://cdn.cse.lk/cmt/upload_report_file/707_1762096631102.09.2025%20for%20CSE.pdf
50269,ELPL,2025-12-31,1,72866430.56033303,5,ytd,verified,364437000,1000,18.24 Earnings per share (Rs.)  5.00  2.93  18.58  14.06,143.53,verified,10458623000,130.38  125.09 Net assets per share  143.53  126.25  137.20  120.56,https://cdn.cse.lk/cmt/upload_report_file/707_1770889039544.pdf
51626,ELPL,2026-03-31,1,72866430.56033303,4.59,quarter,verified,334207000,1000,Earnings per share (Rs.)  4.59  4.18  23.17  18.24,147.5,verified,10747464000,Net assets per share  147.50  130.38  141.27  125.09,https://cdn.cse.lk/cmt/upload_report_file/707_1780049017325.pdf
52578,ELPL,2026-06-30,1,72866430.56033303,8,ytd,verified,583308000,1000,23.17 Earnings per share (Rs.)  8.00  7.25,148.42,verified,10820707000,147.42  141.27 Net assets per share  148.42  132.12  141.86  126.85,https://cdn.cse.lk/cmt/upload_report_file/707_1786698974534.PDF
48748,EMER,2025-06-30,1,117445998.50159903,0.09,quarter,verified,10173000,1000,Earnings per Share - Basic  0.09  (0.08),13.3,verified,1562455000,Net Assets per Share - Rs.  13.30  13.22,https://cdn.cse.lk/cmt/upload_report_file/767_1755252304358.pdf
49470,EMER,2025-09-30,1,117445998.50159903,0.26,quarter,verified,30221000,1000,Earnings per Share - Basic  0.26  (0.11)  0.34  (0.19),13.56,verified,1592675000,Net Assets per Share - Rs.  13.56  13.22,https://cdn.cse.lk/cmt/upload_report_file/767_1763024729623.pdf
50529,EMER,2025-12-31,1,117446000,,,not found,,,,13.62,verified,1600049000,Net Assets per Share - Rs.  13.62  13.22,https://cdn.cse.lk/cmt/upload_report_file/767_1771233032972.pdf
51457,EMER,2026-03-31,1,117445998.50159903,-0.31,quarter,verified,-35825000,1000,Earnings per Share - Basic  (0.31)  (0.04)  0.10  (0.32),13.32,verified,1564223000,Net Assets per Share - Rs.  13.32  13.22,https://cdn.cse.lk/cmt/upload_report_file/767_1779961105404.pdf
52759,EMER,2026-06-30,1,117445998.50159903,-0.25,quarter,verified,-29128000,1000,Earnings per Share - Basic  (0.25)  0.09,12.81,verified,1504489000,Net Assets per Share - Rs.  12.81  13.08,https://cdn.cse.lk/cmt/upload_report_file/767_1786958730465.pdf
48543,EML,2025-06-30,2,90900000,,,not found,,,,,not found,,,https://cdn.cse.lk/cmt/upload_report_file/2386_1754478814239.06.2025.pdf
49388,EML,2025-09-30,2,90900000,0.03,quarter,verified,2567970,1,"Basic Earnings / (Loss) per Share  0.03  (0.02)  (0""04)  (0.06)",,not found,,,https://cdn.cse.lk/cmt/upload_report_file/2386_1762944067409.09.2025.pdf
50399,EML,2025-12-31,2,90900000,,,not found,,,,,not found,,,https://cdn.cse.lk/cmt/upload_report_file/2386_1770975917062.12.2025.pdf
51128,EML,2026-03-31,2,90900000,,,not found,,,,,not found,,,https://cdn.cse.lk/cmt/upload_report_file/2386_1778838055065.03.2026%20EML%20Consultants%20PLC.pdf
52529,EML,2026-06-30,2,90900000,,,not found,,,,,not found,,,https://cdn.cse.lk/cmt/upload_report_file/2386_1786622267076.06.2026.pdf
48714,ETWO,2025-06-30,1,30999999.96624253,0.98,quarter,verified,30513000,1000,Earnings per share (Rs.)  0.98  0.94,60.77,verified,1883847000,Net assets per share (Rs.)  60.77  63.88,https://cdn.cse.lk/cmt/upload_report_file/621_1755170732377.pdf
49639,ETWO,2025-09-30,1,30999999.96624253,0.93,quarter,verified,28695000,1000,Earnings per share (Rs.)  0.93  0.93  1.91  1.88,61.69,verified,1912542000,Net assets per share (Rs.)  61.69  63.88,https://cdn.cse.lk/cmt/upload_report_file/621_1763114953591.pdf
50394,ETWO,2025-12-31,1,30999999.96624253,1.15,quarter,verified,35571000,1000,Earnings per share (Rs.)  1.15  0.87  3.06  2.75,62.84,verified,1948113000,Net assets per share (Rs.)  62.84  63.88,https://cdn.cse.lk/cmt/upload_report_file/621_1770975635995.pdf
51240,ETWO,2026-03-31,1,30999999.96624253,5.85,quarter,verified,181275000,1000,Earnings per share (Rs.)  5.85  5.73  8.90  8.48,68.7,verified,2129836000,Net assets per share (Rs.)  68.70  63.88,https://cdn.cse.lk/cmt/upload_report_file/621_1779450312537.pdf
52581,ETWO,2026-06-30,1,30999999.96624253,1.13,quarter,verified,34888000,1000,Earnings per share (Rs.)  1.13  0.98,65.42,verified,2028014000,Net assets per share (Rs.)  65.42  68.70,https://cdn.cse.lk/cmt/upload_report_file/621_1786699193144.pdf
48788,EXT,2025-06-30,1,52852458.95478038,0.04,quarter,verified,2051690,1,Earnings Per Share  0.04  0.08  0.12  0.17,,not found,,,https://cdn.cse.lk/cmt/upload_report_file/2741_1755486448485.pdf
49722,EXT,2025-09-30,1,52852459,0.15,quarter,verified,8076101,1,Earnings per share based on profit / (loss)  0.15  0.01  0.19  (0.01),,not found,,,https://cdn.cse.lk/cmt/upload_report_file/2741_1763462224068.pdf
50547,EXT,2025-12-31,1,52852459,,,not found,,,,,not found,,,https://cdn.cse.lk/cmt/upload_report_file/2741_1771387747919.pdf
51255,EXT,2026-03-31,1,52852459,,,not found,,,,2.72,verified,143719361,Net Assets Per Share  2.72  2.11  2.40  2.07,https://cdn.cse.lk/cmt/upload_report_file/2741_1779552003332.pdf
52778,EXT,2026-06-30,1,52852459.34275015,0.07,quarter,verified,3710846,1,Earnings per share based on profit / (loss)  0.07  0.04  0.61  (0.24),2.98,verified,157467782,Net Assets Per Share  2.98  2.72  2.70  2.40,https://cdn.cse.lk/cmt/upload_report_file/2741_1787049223243.pdf
50758,EXT,2026-09-30,1,52852459,0.15,ytd,verified,8076101,1,Earnings per share based on profit  0.15  0.01  0.19  (0.01),,not found,,,https://cdn.cse.lk/cmt/upload_report_file/2741_1773228266391.09.2025-merged.pdf
48592,FCT,2025-06-30,1,615600000,,,not found,,,,17.34,verified,10674715000,Net assets per share (Rs.)  17.34  14.82,https://cdn.cse.lk/cmt/upload_report_file/1426_1754911924908.pdf
49322,FCT,2025-09-30,1,615600000,,,not found,,,,17.37,verified,10693204000,Net assets per share (Rs.)  17.37  14.82,https://cdn.cse.lk/cmt/upload_report_file/1426_1762774505466.pdf
50232,FCT,2025-12-31,1,615600000,,,not found,,,,12.47,verified,7678505000,Net assets per share (Rs.)  12.47  14.82,https://cdn.cse.lk/cmt/upload_report_file/1426_1770810089687.pdf
51606,FCT,2026-03-31,1,615600000,,,not found,,,,12.43,verified,7649357000,Net assets per share (Rs.)  12.43  14.82,https://cdn.cse.lk/cmt/upload_report_file/1426_1780052260707.pdf
52521,FCT,2026-06-30,1,615600000,,,not found,,,,11.22,verified,6908161000,Net assets per share (Rs.)  11.22  12.43,https://cdn.cse.lk/cmt/upload_report_file/1426_1786621908905.pdf
48751,GHLL,2025-06-30,2,500829564.1601303,-0.26,quarter,verified,-129814492,1,Basic Loss Per Share  (0.26)  (0.10)  (0.43)  (0.12)  (0.25),14.05,verified,7036664380,Net assets per share  14.05  17.17  14.48,https://cdn.cse.lk/cmt/upload_report_file/541_1755250560839.pdf
49699,GHLL,2025-09-30,2,500829564.1601303,-0.21,quarter,verified,-104240905,1,Basic Loss Per Share  (0.21)  (0.09)  (0.64)  (0.22)  (0.25),,not found,,,https://cdn.cse.lk/cmt/upload_report_file/541_1763175263162.pdf
50925,GHLL,2025-12-31,2,500829564.1601303,-0.58,quarter,verified,-292683493,1,Basic Loss Per Share  (0.58)  (0.04)  (1.22)  (0.25),12.39,verified,6203935181,Net assets per share  12.39  14.48,https://cdn.cse.lk/cmt/upload_report_file/541_1776684865996.pdf
51149,GHLL,2026-03-31,2,500829564.1601303,-0.7,quarter,verified,-348087056,1,Basic Loss Per Share  (0.70)  (0.17)  (1.22),11.69,verified,5855590312,Net assets per share  11.69  14.31  12.39,https://cdn.cse.lk/cmt/upload_report_file/541_1778836220988.pdf
52645,GHLL,2026-06-30,2,500829564.1601303,-0.94,quarter,verified,-468642219,1,Basic Loss Per Share  (0.94)  (0.26)  (1.63)  (0.43)  (1.22),10.76,verified,5386948093,Net assets per share  10.76  14.05  12.39,https://cdn.cse.lk/cmt/upload_report_file/541_1786702326114.pdf
48421,GLAS,2025-06-30,1,950086080,1.04,quarter,verified,987203000,1000,Earnings Per Share - Basic/Diluted  1.04  0.72,,not found,,,https://cdn.cse.lk/cmt/upload_report_file/666_1753348111092.pdf
49342,GLAS,2025-09-30,1,950086080,1.05,quarter,verified,995891000,1000,Earnings Per Share - Basic/Diluted  1.05  0.89  2.09  1.61,,not found,,,https://cdn.cse.lk/cmt/upload_report_file/666_1762856607541.pdf
49934,GLAS,2025-12-31,1,950086080,1.27,quarter,verified,1203331000,1000,Earnings Per Share - Basic/Diluted  1.27  1.10  3.35  2.71,,not found,,,https://cdn.cse.lk/cmt/upload_report_file/666_1769166361204.pdf
51275,GLAS,2026-03-31,1,950086080,0.91,quarter,verified,859885000,1000,Earnings Per Share - Basic/Diluted  0.91  1.66  4.26  4.38,,not found,,,https://cdn.cse.lk/cmt/upload_report_file/666_1779700488046.03.2026.pdf
52112,GLAS,2026-06-30,1,950086080.1653558,1.24,quarter,verified,1174824000,1000,Earnings Per Share - Basic/Diluted  1.24  1.04,,not found,,,https://cdn.cse.lk/cmt/upload_report_file/666_1785230428618.pdf
48725,GRAN,2025-06-30,2,60000000,10.93,quarter,verified,655951000,1000,Basic earnings per share (Rs.)  10.93  9.37  8.64  4.91,,not found,,,https://cdn.cse.lk/cmt/upload_report_file/671_1755226142820.pdf
49381,GRAN,2025-09-30,2,60000000.4400311,15.6,quarter,verified,936180000,1000,Basic earnings per share (Rs.)  15.60  8.60  9.63  6.29,,not found,,,https://cdn.cse.lk/cmt/upload_report_file/671_1762940425422.pdf
50974,GRAN,2026-03-31,2,60000000.4400311,16.25,quarter,verified,974789000,1000,Basic earnings per share (Rs.)  16.25  13.51  20.18  15.54,247.92,verified,14875009000,Net asset per share (Rs.)  247.92  246.67  156.87  151.69,https://cdn.cse.lk/cmt/upload_report_file/671_1777539999038.pdf
52171,GRAN,2026-06-30,2,60000000.4400311,14.01,quarter,verified,840454000,1000,Basic earnings per share (Rs.)  14.01  10.93  8.37  8.64,261.92,verified,15715463000,Net asset per share (Rs.)  261.92  246.67  165.24  151.69,https://cdn.cse.lk/cmt/upload_report_file/671_1785489157209.pdf
48648,GREG,2025-06-30,1,1427478664,,,not found,,,,,not found,,,https://cdn.cse.lk/cmt/upload_report_file/782_1755083450879.pdf
49363,GREG,2025-09-30,1,1427478664,,,not found,,,,,not found,,,https://cdn.cse.lk/cmt/upload_report_file/782_1762911073646.pdf
50463,GREG,2025-12-31,1,1427478664,,,not found,,,,,not found,,,https://cdn.cse.lk/cmt/upload_report_file/782_1770981563630.pdf
51191,GREG,2026-03-31,1,1427478664,,,not found,,,,,not found,,,https://cdn.cse.lk/cmt/upload_report_file/782_1779184460551.pdf
52740,GREG,2026-06-30,1,1427478675.328053,-0.31,unknown,verified,-448971000,1000,Earnings/(Loss) per share,,not found,,,https://cdn.cse.lk/cmt/upload_report_file/782_1786930433403.06.2026.pdf
48710,GUAR,2025-06-30,1,80057990.87711975,,,not found,,,,,not found,,,https://cdn.cse.lk/cmt/upload_report_file/607_1755169793314.pdf
49656,GUAR,2025-09-30,1,80057990.87711975,,,not found,,,,,not found,,,https://cdn.cse.lk/cmt/upload_report_file/607_1763115355372.pdf
50440,GUAR,2025-12-31,1,80057990.87711975,,,not found,,,,,not found,,,https://cdn.cse.lk/cmt/upload_report_file/607_1770979832595.pdf
51553,GUAR,2026-03-31,1,80057990.87711975,,,not found,,,,,not found,,,https://cdn.cse.lk/cmt/upload_report_file/607_1780048594012.pdf
52603,GUAR,2026-06-30,1,80057990.87711975,,,not found,,,,,not found,,,https://cdn.cse.lk/cmt/upload_report_file/607_1786699109479.pdf
48785,HAPU,2025-06-30,1,46315788.93563034,0.63,quarter,verified,29379000,1000,Basic earnings per share (Rs.)  0.63  1.84  (65),89.41,verified,4140890000,Net assets per share Rs.  89.41  88.77  88.93  88.27,https://cdn.cse.lk/cmt/upload_report_file/708_1755258211898.06.2025%20-%20Final.pdf
49700,HAPU,2025-09-30,1,46315788.93563034,0.23,quarter,verified,10568000,1000,Basic earnings per share (Rs.)  0.23  2.69  (92)  0.86  4.53  (81),89.61,verified,4150372000,Net assets per share Rs.  89.61  88.75  89.17  88.27,https://cdn.cse.lk/cmt/upload_report_file/708_1763203053918.pdf
50229,HAPU,2025-12-31,1,46315788.93563034,0.35,quarter,verified,16297000,1000,Basic earnings per share (Rs.)  0.35  0.32  9  1.21  4.85  (75),89.96,verified,4166669000,Net assets per share Rs.  89.96  88.75  89.53  88.27,https://cdn.cse.lk/cmt/upload_report_file/708_1770809718267.12.2025%20Sgd..pdf
51451,HAPU,2026-03-31,1,46315788.93563034,3.19,quarter,verified,147879000,1000,Basic earnings per share (Rs.)  3.19  2.43  31  4.41  7.29  (40),91.92,verified,4257238000,Net assets per share Rs.  91.92  88.75  91.41  88.27,https://cdn.cse.lk/cmt/upload_report_file/708_1780021374422.03.2026%20-%20Sgd..pdf
52540,HAPU,2026-06-30,1,46315788.93563034,-0.04,quarter,verified,-1998000,1000,Basic earnings/(loss) per share (Rs.)  (0.04)  0.63  (107),91.9,verified,4256242000,Net assets per share Rs.  91.90  91.94  91.37  91.41,https://cdn.cse.lk/cmt/upload_report_file/708_1786627801129.06.2026%20-%20Sgd_.pdf
48644,HARI,2025-06-30,1,1919600,,,not found,,,,931.4,verified,1787923000,Net Assets Value Per Share  931.40  881.54  951.99  931.54  880.33  952.12,https://cdn.cse.lk/cmt/upload_report_file/482_1755083247654.pdf
49354,HARI,2025-09-30,1,1919600,,,not found,,,,916.64,verified,1759582000,Net Assets Value Per Share  916.64  873.51  951.99,https://cdn.cse.lk/cmt/upload_report_file/482_1762860158598.pdf
50187,HARI,2025-12-31,1,1919600,,,not found,,,,964.6,verified,1851650000,Net Assets Value Per Share  964.60  901.31  951.99,https://cdn.cse.lk/cmt/upload_report_file/482_1770723440825.pdf
51198,HARI,2026-03-31,1,1919600,,,not found,,,,1020.98,verified,1959864000,"Net Assets Value Per Share  1,020.98  951.99",https://cdn.cse.lk/cmt/upload_report_file/482_1779269087032.pdf
52181,HARI,2026-06-30,1,1919600,,,not found,,,,1068.83,verified,2051729000,"Net Assets Value Per Share  1,068.83  931.40  1,020.98  1,068.98  931.54  1,021.12",https://cdn.cse.lk/cmt/upload_report_file/482_1785489989941.pdf
48482,HASU,2025-06-30,2,150000000,3.46,ytd,verified,519360000,1000,12.65 Basic and Diluted Earnings Per Share (Rs.)  3.46  3.16  2.86  2.43,85.77,verified,12865971000,Net Asset Value Per Share - Group  85.77  83.45,https://cdn.cse.lk/cmt/upload_report_file/375_1754017954140.pdf
49121,HASU,2025-09-30,2,150000000,5.31,ytd,verified,796614000,1000,12.65 Basic and Diluted Earnings Per Share (Rs.)  5.31  4.90  4.11  3.67,85.92,verified,12888232000,Net Asset Value Per Share - Group  85.92  83.45,https://cdn.cse.lk/cmt/upload_report_file/375_1761901674125.pdf
50587,HASU,2025-12-31,2,150000000,15.9,ytd,verified,2384731000,1000,Basic and Diluted Earnings Per Share (Rs.)  15.90  12.65  14.15  11.04,94.22,verified,14133336000,Net Asset Value Per Share - Group  94.22  83.45,https://cdn.cse.lk/cmt/upload_report_file/375_1771932448863.pdf
50971,HASU,2026-03-31,2,150000000,1.8,unknown,verified,269928000,1000,15.90 Basic and Diluted Earnings Per Share (Rs.)  1.80  2.01  1.37  1.57,89.6,verified,13440464000,Net Asset Value Per Share - Group  89.60  94.22,https://cdn.cse.lk/cmt/upload_report_file/375_1777461168630.pdf
52151,HASU,2026-06-30,2,150000000,3.95,quarter,verified,592778000,1000,15.90 Basic and Diluted Earnings Per Share (Rs.)  3.95  3.46  2.89  2.86,88.1,verified,13215632000,Net Asset Value Per Share - Group  88.10  94.22,https://cdn.cse.lk/cmt/upload_report_file/375_1785404787909.pdf
48621,HAYC,2025-06-30,1,297123751.97774523,1.74,ytd,verified,517648000,1000,12.10  Basic earnings per share (Rs.)  1.74  2.50,92.41,verified,27458073000,89.30  56.35  Net assets per share ( Rs.)  92.41  80.17  57.73  48.51,https://cdn.cse.lk/cmt/upload_report_file/494_1755003233285.%20xlsm%20%28003%29.pdf
49406,HAYC,2025-09-30,1,297123751.97774523,4.24,ytd,verified,1260870000,1000,12.10  Basic/Diluted earnings per share (Rs.)  4.24  4.76  2.50  2.26,95.34,verified,28326719000,89.30  56.35  Net assets per share ( Rs.)  95.34  82.70  61.07  49.02,https://cdn.cse.lk/cmt/upload_report_file/494_1762952465551.11.2025%20Sgd.pdf
50290,HAYC,2025-12-31,1,297123751.97774523,7.4,ytd,verified,2198166000,1000,12.10  Basic/Diluted earnings per share (Rs.)  7.40  7.56  3.15  2.80,97.41,verified,28942243000,89.30  56.35  Net assets per share ( Rs.)  97.41  85.21  63.58  52.05,https://cdn.cse.lk/cmt/upload_report_file/494_1770894613606.pdf
51222,HAYC,2026-03-31,1,297123751.97774523,12.18,ytd,verified,3618876000,1000,Earnings per share,98.83,verified,29366106000,Net assets per share ( Rs.)  98.83  89.30  63.61  56.35,https://cdn.cse.lk/cmt/upload_report_file/494_1779369904951.pdf
52376,HAYC,2026-06-30,1,297123751.97774523,3.7,ytd,verified,1099009000,1000,12.18  Basic/Diluted earnings per share (Rs.)  3.70  1.74,103.93,verified,30879548000,98.83  63.61  Net assets per share ( Rs.)  103.93  92.41  66.12  57.73,https://cdn.cse.lk/cmt/upload_report_file/494_1786449855350..pdf
48651,HAYL,2025-06-30,1,750043084.6901213,,,not found,,,,,not found,,,https://cdn.cse.lk/cmt/upload_report_file/505_1755084544777.pdf
49512,HAYL,2025-09-30,1,750043084.6901213,,,not found,,,,,not found,,,https://cdn.cse.lk/cmt/upload_report_file/505_1763033631888.pdf
50469,HAYL,2025-12-31,1,750043084.6901213,,,not found,,,,,not found,,,https://cdn.cse.lk/cmt/upload_report_file/505_1770981101413.pdf
51564,HAYL,2026-03-31,1,750043084.6901213,18.71,ytd,verified,14051822000,1000,Earnings per share  9,150.95,verified,113214639000,Net assets per share  150.95  124.19,https://cdn.cse.lk/cmt/upload_report_file/505_1780049993256.pdf
52406,HAYL,2026-06-30,1,795000000,,,not found,,,,148.27,verified,117876936000,Net assets per share  148.27  127.14,https://cdn.cse.lk/cmt/upload_report_file/505_1786534657894.27%20CSE.pdf
48524,HBS,2025-06-30,1,285457722,-0.13,unknown,verified,-39208848,1,Earnings Per Share - Basic  (0.13)  (0.22)  (0.08)  (0.19),3.61,verified,1030069633,Net assets value per share  3.61  5.75,https://cdn.cse.lk/cmt/upload_report_file/2652_1754304652851.pdf
49106,HBS,2025-09-30,1,285457722,-0.09,quarter,verified,-25868266,1,Earnings Per Share - Basic  (0.09)  (0.46)  (0.22)  (0.68),3.52,verified,1003897743,Net assets value per share  3.52  4.07,https://cdn.cse.lk/cmt/upload_report_file/2652_1761880068476.pdf
49954,HBS,2025-12-31,1,285457722,0.12,quarter,verified,34843484,1,Earnings Per Share - Basic  0.12  (0.35)  (0.10)  (1.03),3.62,verified,1033954058,Net assets value per share  3.62  3.74,https://cdn.cse.lk/cmt/upload_report_file/2652_1769508767736.pdf
51236,HBS,2026-03-31,1,285457722,-0.03,quarter,verified,-8076178,1,Earnings Per Share - Basic  (0.03)  0.01  (0.13)  (1.01),3.62,verified,1032096781,Net assets value per share  3.62  3.74,https://cdn.cse.lk/cmt/upload_report_file/2652_1779447645637.pdf
52147,HBS,2026-06-30,1,285457722,0.18,unknown,verified,51029050,1,Earnings Per Share - Basic  0.18  (0.13)  0.25  (0.08),3.73,verified,1065370613,Net assets value per share  3.73  3.61,https://cdn.cse.lk/cmt/upload_report_file/2652_1785405993049.pdf
48491,HDFC,2025-06-30,2,64710520.06244304,-0.06,quarter,verified,-4000000,1000000,Earning per share on profit,119.74,verified,7748000000,Net Assets value per Ordinary Share (Rs)  119.74  119.19,https://cdn.cse.lk/cmt/upload_report_file/376_1754039058766.06.2025.pdf
49588,HDFC,2025-09-30,2,64710520.06244304,0.98,quarter,verified,64000000,1000000,Earning per share on profit,120.72,verified,7812000000,Net Assets value per Ordinary Share (Rs)  120.72  119.19,https://cdn.cse.lk/cmt/upload_report_file/376_1763112150237.09.2025.pdf
50604,HDFC,2025-12-31,2,64710520.06244304,-2.51,quarter,verified,-163000000,1000000,Earning per share on profit,117.03,verified,7573000000,Net Assets value per Ordinary Share (Rs)  117.03  119.19,https://cdn.cse.lk/cmt/upload_report_file/376_1772097433744.12.2025.pdf
50970,HDFC,2026-03-31,2,64710520.06244304,1.08,quarter,verified,70000000,1000000,Earning per share on profit,117.79,verified,7623000000,Net Assets value per Ordinary Share (Rs)  117.79  116.71,https://cdn.cse.lk/cmt/upload_report_file/376_1777460963386.03.2026.pdf
52458,HDFC,2026-06-30,2,64710520.06244304,0.53,quarter,verified,34000000,1000000,Earning per share on profit,118.33,verified,7657000000,Net Assets value per Ordinary Share (Rs)  118.33  116.71,https://cdn.cse.lk/cmt/upload_report_file/376_1786614164242.06.2026.pdf
48808,HELA,2025-06-30,1,1636746803.3417325,-1.06,quarter,verified,-1733421000,1000,Loss per share for loss attributable to,30,verified,49935090000,Net Asset Per Share of the Group on 30 June (LKR)  (2.87)  5.91,https://cdn.cse.lk/cmt/upload_report_file/2727_1755488093303.pdf
49531,HELA,2025-09-30,1,1636746803.3417325,-1.44,quarter,verified,-2353177000,1000,Loss per share for loss attributable to,30,verified,49266347000,Net Asset Per Share of the Group on 30 September (LKR)  (4.55)  5.76,https://cdn.cse.lk/cmt/upload_report_file/2727_1763105557136.pdf
50514,HELA,2025-12-31,1,1636746803.3417325,-2.14,quarter,verified,-3508048000,1000,Loss per share for loss attributable to,-11.39,verified,-18804866000,Net assets per share  (11.39)  (6.61)  3.02  4.89  4.70  4.63,https://cdn.cse.lk/cmt/upload_report_file/2727_1771210726666.pdf
48547,HEXP,2025-06-30,1,24000000,2.71,unknown,verified,65008000,1000,(1.78)  (2.51)  Basic earnings per share (Rs.)  2.71  0.46  1.86  0.18,59.56,verified,1429374000,56.89  46.39  Net assets per share (Rs.)  59.56  58.67  48.21  48.62,https://cdn.cse.lk/cmt/upload_report_file/768_1754479948252.06.2025.pdf
49242,HEXP,2025-09-30,1,24000000,1.68,ytd,verified,40359000,1000,(1.78)  Basic earnings per share (Rs.)  1.68  (1.36)  (1.03)  (1.81),58.43,verified,1402425000,56.89  46.39  Net assets per share (Rs.)  58.43  56.86  48.86  48.64,https://cdn.cse.lk/cmt/upload_report_file/768_1762428861105.09.2025.pdf
49941,HEXP,2025-12-31,1,24000000,3.65,ytd,verified,87636000,1000,(1.78)  Basic earnings per share (Rs.)  3.65  (1.79)  1.97  (0.43),60.08,verified,1442002000,56.89  46.39  Net assets per share (Rs.)  60.08  56.50  48.95  47.47,https://cdn.cse.lk/cmt/upload_report_file/768_1769426358994.12.2025.pdf
51145,HEXP,2026-03-31,1,24000000,7.13,ytd,verified,171022000,1000,Basic earnings per share (Rs.)  7.13  (1.78)  3.47  0.01,63.47,verified,1523274000,Net assets per share (Rs.)  63.47  56.89  49.94  46.39,https://cdn.cse.lk/cmt/upload_report_file/768_1778842934020.03.2026.pdf
52205,HEXP,2026-06-30,1,24000000,4.12,ytd,verified,98768000,1000,7.13  4.09  Basic earnings per share (Rs.)  4.12  2.71  3.05  1.86,66.78,verified,1602604000,63.47  49.94  Net assets per share (Rs.)  66.78  59.56  52.18  48.21,https://cdn.cse.lk/cmt/upload_report_file/768_1785840975698.06.2026.pdf
48542,HHL,2025-06-30,1,2995984956.3145847,0.4,quarter,verified,1191893000,1000,Earnings Per Share,16.35,verified,48841936000,Net Assets per share - (LKR)  16.35  14.26  16.67,https://cdn.cse.lk/cmt/upload_report_file/506_1754476256839.pdf
49280,HHL,2025-09-30,1,2995984956.3145847,0.69,quarter,verified,2060655000,1000,Earnings Per Share,17.06,verified,50951929000,Net Assets per share - (LKR)  17.06  14.75  16.67,https://cdn.cse.lk/cmt/upload_report_file/506_1762509134150.pdf
50046,HHL,2025-12-31,1,2995984956.3145847,0.88,quarter,verified,2638601000,1000,Earnings Per Share,17.72,verified,53042308000,Net Assets per share - (LKR)  17.72  15.57  16.67,https://cdn.cse.lk/cmt/upload_report_file/506_1770111963186.pdf
51244,HHL,2026-03-31,1,2995984956.3145847,1.01,quarter,verified,3029539000,1000,Earnings Per Share,19.03,verified,57011302000,Net Assets per share - (LKR)  19.03  16.67,https://cdn.cse.lk/cmt/upload_report_file/506_1779446148301.pdf
52251,HHL,2026-06-30,1,2995984956.3145847,0.31,quarter,verified,937024000,1000,Earnings Per Share,18.62,verified,55796665000,Net Assets per share - (LKR)  18.62  16.35  19.03,https://cdn.cse.lk/cmt/upload_report_file/506_1786012625482.pdf
48653,HNB,2025-06-30,2,571783634.9310637,37.05,ytd,verified,21186605000,1000,Earnings per share,428.78,verified,245187802000,Net assets value per ordinary share (Rs.)  428.78  404.81  6  483.88  457.07  6,https://cdn.cse.lk/cmt/upload_report_file/373_1755085276404.pdf
49398,HNB,2025-09-30,2,571799587.1151901,55.11,ytd,verified,31510890000,1000,Earnings per share,452.32,verified,258644358000,Net assets value per ordinary share (Rs.)  452.32  404.81  12  508.51  457.07  11,https://cdn.cse.lk/cmt/upload_report_file/373_1762947803876.09.2025.pdf
50597,HNB,2025-12-31,2,572002803.1779217,79.44,ytd,verified,45426847000,1000,Earnings per share,472.74,verified,270320960000,Net assets value per ordinary share (Rs.)  472.74  404.81  17  529.51  457.07  16,https://cdn.cse.lk/cmt/upload_report_file/373_1772043617003.pdf
51064,HNB,2026-03-31,2,571968150.2087572,17.4,quarter,verified,9950365000,1000,Earnings per share,471.47,verified,269594665000,Net assets value per ordinary share (Rs.)  471.47  472.74  (0.27)  528.20  529.51  (0.25),https://cdn.cse.lk/cmt/upload_report_file/373_1778641080164.03.2026.pdf
52411,HNB,2026-06-30,2,577322161.6656061,40.09,ytd,verified,23143119000,1000,Earnings per share,486.88,verified,281085275000,Net assets value per ordinary share (Rs.)  486.88  468.23  3.98  539.85  524.47  2.93,https://cdn.cse.lk/cmt/upload_report_file/373_1786545582269.pdf
48663,HNBF,2025-06-30,1,2539565828,,,not found,,,,,not found,,,https://cdn.cse.lk/cmt/upload_report_file/1992_1755141244725.pdf
49596,HNBF,2025-09-30,1,2539565828,,,not found,,,,,not found,,,https://cdn.cse.lk/cmt/upload_report_file/1992_1763111549334.pdf
50328,HNBF,2025-12-31,1,2539565828,,,not found,,,,,not found,,,https://cdn.cse.lk/cmt/upload_report_file/1992_1770974157448.pdf
51274,HNBF,2026-03-31,1,2539565828,,,not found,,,,,not found,,,https://cdn.cse.lk/cmt/upload_report_file/1992_1779700690016.pdf
52723,HNBF,2026-06-30,1,2539565828,,,not found,,,,,not found,,,https://cdn.cse.lk/cmt/upload_report_file/1992_1786717837836.pdf
48473,HOPL,2025-06-30,1,25000000.9803922,1.37,ytd,verified,34129000,1000,7.23 Basic Earnings per Share (Rs.)  1.37  1.45  (6.16),,not found,,,https://cdn.cse.lk/cmt/upload_report_file/709_1753955762240.pdf
49155,HOPL,2025-09-30,1,25000000.9803922,2.93,ytd,verified,73193000,1000,7.23 Basic Earnings per Share (Rs.)  2.93  4.34  (32.57)  1.56  2.89,,not found,,,https://cdn.cse.lk/cmt/upload_report_file/709_1762160627084.pdf
50198,HOPL,2025-12-31,1,25000000.9803922,3.42,ytd,verified,85408000,1000,7.23 Basic Earnings per Share (Rs.)  3.42  5.83  (41.43)  0.49  1.49,,not found,,,https://cdn.cse.lk/cmt/upload_report_file/709_1770802471061.pdf
51042,HOPL,2026-03-31,1,25000000.9803922,5.5,unknown,verified,137403000,1000,Basic Earnings per Share (Rs.)  5.50  7.23  (23.93)  2.08  1.39,40.13,verified,1003169000,Net Assets per Ordinary Share (Rs.)  40.13  36.72,https://cdn.cse.lk/cmt/upload_report_file/709_1778490848982.pdf
52191,HOPL,2026-06-30,1,25000000.9803922,1.56,ytd,verified,38983000,1000,5.50 Basic Earnings per Share (Rs.cts)  1.56  1.37  14.22,,not found,,,https://cdn.cse.lk/cmt/upload_report_file/709_1785750237485.pdf
48534,HPFL,2025-06-30,1,109088111.7215106,0.25,quarter,verified,26909923,1,Earnings per share - Rs.  0.25  0.48  0.80  0.15  0.29  0.96,7.07,verified,771788079,Net assets per ordinary share (Rs.)  7.07  6.96  6.83  6.55  6.58  6.39,https://cdn.cse.lk/cmt/upload_report_file/1000_1754388107496.pdf
49157,HPFL,2025-09-30,1,109088111.7215106,0.14,quarter,verified,14817064,1,Earnings per share - Rs.  0.14  0.08  0.38  0.55  0.80,6.41,verified,699334653,Net assets per ordinary share (Rs.)  6.41  6.33  6.83  6.03  6.02  6.39,https://cdn.cse.lk/cmt/upload_report_file/1000_1762163535061.pdf
50217,HPFL,2025-12-31,1,109088111.7215106,0.11,quarter,verified,11509715,1,Earnings per share - Rs.  0.11  0.17  0.49  0.72  0.80,6.52,verified,710844368,Net assets per ordinary share (Rs.)  6.52  6.50  6.83  6.17  6.12  6.39,https://cdn.cse.lk/cmt/upload_report_file/1000_1770800659911.pdf
51511,HPFL,2026-03-31,1,109088111.7215106,-0.38,quarter,verified,-41262365,1,Earnings per share - Rs.  (0.38)  0.09  0.11  0.80,6.13,verified,669228574,Net assets per ordinary share (Rs.)  6.13  6.83  5.81  6.39,https://cdn.cse.lk/cmt/upload_report_file/1000_1780045368444.31.03.26%20S.pdf
52362,HPFL,2026-06-30,1,109088111.7215106,-0.11,quarter,verified,-11478894,1,Earnings per share - Rs.  (0.11)  0.25  0.11  (0.20)  0.15  0.22,6.03,verified,657749680,Net assets per ordinary share (Rs.)  6.03  7.07  6.13  5.61  6.55  5.81,https://cdn.cse.lk/cmt/upload_report_file/1000_1786445069288.pdf
48545,HPL,2025-06-30,1,236666670.896767,0.35,quarter,verified,82811000,1000,3.03 Basic earning per share  0.35  1.19,21.64,verified,5121794000,21.29  22.72  Net assets per share (LKR)  21.64  20.87  23.04  22.00,https://cdn.cse.lk/cmt/upload_report_file/1045_1754477704700.pdf
49189,HPL,2025-09-30,1,236666670.2525031,1.18,ytd,verified,279337000,1000,3.03 Basic earning per share  1.18  1.88  0.83  0.69,21.47,verified,5081655000,21.29  22.72  Net assets per share (LKR)  21.47  20.64  22.82  21.81,https://cdn.cse.lk/cmt/upload_report_file/1045_1762252613781.pdf
50225,HPL,2025-12-31,1,236666671.5217588,2.1,ytd,verified,498076000,1000,3.03 Basic earning per share  2.10  2.53  0.92  0.65,22.4,verified,5300510000,21.29  22.72  Net assets per share (LKR)  22.40  21.29  23.84  22.57,https://cdn.cse.lk/cmt/upload_report_file/1045_1770808873322.pdf
51629,HPL,2026-03-31,1,236666671.5217588,3.06,quarter,verified,725155000,1000,Profit per share for profit attributable to the ordinary,22.45,verified,5314156000,Net assets per share (LKR)  22.45  21.29  23.85  22.72,https://cdn.cse.lk/cmt/upload_report_file/1045_1780049640046.pdf
52226,HPL,2026-06-30,1,236666669.87684807,0.47,quarter,verified,111891000,1000,3.07 Basic earning per share  0.47  0.35,22.93,verified,5426064000,22.45  23.85  Net assets per share (LKR)  22.93  21.64  24.30  23.05,https://cdn.cse.lk/cmt/upload_report_file/1045_1785930542137.pdf
48536,HPWR,2025-06-30,1,86184827.28963406,1.24,quarter,verified,106696011,1,Earnings/(loss) per share - basic/diluted  1.24  1.67,29.92,verified,2579037961,Net assets per share  29.92  28.69,https://cdn.cse.lk/cmt/upload_report_file/881_1754393356348.pdf
49680,HPWR,2025-09-30,1,86184827.28963406,0.37,quarter,verified,31947687,1,Earnings/(loss) per share - basic/diluted  0.37  0.74  1.61  2.41,,not found,,,https://cdn.cse.lk/cmt/upload_report_file/881_1763112853021.pdf
50197,HPWR,2025-12-31,1,86184827.28963406,0.22,quarter,verified,19351575,1,Earnings/(loss) per share - basic/diluted  0.22  0.50  1.83  2.90,,not found,,,https://cdn.cse.lk/cmt/upload_report_file/881_1770801013694.pdf
51218,HPWR,2026-03-31,1,430924136.4481703,0.05,quarter,verified,19492349,1,Earnings/(loss) per share - basic/diluted  0.05  (0.08)  0.41  2.46,,not found,,,https://cdn.cse.lk/cmt/upload_report_file/881_1779361377519.pdf
52487,HPWR,2026-06-30,1,430924136.4481703,0.09,quarter,verified,38049208,1,Earnings/(loss) per share - basic/diluted  0.09  0.25,,not found,,,https://cdn.cse.lk/cmt/upload_report_file/881_1786618547655.pdf
48790,HSIG,2025-06-30,1,17576999.90076671,2.68,quarter,verified,47166000,1000,Earnings per share (Rs.)  2.68  1.74,67.7,verified,1189973000,Net Assets Per Share (Rs.)  67.70  65.02,https://cdn.cse.lk/cmt/upload_report_file/544_1755484794566.pdf
49678,HSIG,2025-09-30,1,17576999.90076671,2.11,quarter,verified,37120000,1000,Earnings per share (Rs.)  2.11  3.23  4.80  4.97,69.81,verified,1227093000,Net Assets Per Share (Rs.)  69.81  65.02  57.76,https://cdn.cse.lk/cmt/upload_report_file/544_1763124017121.pdf
50497,HSIG,2025-12-31,1,17577000,,,not found,,,,69.13,verified,1215090000,Net assets per share (Rs.)  69.13  65.02  60.48,https://cdn.cse.lk/cmt/upload_report_file/544_1770984116374.pdf
51684,HSIG,2026-03-31,1,17577000,,,not found,,,,70.95,verified,1247057000,Net assets per share (Rs.)  70.95  65.02,https://cdn.cse.lk/cmt/upload_report_file/544_1780074026217.pdf
52708,HSIG,2026-06-30,1,17577000,,,not found,,,,71.17,verified,1250943000,Net assets per share (Rs.)  71.17  70.95  67.70,https://cdn.cse.lk/cmt/upload_report_file/544_1786710980615.pdf
48780,HUNA,2025-06-30,1,849030000,,,not found,,,,3.38,verified,2869530977,Net Assets per share (Rs.)  3.38  2.68,https://cdn.cse.lk/cmt/upload_report_file/546_1755255940666.pdf
49608,HUNA,2025-09-30,1,849030000,-0.07,quarter,verified,-58512306,1,Basic Earning per share / (Loss per share)  (0.07)  (0.05)  (0.07)  (0.26)  (0.03)  0.00  (0.07)  (0.03),3.23,verified,2739859776,Net Assets Per Share (Rs.)  3.23  2.62,https://cdn.cse.lk/cmt/upload_report_file/546_1763112955521.pdf
51620,HUNA,2026-03-31,1,849030000,,,not found,,,,2.68,verified,2273217438,Net Assets Per Share (Rs.)  2.68  3.36,https://cdn.cse.lk/cmt/upload_report_file/546_1780048399228.pdf
52698,HUNA,2026-06-30,1,849030000,-0.07,quarter,verified,-62162025,1,Basic Earning per share / (Loss per share)  (0.07)  0.00  (0.05)  (0.04),2.98,verified,2529057628,Net Assets Per Share (Rs.)  2.98  3.38,https://cdn.cse.lk/cmt/upload_report_file/546_1786704776742.pdf
48690,HUNT,2025-06-30,1,5145000.01721261,-7.07,quarter,verified,-36393633,1,Basic Loss per Share  (7.07)  (5.89)  (3.62)  (6.39),2144.48,verified,11033347793,"Net Assets Per Share  2,144.48  2,151.55  716.22  719.83",https://cdn.cse.lk/cmt/upload_report_file/747_1755165262959.%20PLC%20-%2030.06.2025.pdf
49614,HUNT,2025-09-30,1,5145000.01721261,-0.94,quarter,verified,-4815983,1,Basic Loss per Share  (0.94)  (7.89)  (8.01)  (13.79),2152.83,verified,11076306677,"Net Assets Per Share  2,152.83  2,152.83  714.94  723.60",https://cdn.cse.lk/cmt/upload_report_file/747_1763111903913.%20PLC%20-%2030.09.2025%20-%20Final.pdf
50530,HUNT,2025-12-31,1,5145000.01721261,8.82,quarter,verified,45386974,1,Basic Earnings per Share  8.82  16.38  0.81  2.59,2162.85,verified,11127839157,"Net Assets Per Share  2,162.85  2,152.83  711.52  723.60",https://cdn.cse.lk/cmt/upload_report_file/747_1771233348875.pdf
51549,HUNT,2026-03-31,1,5145000.01721261,2,quarter,verified,10314368,1,Basic Earnings/(Loss) per Share  2.00  (11.45)  2.82  (12.30),2166.01,verified,11144139975,"Net Assets Per Share  2,166.01  2,152.83  709.16  723.60",https://cdn.cse.lk/cmt/upload_report_file/747_1780046639533.03.2026%20.pdf
52682,HUNT,2026-06-30,1,5145000.01721261,-2.78,quarter,verified,-14292162,1,Basic Loss per Share  (2.78)  (7.07)  (2.09)  (3.62),2163.53,verified,11131386104,"Net Assets Per Share  2,163.53  2,166.01  707.06  709.16",https://cdn.cse.lk/cmt/upload_report_file/747_1786705934380.%20PLC%202026.06.30%20Final.compressed.pdf
48784,HVA,2025-06-30,1,244526187.4766572,0.01,quarter,verified,2303406,1,Basic Earnings Per Share  0.01  (0.45)  (0.57)  0.01  (0.45)  (0.57),-0.28,verified,-68496504,Net Assets per Share - (LKR)  (0.28)  (3.06)  (0.29)  (0.28)  (3.05)  (0.29),https://cdn.cse.lk/cmt/upload_report_file/1046_1755257908833.06.2025.pdf
49248,HVA,2025-09-30,1,244526187.4766572,,,not found,,,,,not found,,,https://cdn.cse.lk/cmt/upload_report_file/1046_1762438041954.pdf
50107,HVA,2025-12-31,1,244526187.4766572,0.03,ytd,verified,7574784,1,Basic Earnings Per Share  0.03  (0.49)  0.02  (0.01)  (0.78)  0.03  (0.49)  0.02  (0.01)  (0.78),-0.26,verified,-63225126,Net Assets per Share - (LKR)  (0.26)  (0.20)  (0.29)  (0.26)  (0.20)  (0.29),https://cdn.cse.lk/cmt/upload_report_file/1046_1770391604730.pdf
51677,HVA,2026-03-31,1,244526188.58897305,0.03,ytd,verified,7100014,1,Basic Earnings Per Share  0.03  (0.002)  (0.09)  (0.78)  0.03  (0.002)  (0.09)  (0.78),-0.26,verified,-64290676,Net Assets per Share - (LKR)  (0.26)  (0.29)  (0.26)  (0.29),https://cdn.cse.lk/cmt/upload_report_file/1046_1780274813752.03.2026%20-%20HVA.pdf
52183,HVA,2026-06-30,1,244526188.58897305,-0.13,quarter,verified,-32523716,1,Basic Earnings Per Share  (0.13)  0.01  0.03  (0.13)  0.01  0.03,-0.4,verified,-96814392,Net Assets per Share - (LKR)  (0.40)  (0.28)  (0.26)  (0.39)  (0.28)  (0.26),https://cdn.cse.lk/cmt/upload_report_file/1046_1785503009792.pdf
50257,INME,2025-12-31,1,2055290,,,not found,,,,85.95,verified,176660110,Net Assets Per Share (Rs.)  85.95  60.08,https://cdn.cse.lk/cmt/upload_report_file/3421_1770887379444.pdf
51144,INME,2026-03-31,1,2055290,,,not found,,,,107.46,verified,220870126,Net Assets Per Share (Rs.)  107.46  69.70,https://cdn.cse.lk/cmt/upload_report_file/3421_1778842781334.pdf
52194,INME,2026-06-30,1,2055290,,,not found,,,,117.88,verified,242279871,Net Assets Per Share (Rs.)  117.88  107.46,https://cdn.cse.lk/cmt/upload_report_file/3421_1785753621580.pdf
48468,JAT,2025-06-30,1,514963042.83443904,0.3,quarter,verified,151961248,1,Basic earnings/(loss) per share (Rs.)  0.30  0.24  0.32  0.30,21,verified,10695336418,Net asset value per share (Rs.)  21  20  19  19,https://cdn.cse.lk/cmt/upload_report_file/2353_1753874969838.pdf
49365,JAT,2025-09-30,1,522436476,0.48,ytd,verified,250541536,1,Basic earnings/(loss) per share (Rs.)  0.48  0.76  0.77  1.00,21,verified,11099834766,Net asset value per share (Rs.)  21  20  20  19,https://cdn.cse.lk/cmt/upload_report_file/2353_1762880267985.09.2025%20-%20Signed.pdf
49981,JAT,2025-12-31,1,522436474.4601999,0.72,ytd,verified,370907373,1,Basic earnings/(loss) per share (Rs.)  0.72  0.96  1.49  1.96,22.08,verified,11519787666,Net asset value per share (Rs.)  22.08  19.96  20.14  18.56,https://cdn.cse.lk/cmt/upload_report_file/2353_1769595566921.26_SIGNED.pdf
51211,JAT,2026-03-31,1,522436474.4601999,1.4,ytd,verified,733106192,1,Basic earnings/(loss) per share (Rs.)  1.40  1.55  2.89  3.50,23,verified,12018304547,Net asset value per share (Rs.)  23  20  21  19,https://cdn.cse.lk/cmt/upload_report_file/2353_1779359629291.26_JATH_SIGNED%20%28Revised%29.pdf
52243,JAT,2026-06-30,1,522436474.4601999,0.29,quarter,verified,152705380,1,Basic earnings/(loss) per share (Rs.)  0.29  0.30  0.21  0.32,23.47,verified,12262780274,Net asset value per share (Rs.)  23.47  22.99  21.34  21.13,https://cdn.cse.lk/cmt/upload_report_file/2353_1786011152811.27_Q1_SIGNED.pdf
48598,JETS,2025-06-30,1,602188559,,,not found,,,,,not found,,,https://cdn.cse.lk/cmt/upload_report_file/1686_1754990379361.pdf
49240,JETS,2025-09-30,1,602188541.7802395,,,not found,,,,,not found,,,https://cdn.cse.lk/cmt/upload_report_file/1686_1762427118340.pdf
50012,JETS,2025-12-31,1,602188559,,,not found,,,,7.67,verified,4586951000,Net assets per share  7.67  6.10,https://cdn.cse.lk/cmt/upload_report_file/1686_1769768912765.pdf
51343,JETS,2026-03-31,1,602188561.608125,0.92,ytd,verified,555141000,1000,Basic earnings per share for the period (Rs.)  0.92  0.72  0.33  0.33,7.99,verified,4789209000,Net assets per share  7.99  7.08,https://cdn.cse.lk/cmt/upload_report_file/1686_1779813666349.pdf
49789,JFP,2025-09-30,1,172130944,,,not found,,,,,not found,,,https://cdn.cse.lk/cmt/upload_report_file/3399_1765723620858.09.205.pdf
50474,JFP,2025-12-31,1,172130944,,,not found,,,,10.7,verified,1841601000,Net Assets Value Per Share (Rs.)  10.70  8.10  14.05  14.51,https://cdn.cse.lk/cmt/upload_report_file/3399_1770982754537.pdf
51296,JFP,2026-03-31,1,172130943.65031374,0.39,ytd,verified,66637000,1000,Basic Earnings per Share (Rs.)  0.39  0.08  +  356  1.37  1.08  +  26,10.52,verified,1810031000,Net Assets Value Per Share (Rs.)  10.52  9.27  13.91  14.76,https://cdn.cse.lk/cmt/upload_report_file/3399_1779720375741.03.2026%20CSE.pdf
52724,JFP,2026-06-30,1,172130943.65031374,0.83,quarter,verified,142881000,1000,"Basic Earnings per Share (Rs.)  0.83  0.02  +  4,543  0.54  (0.33) +  263",10.38,verified,1785912000,Net Assets Value Per Share (Rs.)  10.38  9.55  14.45  13.91,https://cdn.cse.lk/cmt/upload_report_file/3399_1786716080566.06.2026%20CSE.pdf
48691,JINS,2025-06-30,2,679578459,,,not found,,,,,not found,,,https://cdn.cse.lk/cmt/upload_report_file/841_1755165437763.pdf
49320,JINS,2025-09-30,2,679578459,,,not found,,,,,not found,,,https://cdn.cse.lk/cmt/upload_report_file/841_1762771446042.pdf
50657,JINS,2025-12-31,2,679578459,,,not found,,,,,not found,,,https://cdn.cse.lk/cmt/upload_report_file/841_1772193217019.pdf
51080,JINS,2026-03-31,2,679578459,,,not found,,,,,not found,,,https://cdn.cse.lk/cmt/upload_report_file/841_1778679686429.pdf
52661,JINS,2026-06-30,2,679578461.6491401,0.19,quarter,verified,129585000,1000,Restated Basic Earning per Share (LKR)  0.19  1.94,24.68,verified,16770544000,Net Assets Per Share - Restated  24.68  24.49,https://cdn.cse.lk/cmt/upload_report_file/841_1786704588262.pdf
48457,JKH,2025-06-30,1,17741205405,-0.05,quarter,verified,-803695000,1000,Loss per share,13.82,verified,244097547000,Net assets per share  13.82  13.77,https://cdn.cse.lk/cmt/upload_report_file/508_1753866684326.pdf
49190,JKH,2025-09-30,1,17741205651.82942,0.09,quarter,verified,1652806000,1000,Earnings per share,13.79,verified,243640380000,Net assets per share  13.79  13.76,https://cdn.cse.lk/cmt/upload_report_file/508_1762248832920.pdf
49976,JKH,2025-12-31,1,17741205651.82942,0.37,quarter,verified,6479603000,1000,Earnings per share,13.88,verified,245510430000,Net assets per share  13.88  13.75,https://cdn.cse.lk/cmt/upload_report_file/508_1769593842069.pdf
51319,JKH,2026-03-31,1,17741205211.351376,0.36,quarter,verified,6310851000,1000,Earnings per share,13.97,verified,247256070000,Net assets per share  13.97  13.74,https://cdn.cse.lk/cmt/upload_report_file/508_1779789322176.pdf
52111,JKH,2026-06-30,1,17741205211.351376,0.004,quarter,verified,62215000,1000,Earnings per share,14.18,verified,251552116000,Net assets per share  14.18  13.94,https://cdn.cse.lk/cmt/upload_report_file/508_1785229278745.pdf
48461,JKL,2025-06-30,1,60799999.85270309,0.73,quarter,verified,44526000,1000,Earnings per share,74.18,verified,4572546000,Net assets per share  74.18  68.39  77.69,https://cdn.cse.lk/cmt/upload_report_file/731_1753869978077.pdf
49192,JKL,2025-09-30,1,60799999.85270309,1.23,quarter,verified,74694000,1000,Earnings per share  Rs.  Rs.  Rs.  Rs.,75.59,verified,4668959000,Net assets per share  75.59  74.75  77.69,https://cdn.cse.lk/cmt/upload_report_file/731_1762249201070.pdf
49958,JKL,2025-12-31,1,60799999.85270309,0.5,quarter,verified,30185000,1000,Earnings per share  Rs.  Rs.  Rs.  Rs.,77.88,verified,4819000000,Net assets per share  77.88  78.37  77.69,https://cdn.cse.lk/cmt/upload_report_file/731_1769508614541.pdf
51287,JKL,2026-03-31,1,60799999.85270309,-0.37,quarter,verified,-22627000,1000,Earnings per share  Rs.  Rs.  Rs.  Rs.,66.76,verified,4129691000,Net assets per share  66.76  77.69,https://cdn.cse.lk/cmt/upload_report_file/731_1779706785189.pdf
52101,JKL,2026-06-30,1,60799999.85270309,0.48,quarter,verified,29404000,1000,Earnings per share,65.29,verified,4041787000,Net assets per share  65.29  74.18  66.76,https://cdn.cse.lk/cmt/upload_report_file/731_1785161967165.pdf
52751,JXG,2026-06-30,1,2300000000,,,not found,,,,6.64,verified,15272997000,Net assets per share (LKR.)  6.64  6.07  6.65  6.08,https://cdn.cse.lk/cmt/upload_report_file/3579_1786936613406.pdf
48764,KAHA,2025-06-30,1,99406691.9107949,0.59,quarter,verified,58660000,1000,Basic Earnings Per Share (Rs.)  0.59  0.44  0.15,10.16,verified,1009760000,Net Assets Per Share (Rs.)  10.16  10.94  9.57,https://cdn.cse.lk/cmt/upload_report_file/710_1755253305262.pdf
49181,KAHA,2025-09-30,1,99406691,,,not found,,,,10.18,verified,1012083000,Net Assets Per Share (Rs.)  10.18  11.49  9.57,https://cdn.cse.lk/cmt/upload_report_file/710_1762250232071.pdf
50457,KAHA,2025-12-31,1,99406691,,,not found,,,,10.5,verified,1043307000,Net Assets Per Share (Rs.)  10.50  10.20  9.57,https://cdn.cse.lk/cmt/upload_report_file/710_1770979132856.pdf
51574,KAHA,2026-03-31,1,99406691,,,not found,,,,11.2,verified,1113532000,Net Assets Per Share (Rs.)  11.20  9.57,https://cdn.cse.lk/cmt/upload_report_file/710_1780050571695.pdf
52675,KAHA,2026-06-30,1,99406691,,,not found,,,,10.46,verified,1039622000,Net Assets Per Share (Rs.)  10.46  10.16  11.13,https://cdn.cse.lk/cmt/upload_report_file/710_1786705126732.pdf
48555,KCAB,2025-06-30,1,218000000,,,not found,,,,,not found,,,https://cdn.cse.lk/cmt/upload_report_file/672_1754559952204.06.25%20CSE.pdf
49223,KCAB,2025-09-30,1,218000000,,,not found,,,,,not found,,,https://cdn.cse.lk/cmt/upload_report_file/672_1762423935038.09.25%20CSE.pdf
50280,KCAB,2025-12-31,1,218000000.50668687,3.03,quarter,verified,660820000,1000,Basic/diluted earnings per share -Rs.  3.03  2.31  3.03  2.31,,not found,,,https://cdn.cse.lk/cmt/upload_report_file/672_1770890535559.12.25%20CSE.pdf
51621,KCAB,2026-03-31,1,218000000.50668687,2.45,quarter,verified,533156000,1000,Basic/diluted earnings per share -Rs.  2.45  3.16  2.37  3.16,,not found,,,https://cdn.cse.lk/cmt/upload_report_file/672_1780049001986.03.26%20CSE.pdf
52507,KCAB,2026-06-30,1,218000000.50668687,2.97,quarter,verified,648155000,1000,Basic/diluted earnings per share -Rs.  2.97  3.02  2.97  3.02,,not found,,,https://cdn.cse.lk/cmt/upload_report_file/672_1786619937661.06.26%20CSE.pdf
48451,KFP,2025-06-30,1,25500000.09391548,0.73,quarter,verified,18726000,1000,Earnings per share,76.98,verified,1962937000,Net assets per share  76.98  77.34,https://cdn.cse.lk/cmt/upload_report_file/483_1753783067451.pdf
49146,KFP,2025-09-30,1,25500000.09391548,0.21,quarter,verified,5412000,1000,Earnings per share,76.86,verified,1959982000,Net assets per share  76.86,https://cdn.cse.lk/cmt/upload_report_file/483_1762139724697.pdf
49945,KFP,2025-12-31,1,25500000.09391548,3.31,quarter,verified,84439000,1000,Earnings per share,82.07,verified,2092880000,Net assets per share  82.07  77.34,https://cdn.cse.lk/cmt/upload_report_file/483_1769477029504.pdf
51259,KFP,2026-03-31,1,25500000.09391548,5.33,quarter,verified,135959000,1000,Earnings per share,85.46,verified,2179269000,Net assets per share  85.46,https://cdn.cse.lk/cmt/upload_report_file/483_1779677414789.pdf
52076,KFP,2026-06-30,1,25500000.09391548,0.53,quarter,verified,13596000,1000,Earnings per share,83.37,verified,2125970000,Net assets per share  83.37  85.46,https://cdn.cse.lk/cmt/upload_report_file/483_1785118668303.pdf
48565,KGAL,2025-06-30,1,25000000.94125352,1.78,quarter,verified,44394000,1000,Basic earnings per share (Rs.)  1.78  3.32  17.76,,not found,,,https://cdn.cse.lk/cmt/upload_report_file/711_1754565267197.1%202025.26%20KGAL.pdf
49278,KGAL,2025-09-30,1,25000000.94125352,5.5,ytd,verified,137615000,1000,Basic earnings per share (Rs.)  5.50  6.08  7.28  9.40  17.76,,not found,,,https://cdn.cse.lk/cmt/upload_report_file/711_1762509576440.pdf
50386,KGAL,2025-12-31,1,25000000.94125352,4.46,ytd,verified,111599000,1000,Basic earnings per share (Rs.)  4.46  6.31  11.74  15.72  17.76,,not found,,,https://cdn.cse.lk/cmt/upload_report_file/711_1770975398284.3-2025-26.pdf
51622,KGAL,2026-03-31,1,25000000.94125352,-7.92,ytd,verified,-197945000,1000,Basic earnings per share (Rs.)  (7.92)  2.04  3.83  17.76,,not found,,,https://cdn.cse.lk/cmt/upload_report_file/711_1780050128075.4-2025-26-.pdf
52499,KGAL,2026-06-30,1,25000000.94125352,0.78,quarter,verified,19560000,1000,Basic earnings per share (Rs.)  0.78  1.78  4.15,,not found,,,https://cdn.cse.lk/cmt/upload_report_file/711_1786618620835.1-2026-27-KPPLC.pdf
50285,KHC,2025-12-31,1,754309251.3101794,,,not found,,,,,not found,,,https://cdn.cse.lk/cmt/upload_report_file/547_1770890810687.12.2025.pdf
51632,KHC,2026-03-31,1,754309251.3101794,0.26,quarter,verified,194721000,1000,Basic/ Diluted Earnings/(loss) per share,13.62,verified,10275617000,Net Assets per Share (Rs.)  13.62  13.34  14.59  14.72,https://cdn.cse.lk/cmt/upload_report_file/547_1780051979083.03.2026.pdf
52671,KHC,2026-06-30,1,754309253,,,not found,,,,,not found,,,https://cdn.cse.lk/cmt/upload_report_file/547_1786703621101.06.pdf
48459,KHL,2025-06-30,1,1456146771.9172318,-0.52,quarter,verified,-753993000,1000,Earnings/(loss) per share - Basic/Diluted  (0.52)  (0.86),21.14,verified,30887403000,Net assets per share  21.14  20.77  21.61,https://cdn.cse.lk/cmt/upload_report_file/561_1753866845816.pdf
49186,KHL,2025-09-30,1,1456146771.9172318,-0.48,quarter,verified,-698370000,1000,Earnings/(loss) per share - Basic/Diluted  (0.48)  (0.63)  (1.00)  (1.49),20.76,verified,30340300000,Net assets per share  20.76  19.80  21.61,https://cdn.cse.lk/cmt/upload_report_file/561_1762247349085.pdf
49975,KHL,2025-12-31,1,1456146771.9172318,0.52,quarter,verified,758660000,1000,Earnings/(loss) per share - Basic/Diluted  0.52  0.24  (0.48)  (1.26),21.97,verified,32099297000,Net assets per share  21.97  20.32  21.61,https://cdn.cse.lk/cmt/upload_report_file/561_1769592032387.pdf
51318,KHL,2026-03-31,1,1456146771.9172318,1.8,quarter,verified,2627644000,1000,Earnings/(loss) per share - Basic/Diluted  1.80  1.10  1.33  (0.16),23.95,verified,34977143000,Net assets per share  23.95  21.61,https://cdn.cse.lk/cmt/upload_report_file/561_1779788183636.pdf
52113,KHL,2026-06-30,1,1456146771.9172318,-1.17,quarter,verified,-1698461000,1000,Earnings/(loss) per share - Basic/Diluted  (1.17)  (0.52),23.23,verified,33923279000,Net assets per share  23.23  21.14  23.95,https://cdn.cse.lk/cmt/upload_report_file/561_1785229393676.pdf
48686,KOTA,2025-06-30,1,423140625,,,not found,,,,,not found,,,https://cdn.cse.lk/cmt/upload_report_file/713_1755164891089.pdf
49490,KOTA,2025-09-30,1,423140625,,,not found,,,,,not found,,,https://cdn.cse.lk/cmt/upload_report_file/713_1763026689490.pdf
50143,KOTA,2025-12-31,1,423140625,,,not found,,,,8.3,verified,3514150000,Net Assets per Share (Rs.)  8.30  7.34  8.02  7.00,https://cdn.cse.lk/cmt/upload_report_file/713_1770639287106.pdf
51473,KOTA,2026-03-31,1,423140625,,,not found,,,,8.08,verified,3419829000,Net Assets per Share (Rs.)  8.08  7.34  8.11  7.00,https://cdn.cse.lk/cmt/upload_report_file/713_1779969912631.03.2026.pdf
52361,KOTA,2026-06-30,1,423140628.18521434,-0.12,quarter,verified,-49331000,1000,Earnings per Share (Rs.)  (0.12)  0.14,8.12,verified,3423496000,The net assets per share has decreased to Rs.8.12 from Rs.8.23 recorded as of 31st March,https://cdn.cse.lk/cmt/upload_report_file/713_1786445436347.06.2026%20%20Interim%20Financial%20Statements.pdf
48753,KPHL,2025-06-30,1,164130360,,,not found,,,,5.2,verified,848261882,Net asset value per share (Rs.)  5.2  5.2  7.6  7.6,https://cdn.cse.lk/cmt/upload_report_file/2714_1755251113768.pdf
49230,KPHL,2025-09-30,1,164130360,,,not found,,,,4.88,verified,801469476,Net asset value per share (Rs.)  4.88  4.95  7.69  7.52,https://cdn.cse.lk/cmt/upload_report_file/2714_1762425833371.pdf
50176,KPHL,2025-12-31,1,164130360,,,not found,,,,4.97,verified,816411567,Net asset value per share (Rs.)  4.97  4.95  7.69  7.52,https://cdn.cse.lk/cmt/upload_report_file/2714_1770717216834.%20Final%20Interim%20Consolidated%20Financial%20Statements_%202526_Q3.pdf
51366,KPHL,2026-03-31,1,164130360,,,not found,,,,5.11,verified,839393661,Net asset value per share (Rs.)  5.11  4.95  7.78  7.52,https://cdn.cse.lk/cmt/upload_report_file/2714_1779874330505.pdf
52619,KPHL,2026-06-30,1,164130360,,,not found,,,,5.22,verified,856246455,Net asset value per share (Rs.)  5.22  5.11  7.79  7.78,https://cdn.cse.lk/cmt/upload_report_file/2714_1786700376627.pdf
48535,KVAL,2025-06-30,1,68000000,,,not found,,,,128.93,verified,8766911000,Net assets per share  128.93  117.76,https://cdn.cse.lk/cmt/upload_report_file/712_1754390083007.pdf
49210,KVAL,2025-09-30,1,68000000,,,not found,,,,131.06,verified,8912372000,Net assets per share  131.06  119.47,https://cdn.cse.lk/cmt/upload_report_file/712_1762258986760.pdf
50055,KVAL,2025-12-31,1,68000000,,,not found,,,,132.62,verified,9018098000,Net assets per share  132.62  121.00,https://cdn.cse.lk/cmt/upload_report_file/712_1770118408078.pdf
51039,KVAL,2026-03-31,1,67999999.8343275,12.18,ytd,verified,828444000,1000,Earnings per share ( Rs ),135.82,verified,9236026000,Net assets per share  135.82  126.15,https://cdn.cse.lk/cmt/upload_report_file/712_1778494405330.pdf
52231,KVAL,2026-06-30,1,68000000,,,not found,,,,138.43,verified,9413279000,Net assets per share  138.43  128.93,https://cdn.cse.lk/cmt/upload_report_file/712_1785933529511.pdf
48803,KZOO,2025-06-30,1,921235101,,,not found,,,,,not found,,,https://cdn.cse.lk/cmt/upload_report_file/732_1755486239688.pdf
49291,KZOO,2025-09-30,1,921235101,,,not found,,,,,not found,,,https://cdn.cse.lk/cmt/upload_report_file/732_1762517047479.pdf
50021,KZOO,2025-12-31,1,921235101,,,not found,,,,,not found,,,https://cdn.cse.lk/cmt/upload_report_file/732_1769859860957.pdf
51546,KZOO,2026-03-31,1,921235101,,,not found,,,,,not found,,,https://cdn.cse.lk/cmt/upload_report_file/732_1780048452294.pdf
52086,KZOO,2026-06-30,1,921235101,,,not found,,,,10.22,verified,9417137000,Net Assets per share (Rs.)  10.22  30.35  10.16  30.35,https://cdn.cse.lk/cmt/upload_report_file/732_1785147999165.pdf
48724,LALU,2025-06-30,1,68514114.87223181,0.71,quarter,verified,48442000,1000,Earnings Per Share (Rs.)  0.71  0.59  0.93  0.72,39.2,verified,2685774000,Net assets per share (Rs.)  39.20  38.49,https://cdn.cse.lk/cmt/upload_report_file/674_1755225129149.pdf
49527,LALU,2025-09-30,1,68514114.87223181,1.11,quarter,verified,76377000,1000,Earnings Per Share (Rs.)  1.11  1.31  2.04  2.03,,not found,,,https://cdn.cse.lk/cmt/upload_report_file/674_1763036204372.09.2025.pdf
50300,LALU,2025-12-31,1,68514114.87223181,0.89,quarter,verified,60717000,1000,Earnings Per Share (Rs.)  0.89  1.09  2.93  3.12,,not found,,,https://cdn.cse.lk/cmt/upload_report_file/674_1770901684411.12.2025.pdf
48562,LAMB,2025-06-30,1,31399999.98590685,6.52,quarter,verified,204651000,1000,Basic Earnings Per Share (Rs.)  6.52  5.47  (0.05)  (0.04),120.94,verified,3797366000,Net Asset Value per Share (Rs.)  120.94  114.42  10.51  10.56,https://cdn.cse.lk/cmt/upload_report_file/484_1754561299071.pdf
49161,LAMB,2025-09-30,1,31399999.98590685,6.41,quarter,verified,201167000,1000,Basic Earnings Per Share (Rs.)  6.41  5.10  12.92  10.56,127.34,verified,3998533000,Net Asset Value per Share (Rs.)  127.34  114.42  10.46  10.56,https://cdn.cse.lk/cmt/upload_report_file/484_1762162610259.pdf
50124,LAMB,2025-12-31,1,31399999.98590685,4.89,quarter,verified,153693000,1000,Basic Earnings Per Share (Rs.)  4.89  4.02  17.82  14.58,132.24,verified,4152226000,Net Asset Value per Share (Rs.)  132.24  114.42  10.41  10.56,https://cdn.cse.lk/cmt/upload_report_file/484_1770632362511.pdf
51375,LAMB,2026-03-31,1,31399999.98590685,6.53,quarter,verified,205052000,1000,Basic Earnings Per Share (Rs.)  6.53  4.60  24.35  19.18,138.71,verified,4355585000,Net Asset Value per Share (Rs.)  138.71  114.42  10.30  10.56,https://cdn.cse.lk/cmt/upload_report_file/484_1779875493130.pdf
52443,LAMB,2026-06-30,1,31399999.98590685,7.18,quarter,verified,225456000,1000,Basic Earnings Per Share (Rs.)  7.18  6.52  (0.08)  (0.05),145.89,verified,4581040000,Net Asset Value per Share (Rs.)  145.89  138.71  10.22  10.30,https://cdn.cse.lk/cmt/upload_report_file/484_1786612481023.pdf
48440,LCBF,2025-06-30,1,790168779.4914597,0.1,quarter,verified,77516863,1,Earnings/(Loss) per Share: Basic/Diluted (Rs.)  0.10  0.03,4.05,verified,3200924228,Net Asset Value Per Share  4.05  3.95,https://cdn.cse.lk/cmt/upload_report_file/2512_1753701379552.06.2025%20_Sgd.pdf
49108,LCBF,2025-09-30,1,790168779.4914597,0.12,quarter,verified,93401964,1,Earnings/(Loss) per Share: Basic/Diluted (Rs.)  0.12  0.05  0.22  0.08,4.02,verified,3175800871,Net Asset Value Per Share  4.02  3.95,https://cdn.cse.lk/cmt/upload_report_file/2512_1761823063066.09.2025%20sgd.pdf
50033,LCBF,2025-12-31,1,790168786.9564465,0.12,quarter,verified,92981610,1,Earnings/(Loss) per Share: Basic/Diluted (Rs.)  0.12  0.09  0.33  0.18,4.14,verified,3268782481,Net Asset Value Per Share  4.14  3.95,https://cdn.cse.lk/cmt/upload_report_file/2512_1770024652514.12.2025%20%20Sgd.pdf
51463,LCBF,2026-03-31,1,790168786.9564465,0.05,quarter,verified,40284361,1,Earnings/(Loss) per Share: Basic/Diluted (Rs.)  0.05  0.08  0.38  0.27,4.3,verified,3401080798,Net Asset Value Per Share  4.30  3.95,https://cdn.cse.lk/cmt/upload_report_file/2512_1779967473857.03.2026%20SGD%20-%20CSE.pdf
52175,LCBF,2026-06-30,1,790168786.9564465,0.09,quarter,verified,72633766,1,Earnings/(Loss) per Share: Basic/Diluted (Rs.)  0.09  0.10,4.37,verified,3451359928,Net Asset Value Per Share  4.37  4.28,https://cdn.cse.lk/cmt/upload_report_file/2512_1785493631763.06.2026%20V2%20-%20SGD.pdf
48799,LCEY,2025-06-30,1,137255352,,,not found,,,,,not found,,,https://cdn.cse.lk/cmt/upload_report_file/497_1755485261031.pdf
49668,LCEY,2025-09-30,1,137255352,,,not found,,,,,not found,,,https://cdn.cse.lk/cmt/upload_report_file/497_1763112627360.09.2025.pdf
50471,LCEY,2025-12-31,1,137255350.51444155,,,not found,,,,,not found,,,https://cdn.cse.lk/cmt/upload_report_file/497_1770980848042.12.2025%20Sgd.pdf
51678,LCEY,2026-03-31,1,137255351.29444125,,,not found,,,,,not found,,,https://cdn.cse.lk/cmt/upload_report_file/497_1780251511766.03.2026%20-%20CSE.pdf
52739,LCEY,2026-06-30,1,137255351.67844388,,,not found,,,,,not found,,,https://cdn.cse.lk/cmt/upload_report_file/497_1786818694364.06.2026%20CSE.pdf
48684,LDEV,2025-06-30,1,160000000.40646312,0.36,quarter,verified,57685000,1000,Earnings/(Loss) Per Share (Rs.)  0.36  1.52  -  (76)  (0.03)  (0.15)  +  (79),13.71,verified,2193882000,Net Assets per Share (Rs.)  13.71  14.44  14.01  14.72,https://cdn.cse.lk/cmt/upload_report_file/446_1755164755474.pdf
49478,LDEV,2025-09-30,1,160000000.40646312,0.19,quarter,verified,29901000,1000,Earnings/(Loss) Per Share (Rs.)  0.19  1.70  -  (89)  0.55  3.22  -  (83),13.9,verified,2223783000,Net Assets per Share (Rs.)  13.90  14.44  14.00  14.72,https://cdn.cse.lk/cmt/upload_report_file/446_1763027268523.pdf
50142,LDEV,2025-12-31,1,160000000.40646312,0.03,quarter,verified,4509000,1000,Earnings/(Loss) Per Share (Rs.)  0.03  0.37  -  (92)  0.87  3.59  -  (76),14.14,verified,2262975000,Net Assets per Share (Rs.)  14.14  14.44  13.97  14.72,https://cdn.cse.lk/cmt/upload_report_file/446_1770639680352.pdf
51415,LDEV,2026-03-31,1,160000000.40646312,-0.18,quarter,verified,-28562000,1000,Earnings/(Loss) Per Share (Rs.)  (0.18)  (0.93)  +  (81)  0.69  2.99  -  (77),11.98,verified,1917362000,Net Assets per Share (Rs.)  11.98  14.44  14.14  14.72,https://cdn.cse.lk/cmt/upload_report_file/446_1779883742342.03.2026%20Consolidated%20Interim%20Financial%20Statements.pdf
52314,LDEV,2026-06-30,1,160000000.40646312,0.23,quarter,verified,37298000,1000,Earnings/(Loss) Per Share (Rs.)  0.23  0.36  -  (36)  (0.01)  (0.03)  +  (52),14.68,verified,2349287000,Net Assets per Share (Rs.)  14.68  19.27  14.16  14.17,https://cdn.cse.lk/cmt/upload_report_file/446_1786359626917.pdf
48378,LFIN,2025-06-30,1,554057138.4757153,4.88,quarter,verified,2702755000,1000,Basic Earnings per Share (Rs.)  4.88  3.95  23,93.2,verified,51636329000,Net Asset Value per Share (Rs.)  93.20  92.53  93.83  93.11,https://cdn.cse.lk/cmt/upload_report_file/379_1752659717382.06.2025.pdf
49059,LFIN,2025-09-30,1,554057136,5.59,quarter,verified,3097409000,1000,Basic Earnings per Share (Rs.)  5.59  4.51  24  10.47  8.46  24,98.84,verified,54761837000,Net Asset Value per Share (Rs.)  98.84  92.53  99.53  93.11,https://cdn.cse.lk/cmt/upload_report_file/379_1760519666140.09.2025.pdf
49926,LFIN,2025-12-31,1,554057138.4757153,5.65,quarter,verified,3130992000,1000,Basic Earnings per Share (Rs.)  5.65  4.49  26  16.12  12.95  24,104.45,verified,57869375000,Net Asset Value per Share (Rs.)  104.45  92.53  105.32  93.11,https://cdn.cse.lk/cmt/upload_report_file/379_1769050371420.12.2025.pdf
51208,LFIN,2026-03-31,1,554057138.4757153,8.56,quarter,verified,4741694000,1000,Basic Earnings per Share (Rs.)  8.56  6.56  31  24.68  19.50  27,110.79,verified,61383323000,Net Asset Value per Share (Rs.)  110.79  92.53  112.08  93.11,https://cdn.cse.lk/cmt/upload_report_file/379_1779354268241.03.2026.pdf
52024,LFIN,2026-06-30,1,554057138.4757153,6.38,quarter,verified,3537553000,1000,Basic Earnings per Share (Rs.)  6.38  4.88  31,111.69,verified,61883316000,Net Asset Value per Share (Rs.)  111.69  110.79  113.52  112.08,https://cdn.cse.lk/cmt/upload_report_file/379_1784195933058.06.2026.pdf
49414,LGIL,2025-09-30,2,1200000000,,,not found,,,,,not found,,,https://cdn.cse.lk/cmt/upload_report_file/2693_1762962518791.%20LOLCGI%20INTERIM%20FINANCIAL%20STATEMENTS%20-%2030%20SEP%202025%20V5.pdf
50660,LGIL,2025-12-31,2,1200000000,,,not found,,,,5.56,verified,6670770000,Net assets per share (Rs.)  5.56  5.73,https://cdn.cse.lk/cmt/upload_report_file/2693_1772202294584.pdf
51112,LGIL,2026-03-31,2,1200000000,,,not found,,,,,not found,,,https://cdn.cse.lk/cmt/upload_report_file/2693_1778818739170.pdf
52412,LGIL,2026-06-30,2,1200000000,,,not found,,,,,not found,,,https://cdn.cse.lk/cmt/upload_report_file/2693_1786537566905.pdf
48731,LGL,2025-06-30,1,387000084.3424258,-0.82,quarter,verified,-318455000,1000,Earnigs /(Loss) Per Share :,4.7,verified,1819968000,Net Assets Per Share (Rs.)  4.70  6.71  5.55,https://cdn.cse.lk/cmt/upload_report_file/1020_1755226264615.pdf
49651,LGL,2025-09-30,1,387000083.3932224,-2.14,quarter,verified,-827071000,1000,Earnings/(Loss) Per Share :,3,verified,1161221000,Net Assets Value Per Share (Rs.)  3.00  4.77  5.55,https://cdn.cse.lk/cmt/upload_report_file/1020_1763111233604.xlsb%20%281%29.pdf
50439,LGL,2025-12-31,1,387000083.8243044,-1.64,quarter,verified,-636171000,1000,Earnings/(Loss) Per Share :,1.22,verified,473703000,Net Assets Per Share (Rs.)  1.22  2.59  5.55,https://cdn.cse.lk/cmt/upload_report_file/1020_1770974835147.xlsb.pdf
51228,LGL,2026-03-31,1,387000084.1871948,-4.05,quarter,verified,-1565457000,1000,Earnings/(Loss) Per Share :,-3.06,verified,-1182700000,Net Assets Per Share (Rs.)  (3.06)  5.55,https://cdn.cse.lk/cmt/upload_report_file/1020_1779442069465.pdf
52460,LGL,2026-06-30,1,387000084.3792493,-1.49,quarter,verified,-577904000,1000,Earnigs /(Loss) Per Share :,-4.97,verified,-1921994000,Net Assets Per Share (Rs.)  (4.97)  4.70  (3.06),https://cdn.cse.lk/cmt/upload_report_file/1020_1786614363829.pdf
48746,LHCL,2025-06-30,2,223732169.89612862,3.52,ytd,verified,787292678,1,Basic earnings per share  3.52  2.70  2.12  1.67,,not found,,,https://cdn.cse.lk/cmt/upload_report_file/516_1755251747370.06.30%20LHCL.pdf
49391,LHCL,2025-09-30,2,223732169.89612862,5.37,ytd,verified,1202554454,1,Basic earnings per share  5.37  3.87  3.06  2.28,,not found,,,https://cdn.cse.lk/cmt/upload_report_file/516_1762941923451.09.30.pdf
50654,LHCL,2025-12-31,2,223732169.89612862,8.71,ytd,verified,1947950485,1,Basic earnings per share  8.71  5.99  7.07  3.32,,not found,,,https://cdn.cse.lk/cmt/upload_report_file/516_1772193366665.12.31.pdf
51140,LHCL,2026-03-31,2,223732169.89612862,2.26,quarter,verified,506146883,1,Basic earnings per share  2.26  1.52  1.43  0.91,,not found,,,https://cdn.cse.lk/cmt/upload_report_file/516_1778836214734.03.31.pdf
52609,LHCL,2026-06-30,2,223732169.89612862,5.47,ytd,verified,1223459725,1,Basic earnings per share  5.47  3.52  3.80  2.12,,not found,,,https://cdn.cse.lk/cmt/upload_report_file/516_1786699834011.06.30.pdf
48595,LHL,2025-06-30,1,46000000,,,not found,,,,,not found,,,https://cdn.cse.lk/cmt/upload_report_file/562_1754966579795.pdf
49279,LHL,2025-09-30,1,46000000,,,not found,,,,,not found,,,https://cdn.cse.lk/cmt/upload_report_file/562_1762512373544.09.2025.pdf
50030,LHL,2025-12-31,1,46000000,,,not found,,,,69.39,verified,3191762000,Net assets per share  69.39  63.16,https://cdn.cse.lk/cmt/upload_report_file/562_1770029321739.pdf
51304,LHL,2026-03-31,1,45999999.9515035,4.52,ytd,verified,207973000,1000,Earnings/(Loss) per share for the  4.52  5.07  2.54  2.61,71.98,verified,3311108000,Net assets per share  71.98  70.40,https://cdn.cse.lk/cmt/upload_report_file/562_1779743874156.pdf
52204,LHL,2026-06-30,1,45999999.9515035,-0.56,quarter,verified,-25596000,1000,4.52  Earnings/(Loss) per share for the  (0.56)  0.16,,not found,,,https://cdn.cse.lk/cmt/upload_report_file/562_1785838607551.pdf
49913,LIOC,2025-12-31,1,532465704.8827504,4.04,quarter,verified,2150714000,1000,Earnings Per Share  4.04  3.98  13.96  15.82,,not found,,,https://cdn.cse.lk/cmt/upload_report_file/729_1768390215217.12.2025.pdf
52032,LIOC,2026-06-30,1,532465704.8827504,2.87,quarter,verified,1527296000,1000,Earnings Per Share  2.87  4.36,,not found,,,https://cdn.cse.lk/cmt/upload_report_file/729_1784289979695.pdf
48702,LION,2025-06-30,1,80000000,,,not found,,,,424.72,verified,33977743000,Net assets per ordinary share (Rs.)  424.72  424.09  431.45  430.25,https://cdn.cse.lk/cmt/upload_report_file/485_1755170200865.pdf
49662,LION,2025-09-30,1,80000000,,,not found,,,,463.76,verified,37100429000,Net assets per ordinary share (Rs.)  463.76  424.09  471.09  430.25,https://cdn.cse.lk/cmt/upload_report_file/485_1763115227694.pdf
50392,LION,2025-12-31,1,80000000,,,not found,,,,480.21,verified,38416828000,Net assets per ordinary share (Rs.)  480.21  424.09  490.20  430.25,https://cdn.cse.lk/cmt/upload_report_file/485_1770976504299.pdf
51159,LION,2026-03-31,1,80000000,,,not found,,,,516.79,verified,41343028000,Net assets per ordinary share (Rs.)  516.79  424.09  533.02  430.25,https://cdn.cse.lk/cmt/upload_report_file/485_1778843607312.pdf
52628,LION,2026-06-30,1,80000000,,,not found,,,,525.99,verified,42079294000,Net assets per ordinary share (Rs.)  525.99  516.79  546.68  533.02,https://cdn.cse.lk/cmt/upload_report_file/485_1786700123426.pdf
48655,LITE,2025-06-30,1,66224938.90311757,0.95,quarter,verified,63214000,1000,Earnings Per Share ( Rs.)  0.95  0.29,18.6,verified,1231934000,Net Assets Value Per Share (Rs.)  18.60  17.65  17.31  16.59,https://cdn.cse.lk/cmt/upload_report_file/498_1755087727268.06.2025.pdf
49182,LITE,2025-09-30,1,66224938.90311757,1.48,quarter,verified,97941000,1000,Earnings Per Share ( Rs.)  1.48  0.50  2.43  0.79,20.08,verified,1329875000,Net Assets Value Per Share (Rs.)  20.08  17.65  18.19  16.59,https://cdn.cse.lk/cmt/upload_report_file/498_1762248776352.09.2025%20-%20with%20Signature%20for%20upload.pdf
50045,LITE,2025-12-31,1,66224939.215251,1.2,quarter,verified,79190000,1000,Earnings Per Share (Rs.)  1.20  1.12  3.63  1.90,20.53,verified,1359396000,Net Assets Value Per Share (Rs.)  20.53  17.65  19.14  16.59,https://cdn.cse.lk/cmt/upload_report_file/498_1770114354483.pdf
51583,LITE,2026-03-31,1,66224939.215251,1.22,ytd,verified,80973000,1000,Earnings Per Share (Rs.)  1.22  0.62  4.85  2.53,20.91,verified,1384815000,Net Assets Value Per Share (Rs.)  20.91  17.65  19.77  16.59,https://cdn.cse.lk/cmt/upload_report_file/498_1780050507909.03.2026.pdf
52224,LITE,2026-06-30,1,66224939.215251,1.07,quarter,verified,70968000,1000,Earnings Per Share (Rs.)  1.07  0.95,21.98,verified,1455783000,Net Assets Value Per Share (Rs.)  21.98  20.91  20.55  19.77,https://cdn.cse.lk/cmt/upload_report_file/498_1785929291647.pdf
48628,LMF,2025-06-30,1,399980004.7831228,0.94,quarter,verified,377118000,1000,EARNINGS PER SHARE OF Rs.  0.94  0.20,81.58,verified,32630687000,Net Asset Value Per Share Rs. Cts.  81.58  72.27  78.72  70.15,https://cdn.cse.lk/cmt/upload_report_file/486_1755080479621.pdf
49303,LMF,2025-09-30,1,399980004.7831228,2.02,quarter,verified,809015000,1000,EARNINGS PER SHARE OF Rs.  2.02  0.78  2.97  0.98,94.03,verified,37609843000,Net Asset Value Per Share Rs. Cts.  94.03  72.27  90.38  70.15,https://cdn.cse.lk/cmt/upload_report_file/486_1762768638136.pdf
50449,LMF,2025-12-31,1,399980004.7831228,1.95,quarter,verified,781937000,1000,EARNINGS PER SHARE OF Rs.  1.95  1.32  4.92  2.29,97.57,verified,39027284000,Net Asset Value Per Share Rs. Cts.  97.57  72.27  93.19  70.15,https://cdn.cse.lk/cmt/upload_report_file/486_1770980616621.pdf
51057,LMF,2026-03-31,1,399980004.7831228,2.13,quarter,verified,852964000,1000,EARNINGS PER SHARE OF Rs.  2.13  0.22  7.05  2.51,95.89,verified,38355369000,Net Asset Value Per Share Rs. Cts.  95.89  72.27  91.12  70.15,https://cdn.cse.lk/cmt/upload_report_file/486_1778582889345.pdf
52402,LMF,2026-06-30,1,399980004.7831228,1.06,quarter,verified,423985000,1000,EARNINGS PER SHARE OF Rs.  1.06  0.94,104.9,verified,41956903000,Net Asset Value Per Share Rs. Cts.  104.90  95.39  99.73  91.02,https://cdn.cse.lk/cmt/upload_report_file/486_1786532273917.pdf
48639,LOFC,2025-06-30,1,33079212171.846058,0.16,quarter,verified,5203317266,1,Basic earnings per share (Rs.)  0.16  0.12,4.68,verified,154727265624,Net asset value per share  4.68  4.52,https://cdn.cse.lk/cmt/upload_report_file/1073_1755083300813.pdf
49312,LOFC,2025-09-30,1,29560147161,,,not found,,,,4.82,verified,142429722645,Net asset value per share  4.82  4.52,https://cdn.cse.lk/cmt/upload_report_file/1073_1762773077002.pdf
50022,LOFC,2025-12-31,1,29560147161,,,not found,,,,4.99,verified,147615676725,Net asset value per share  4.99  4.52,https://cdn.cse.lk/cmt/upload_report_file/1073_1770001371465.pdf
51525,LOFC,2026-03-31,1,29560147161,,,not found,,,,5.26,verified,155404337966,Net asset value per share  5.26  4.52,https://cdn.cse.lk/cmt/upload_report_file/1073_1780045841918.pdf
52324,LOFC,2026-06-30,1,29560147129.01229,0.18,quarter,verified,5400963979,1,Basic earnings per share (Rs.)  0.18  0.18,5.44,verified,160805301946,"period, resulting in the net asset value per share improving to Rs. 5.44 from Rs. 5.26 as at 31 March 2026.",https://cdn.cse.lk/cmt/upload_report_file/1073_1786360795219.pdf
48777,LOLC,2025-06-30,1,475200000,,,not found,,,,735.81,verified,349656552000,722.02  722.02  Net assets per share (Rs.)  735.81  626.08  735.81  626.08,https://cdn.cse.lk/cmt/upload_report_file/378_1755255591073.pdf
49648,LOLC,2025-09-30,1,475199995.6967738,16.97,quarter,verified,8063155000,1000,Earnings per share,764.32,verified,363204632000,721.16  721.16  Net assets per share (Rs.)  764.32  700.17  764.32  700.17,https://cdn.cse.lk/cmt/upload_report_file/378_1763111685522.pdf
50413,LOLC,2025-12-31,1,475199995.6967738,17.08,quarter,verified,8116746000,1000,Earnings per share,790.83,verified,375804148000,721.16  721.16  Net assets per share (Rs.)  790.83  710.05  790.83  710.05,https://cdn.cse.lk/cmt/upload_report_file/378_1770978545915.pdf
51640,LOLC,2026-03-31,1,475199995.6967738,21.23,quarter,verified,10090588000,1000,Earnings per share,822.46,verified,390834232000,Net assets per share (Rs.)  822.46  721.16  822.46  721.16,https://cdn.cse.lk/cmt/upload_report_file/378_1780052093611.pdf
52684,LOLC,2026-06-30,1,475199995.6967738,13,quarter,verified,6177747000,1000,Earnings per share,877.59,verified,417032929000,824.10  824.10  Net assets per share (Rs.)  877.59  735.81  877.59  735.81,https://cdn.cse.lk/cmt/upload_report_file/378_1786706486801.pdf
48722,LPL,2025-06-30,1,387000083.3631403,0.02,quarter,verified,7574336,1,Basic/Diluted Earnings Per Share  0.02  0.34  0%  0.65,5.78,verified,2237240193,Net Assets Per Share (Rs.)  5.78  5.46  5.76,https://cdn.cse.lk/cmt/upload_report_file/1930_1755225960999.pdf
49649,LPL,2025-09-30,1,387000083.3631403,0.04,quarter,verified,15521005,1,Basic/Diluted Earnings Per Share  0.04  0.50  0.06  0.84  0.65,5.82,verified,2252761197,Net Assets Per Share (Rs.)  5.82  5.96  5.76,https://cdn.cse.lk/cmt/upload_report_file/1930_1763111365468.pdf
50447,LPL,2025-12-31,1,387000083.9490272,-0.06,quarter,verified,-23491598,1,Basic/Diluted Earnings Per Share  (0.06)  (0.06)  (0.21)  1.48  1.58,5.8,verified,2246095772,Net Assets Per Share (Rs.)  5.80  5.99  5.76,https://cdn.cse.lk/cmt/upload_report_file/1930_1770974998966.pdf
48781,LPRT,2025-06-30,1,2937245.0032367,4.46,quarter,verified,13107000,1000,Basic Earnings Per Ordinary Share (Rs.)  4.46  4.20  3.80  3.38,360.9,verified,1059974000,345.44  299.95  Net Assets Per Share (Rs.)  360.90  349.64  312.13  303.34,https://cdn.cse.lk/cmt/upload_report_file/741_1755255978846.pdf
49424,LPRT,2025-09-30,1,2937245.0032367,5.97,quarter,verified,17528000,1000,Basic Earnings Per Ordinary Share (Rs.)  5.97  5.77  9.77  9.15,368.89,verified,1083417000,357.85  309.75  Net Assets Per Share (Rs.)  368.89  355.82  319.52  309.11,https://cdn.cse.lk/cmt/upload_report_file/741_1762942531184.pdf
50536,LPRT,2025-12-31,1,2937245,0.39,quarter,verified,1158000,1000,Basic Earnings per Ordinary Share  (Rs.)  0.39  2.00  tL.43  L2.38,,not found,,,https://cdn.cse.lk/cmt/upload_report_file/741_1771297989632.pdf
51300,LPRT,2026-03-31,1,2937245.0032367,4.29,quarter,verified,12609000,1000,Basic Earnings Per Ordinary Share (Rs.)  4.29  7.99  13.86  18.46,,not found,,,https://cdn.cse.lk/cmt/upload_report_file/741_1779764612566.pdf
52691,LPRT,2026-06-30,1,2937245.0032367,1.52,quarter,verified,4474000,1000,Basic Earnings Per Ordinary Share (Rs.)  1.52  4.46  0.82  3.80,368.33,verified,1081772000,357.85  309.75  Net Assets Per Share (Rs.)  368.33  362.31  317.05  313.55,https://cdn.cse.lk/cmt/upload_report_file/741_1786707392842.pdf
48408,LUMX,2025-06-30,1,271249997.3918269,-0.32,quarter,verified,-87543123,1,Earnings Per Share (Rs.)  (0.32)  (0.26)  (0.32)  (0.26),6.4,verified,1737203764,Net asset value per share (Rs.)  6.40  6.78  6.78  7.09,https://cdn.cse.lk/cmt/upload_report_file/2790_1753240232299.pdf
49212,LUMX,2025-09-30,1,271249997.3918269,-0.13,quarter,verified,-35332201,1,Earnings Per Share (Rs.)  (0.13)  (0.18)  (0.45)  (0.44),6.27,verified,1700902827,Net asset value per share (Rs.)  6.27  6.78  6.67  7.08,https://cdn.cse.lk/cmt/upload_report_file/2790_1762397430520.pdf
50047,LUMX,2025-12-31,1,271249997.3918269,0.08,quarter,verified,20601280,1,Earnings Per Share (Rs.)  0.08  (0.16)  (0.38)  (0.60),6.33,verified,1717955920,Net asset value per share (Rs.)  6.33  6.78  6.74  7.08,https://cdn.cse.lk/cmt/upload_report_file/2790_1770109488959.pdf
51458,LUMX,2026-03-31,1,271249997.3918269,0.31,quarter,verified,82838327,1,Earnings Per Share (Rs.)  0.31  0.11  (0.07)  (0.49),6.61,verified,1792744138,Net asset value per share (Rs.)  6.61  6.73  7.09  7.08,https://cdn.cse.lk/cmt/upload_report_file/2790_1780022149415.pdf
52379,LUMX,2026-06-30,1,271249997.3918269,-0.49,quarter,verified,-129512524,1,Earnings Per Share (Rs.)  (0.49)  (0.33)  (0.49)  (0.33),6.19,verified,1678619831,Net asset value per share (Rs.)  6.19  6.68  6.68  7.12,https://cdn.cse.lk/cmt/upload_report_file/2790_1786503376828.pdf
48613,LVEF,2025-06-30,1,698733741.0190828,0.49,quarter,verified,344993000,1000,Basic earnings per share (Rs.)  0.49  0.50  0.49  0.50,8.36,verified,5841849000,Net assets per share (Rs.)  8.36  7.77  8.37  7.78,https://cdn.cse.lk/cmt/upload_report_file/1707_1754996007578.pdf
49426,LVEF,2025-09-30,1,698733736.7659118,0.79,unknown,verified,552546000,1000,Basic earnings per share (Rs.)  0.79  0.69  0.79  0.69,8.79,verified,6144712000,Net assets per share (Rs.)  8.79  7.77  8.80  7.78,https://cdn.cse.lk/cmt/upload_report_file/1707_1763003640982.pdf
50234,LVEF,2025-12-31,1,698733745.6189215,0.79,unknown,verified,552542000,1000,Basic earnings per share (Rs.)  0.79  0.92  0.79  0.92,9.05,verified,6326066000,Net assets per share (Rs.)  9.05  7.77  9.06  7.78,https://cdn.cse.lk/cmt/upload_report_file/1707_1770805999815.12.2025..pdf
51627,LVEF,2026-03-31,1,698733745.6189215,0.59,unknown,verified,412023000,1000,Basic earnings per share (Rs.)  0.59  0.83  0.62  0.83,8.82,verified,6164731000,Net assets per share (Rs.)  8.82  7.77  9.00  7.78,https://cdn.cse.lk/cmt/upload_report_file/1707_1780054519509.03.2026..pdf
52519,LVEF,2026-06-30,1,766353138.7265143,0.11,unknown,verified,82376000,1000,Basic earnings per share (Rs.)  0.11  0.46  0.11  0.46,8.95,verified,6856095000,Net assets per share (Rs.)  8.95  8.39  8.98  8.43,https://cdn.cse.lk/cmt/upload_report_file/1707_1786620071086.pdf
48612,LVEN,2025-06-30,1,58324932.3043147,3.3,quarter,verified,192516000,1000,Basic earnings per share (Rs.)  3.30  3.57  3.30  3.57,58.3,verified,3400211000,Net assets per share (Rs.)  58.30  54.38  57.59  53.68,https://cdn.cse.lk/cmt/upload_report_file/377_1754995804688.pdf
49427,LVEN,2025-09-30,1,58324932.3043147,5.29,unknown,verified,308567000,1000,Basic earnings per share (Rs.)  5.29  4.65  5.29  4.65,59.81,verified,3488415000,Net assets per share (Rs.)  59.81  52.81  59.87  52.87,https://cdn.cse.lk/cmt/upload_report_file/377_1763003410429.pdf
50233,LVEN,2025-12-31,1,58324932.3043147,5.11,unknown,verified,297774000,1000,Basic earnings per share (Rs.)  5.11  6.22  5.11  6.22,61.62,verified,3593763000,Net assets per share (Rs.)  61.62  52.81  61.67  52.87,https://cdn.cse.lk/cmt/upload_report_file/377_1770805911514.12.2025...pdf
51624,LVEN,2026-03-31,1,58324932.3043147,3.98,unknown,verified,232167000,1000,Basic earnings per share (Rs.)  3.98  5.68  3.98  5.68,61.2,verified,3569259000,Net assets per share (Rs.)  61.20  52.81  61.25  52.87,https://cdn.cse.lk/cmt/upload_report_file/377_1780054632812.03.2026..pdf
52511,LVEN,2026-06-30,1,58324932.3043147,0.78,unknown,verified,45629000,1000,Basic earnings per share (Rs.)  0.78  3.09  0.78  3.09,61.97,verified,3614637000,Net assets per share (Rs.)  61.97  57.64  62.03  57.69,https://cdn.cse.lk/cmt/upload_report_file/377_1786619969054.pdf
48523,LWL,2025-06-30,1,272999999.0834072,,,not found,,,,,not found,,,https://cdn.cse.lk/cmt/upload_report_file/678_1754304532372.06.2025.pdf
49198,LWL,2025-09-30,1,273000000,,,not found,,,,,not found,,,https://cdn.cse.lk/cmt/upload_report_file/678_1762255129881.pdf
50010,LWL,2025-12-31,1,272999999.0834072,,,not found,,,,,not found,,,https://cdn.cse.lk/cmt/upload_report_file/678_1769766675786.12.2025%20%282%29.pdf
51471,LWL,2026-03-31,1,272999999.0834072,,,not found,,,,,not found,,,https://cdn.cse.lk/cmt/upload_report_file/678_1779995820700.03.2026%20Final.pdf
52253,LWL,2026-06-30,1,272999999.0834072,1.82,quarter,verified,496863000,1000,Basic Earning Per Share - Rs.  1.82  0.41,83,verified,22628071000,Net Assets Value Per Share (Rs.)  83  82  28  28,https://cdn.cse.lk/cmt/upload_report_file/678_1786015830338.pdf
48750,MADU,2025-06-30,2,169501098.133196,0.61,quarter,verified,103867000,1000,Basic earnings per share (Rs.)  0.61  0.90  (32)  0.35  1.45  (76),-0.43,verified,-72836000,Net Assets per share  (0.43)  (0.41),https://cdn.cse.lk/cmt/upload_report_file/721_1755255368357.pdf
49627,MADU,2025-09-30,2,169501098.133196,-0.15,quarter,verified,-25698000,1000,Basic earnings per share  (0.15)  0.65  (123)  0.92  2.11  (57),0.13,verified,22120000,Net Assets Per Share  0.13  (0.41),https://cdn.cse.lk/cmt/upload_report_file/721_1763111797347.pdf
50646,MADU,2025-12-31,2,169501097.79792193,-0.34,ytd,verified,-58274000,1000,Basic earnings per share  (0.34)  0.09  (488)  0.57  1.44  60,2.59,verified,439665000,Net Assets Per Share  2.59  (0.78),https://cdn.cse.lk/cmt/upload_report_file/721_1772184185672.pdf
51127,MADU,2026-03-31,2,169501096.96645463,-0.08,quarter,verified,-12784000,1000,Basic earnings/(loss) per share (Rs.)  (0.08)  (0.26)  71,3.47,verified,588100000,Net Assets per share  3.47  3.55,https://cdn.cse.lk/cmt/upload_report_file/721_1778838172683.pdf
52629,MADU,2026-06-30,2,169501096.96645463,-0.04,quarter,verified,-6330000,1000,Basic earnings per share (Rs.)  (0.04)  0.61  (106)  (0.11)  0.35  (132),3.72,verified,631338000,Net Assets per share  3.72  3.84,https://cdn.cse.lk/cmt/upload_report_file/721_1786700995406.pdf
48427,MAL,2025-06-30,2,223042991,,,not found,,,,28,verified,6253436000,Net assets per share  28  28.1  27.7,https://cdn.cse.lk/cmt/upload_report_file/722_1753435817618.pdf
49347,MAL,2025-09-30,2,223042992.26830813,0.6,quarter,verified,131930000,1000,Earnings per share  0.6  1.0  1.2  3  2.4,29,verified,6385366000,Net assets per share  29  29.1  27.7,https://cdn.cse.lk/cmt/upload_report_file/722_1762855234630.pdf
50602,MAL,2025-12-31,2,223042991,,,not found,,,,29,verified,6486713000,Net assets per share  29  27.7  27.7,https://cdn.cse.lk/cmt/upload_report_file/722_1772097907884.pdf
51069,MAL,2026-03-31,2,223042992.154745,-0.17,quarter,verified,-37575000,1000,Earnings per share  (0.17)  0.07  1.57,28.91,verified,6449138000,Net assets per share  28.91  27.82  29.08,https://cdn.cse.lk/cmt/upload_report_file/722_1778663963240.pdf
52391,MAL,2026-06-30,2,223042991,,,not found,,,,28,verified,6235710000,Net assets per share  28.0  26.8  27.60,https://cdn.cse.lk/cmt/upload_report_file/722_1786529946797.pdf
48697,MARA,2025-06-30,1,351923389.8041035,-0.06,quarter,verified,-20788000,1000,0.43 Loss Per Share  (0.06)  (0.07)  (0.06)  (0.07),,not found,,,https://cdn.cse.lk/cmt/upload_report_file/564_1755167357975.06.2025.pdf
49511,MARA,2025-09-30,1,351923389.8041035,-0.06,quarter,verified,-21886000,1000,0.43 Loss Per Share  (0.06)  (0.04)  (0.12)  (0.11),,not found,,,https://cdn.cse.lk/cmt/upload_report_file/564_1763032339048.09.2025%20to%20CSE.pdf
50273,MARA,2025-12-31,1,351923389.8041035,0.11,quarter,verified,39425000,1000,0.43 Loss Per Share  0.11  0.15  (0.01)  0.03,,not found,,,https://cdn.cse.lk/cmt/upload_report_file/564_1770890937530.12.2025%20to%20CSE.pdf
51214,MARA,2026-03-31,1,351923389.8041035,0.16,quarter,verified,54775000,1000,Loss Per Share  0.16  0.40  0.15  0.43,3.22,verified,1132677000,Net Assets per Share  3.22  3.16,https://cdn.cse.lk/cmt/upload_report_file/564_1779360649278.03.2026.pdf
52399,MARA,2026-06-30,1,351923389.8041035,-0.15,quarter,verified,-52343000,1000,0.15 Loss Per Share  (0.15)  (0.06)  (0.15)  (0.06),,not found,,,https://cdn.cse.lk/cmt/upload_report_file/564_1786527786015.06.2026.pdf
48566,MASK,2025-06-30,1,53953489.88340224,3.24,quarter,verified,175031000,1000,Basic Earnings Per Share  3.24  8.75  17.76,53.08,verified,2863602000,Net Assets Per Share  53.08  48.91  49.83,https://cdn.cse.lk/cmt/upload_report_file/723_1754564861840.pdf
49284,MASK,2025-09-30,1,53953489.88340224,3.22,quarter,verified,173475000,1000,Basic Earnings Per Share  3.22  6.22  6.46  14.97  17.76,56.29,verified,3037077000,Net Assets Per Share  56.29  49.83,https://cdn.cse.lk/cmt/upload_report_file/723_1762509699814.pdf
50393,MASK,2025-12-31,1,53953489.88340224,2.94,quarter,verified,158551000,1000,Basic Earnings Per Share  2.94  1.92  9.40  16.90  17.76,59.23,verified,3195628000,Net Assets Per Share  59.23  49.83,https://cdn.cse.lk/cmt/upload_report_file/723_1770975361724.pdf
51609,MASK,2026-03-31,1,53953489.88340224,2.8,quarter,verified,151015000,1000,Basic Earnings Per Share  2.80  0.87  12.20  17.76,55.01,verified,2967932000,Net Assets Per Share  55.01  49.83,https://cdn.cse.lk/cmt/upload_report_file/723_1780050215443.03.2026%20Quarterly%20Ac.pdf
52497,MASK,2026-06-30,1,53953489.88340224,2.87,quarter,verified,154618000,1000,Basic Earnings Per Share  2.87  3.24  12.20,57.87,verified,3122550000,Net Assets Per Share  57.87  55.01,https://cdn.cse.lk/cmt/upload_report_file/723_1786618662400.pdf
48632,MBSL,2025-06-30,2,524539639.9091048,0.23,quarter,verified,119420000,1000,Earnings per share:,7.54,verified,3957232000,Net assets value per share (LKR)  7.54  7.40  1.9  8.03  7.94  1.2,https://cdn.cse.lk/cmt/upload_report_file/380_1755078235984.06.2025.pdf
49634,MBSL,2025-09-30,2,524539639.9091048,0.25,quarter,verified,130584000,1000,Earnings per share:,7.81,verified,4097069000,Net assets value per share (LKR)  7.81  7.40  5.5  8.31  7.94  4.6,https://cdn.cse.lk/cmt/upload_report_file/380_1763118184972.09.2025.pdf
50647,MBSL,2025-12-31,2,524539639.9091048,0.15,quarter,verified,79632000,1000,Earnings per share:,7.89,verified,4139057000,Net assets value per share (LKR)  7.89  7.40  6.6  8.34  7.94  5.0,https://cdn.cse.lk/cmt/upload_report_file/380_1772190470022.12.2025.pdf
51156,MBSL,2026-03-31,2,524539639.9091048,0.08,quarter,verified,44000000,1000,Earnings per share:,7.97,verified,4178206000,Net assets value per share (LKR)  7.97  7.88  1.1  8.13  8.13  0.0,https://cdn.cse.lk/cmt/upload_report_file/380_1778843738373.03.2026.pdf
52746,MBSL,2026-06-30,2,524539639.9091048,-0.16,quarter,verified,-82863000,1000,Earnings per share:,7.81,verified,4095343000,Net assets value per share (LKR)  7.81  7.88  (0.9)  7.91  8.13  (2.7),https://cdn.cse.lk/cmt/upload_report_file/380_1786934627322.06.2026%20%281%29.pdf
48740,MCPL,2025-06-30,1,34996118.36207747,0.31,ytd,verified,10998043,1,4.01  Earnings per Share (Rs.)  - Basic  0.31  (0.55),,not found,,,https://cdn.cse.lk/cmt/upload_report_file/1907_1755248851836.06.2025.pdf
49497,MCPL,2025-09-30,1,34996118.36207747,1.12,ytd,verified,39053958,1,4.01  Earnings per Share (Rs.)  - Basic  1.12  (0.03)  0.80  0.52,,not found,,,https://cdn.cse.lk/cmt/upload_report_file/1907_1763024898089.09.2025.pdf
50327,MCPL,2025-12-31,1,34996118.36207747,2.06,ytd,verified,72231447,1,4.01  Earnings per Share (Rs.)  - Basic  2.06  1.34  0.95  1.37,,not found,,,https://cdn.cse.lk/cmt/upload_report_file/1907_1770973411887.12.2025%20-%20C9.pdf
51207,MCPL,2026-03-31,1,34996118.36207747,2.95,ytd,verified,103334203,1,Earnings per Share (Rs.)  - Basic  2.95  4.01  0.89  2.19,24.87,verified,853951864,Net Assets per Share (Rs.)  24.87  24.91,https://cdn.cse.lk/cmt/upload_report_file/1907_1779357979512.pdf
52591,MCPL,2026-06-30,1,34996118.36207747,-0.51,ytd,verified,-17701920,1,3.46  Earnings per Share (Rs.)  - Basic  (0.51)  0.31,,not found,,,https://cdn.cse.lk/cmt/upload_report_file/1907_1786699549824.06.2026%20-%20MCPL.pdf
48734,MDL,2025-06-30,1,36249999.71805555,-0.05,quarter,verified,-1905686,1,Earnings per Share  -0.05  -0.15,3.97,verified,143735287,Net Assets Value per Share (Rs.)  3.97  4.02,https://cdn.cse.lk/cmt/upload_report_file/2672_1755227651089.06.2025%20%281%29.pdf
49314,MDL,2025-09-30,1,36249999.8285473,,,not found,,,,,not found,,,https://cdn.cse.lk/cmt/upload_report_file/2672_1762772839737.09.2025.pdf
50095,MDL,2025-12-31,1,36249999.8285473,0.28,quarter,verified,10099000,1000,Earnings per Share  0.28  (0.11)  0.21  (0.42),4.23,verified,153261000,Net Assets Value per Share (Rs.)  4.23  4.02,https://cdn.cse.lk/cmt/upload_report_file/2672_1770368907431.pdf
51187,MDL,2026-03-31,1,36249999.8285473,0.05,quarter,verified,1866000,1000,Earnings per Share  0.05  (0.05)  0.25  (0.46),4.4,verified,159501000,Net Assets Value per Share (Rs.)  4.40  4.02,https://cdn.cse.lk/cmt/upload_report_file/2672_1779186352130.pdf
52207,MDL,2026-06-30,1,36249999.8285473,0.07,quarter,verified,2401000,1000,Earnings per Share  0.07  (0.05),4.25,verified,154094000,Net Assets Value per Share (Rs.)  4.25  4.18,https://cdn.cse.lk/cmt/upload_report_file/2672_1785841841822.pdf
48823,MEL,2025-06-30,1,100000000.00000001,,,not found,,,,,not found,,,https://cdn.cse.lk/cmt/upload_report_file/1161_1755657755721.pdf
49733,MEL,2025-09-30,1,100000000.00000001,,,not found,,,,,not found,,,https://cdn.cse.lk/cmt/upload_report_file/1161_1763608411550.09.2025.pdf
50541,MEL,2025-12-31,1,100000000.00000001,,,not found,,,,,not found,,,https://cdn.cse.lk/cmt/upload_report_file/1161_1771327659453.12.2025.pdf
51489,MEL,2026-03-31,1,100000000.00000001,0.01,ytd,verified,1084556,1,Earnings per Share - Basic - (Rs)  0.01  0.01  0.04  0.03,,not found,,,https://cdn.cse.lk/cmt/upload_report_file/1161_1780014260196.03.2026.pdf
52781,MEL,2026-06-30,1,100000000.00000001,,,not found,,,,,not found,,,https://cdn.cse.lk/cmt/upload_report_file/1161_1787051637550.06.2026.pdf
48756,MELS,2025-06-30,1,1165397071.6144967,4.49,quarter,verified,5237225000,1000,Earnings per Share (Rs.),123.97,verified,144474371000,Net Assets Value per Share  -  Group (Rs)  123.97  101.55  113.99,https://cdn.cse.lk/cmt/upload_report_file/1507_1755254880758.pdf
49605,MELS,2025-09-30,1,1165397071.6144967,7.95,ytd,verified,9269474000,1000,Earnings per Share (Rs.),129.39,verified,150790998000,Net Assets Value per Share  -  Group (Rs)  129.39  102.90  113.51,https://cdn.cse.lk/cmt/upload_report_file/1507_1763113070524.pdf
50360,MELS,2025-12-31,1,1165397071.6144967,11.92,ytd,verified,13891830000,1000,Earnings per Share (Rs.),131.99,verified,153818896000,Net Assets Value per Share  -  Group (Rs)  131.99  115.88  113.51,https://cdn.cse.lk/cmt/upload_report_file/1507_1770975740657.pdf
51610,MELS,2026-03-31,1,1165397080.4932122,17.22,ytd,verified,20073171000,1000,Earnings per Share (Rs.),135.4,verified,157794759000,Net Assets Value per Share  -  Group (Rs)  135.40  113.51,https://cdn.cse.lk/cmt/upload_report_file/1507_1780048352131.pdf
52573,MELS,2026-06-30,1,1165397080.4932122,4.61,quarter,verified,5368877000,1000,Earnings per Share (Rs.),142.92,verified,166555727000,Net Assets Value per Share  -  Group (Rs)  142.92  101.55  135.40,https://cdn.cse.lk/cmt/upload_report_file/1507_1786698642831.pdf
48470,MERC,2025-06-30,1,3005999.96791461,67.28,quarter,verified,202233000,1000,Basic/ Diluted Earnings per Share  67.28  45.07  49.27%,,not found,,,https://cdn.cse.lk/cmt/upload_report_file/1064_1753874167675.pdf
49589,MERC,2025-09-30,1,3005999.96791461,167.68,ytd,verified,504051000,1000,Basic/ Diluted Earnings per Share  167.68  124.62  100.40  79.55,,not found,,,https://cdn.cse.lk/cmt/upload_report_file/1064_1763111061754.pdf
50356,MERC,2025-12-31,1,601318109.0084153,1.28,ytd,verified,771894000,1000,Basic/ Diluted Earnings per Share  1.28  0.99  0.45  0.37,,not found,,,https://cdn.cse.lk/cmt/upload_report_file/1064_1770973918740.pdf
51575,MERC,2026-03-31,1,601318109.0084153,1.94,ytd,verified,1168066000,1000,Earnings per share,,not found,,,https://cdn.cse.lk/cmt/upload_report_file/1064_1780050315173.pdf
52310,MERC,2026-06-30,1,634600003.3263128,,,not found,,,,,not found,,,https://cdn.cse.lk/cmt/upload_report_file/1064_1786356283470.pdf
48660,MFPE,2025-06-30,1,125000000,0.11,quarter,verified,14272967,1,Earnings per Share  0.11  0.07  0.08  0.06,2.29,verified,285942856,Net Assets Per Share (Rs.)  2.29  2.17,https://cdn.cse.lk/cmt/upload_report_file/3178_1755140675658.pdf
49660,MFPE,2025-09-30,1,125000000,0.03,quarter,verified,3986155,1,Earnings per Share  0.03  0.07  0.15  0.13,2.26,verified,282810737,Net Assets Per Share (Rs.)  2.26  2.12,https://cdn.cse.lk/cmt/upload_report_file/3178_1763111886793.09.2025.pdf
50221,MFPE,2025-12-31,1,125000000,0.14,quarter,verified,17445133,1,Earnings per Share  0.14  0.12  0.29  0.25,2.3,verified,287755870,Net Assets Per Share (Rs.)  2.30  2.12,https://cdn.cse.lk/cmt/upload_report_file/3178_1770804522835.12.2025.pdf
51278,MFPE,2026-03-31,1,137499999.82256746,0.18,quarter,verified,24689047,1,Earnings per Share  0.18  0.16  0.44  0.40,3.09,verified,424944916,Net Assets Per Share (Rs.)  3.09  2.12,https://cdn.cse.lk/cmt/upload_report_file/3178_1779700917609.03.2026%20Signed.pdf
52527,MFPE,2026-06-30,1,137500000.95486113,0.18,quarter,verified,24176969,1,Earnings per Share  0.18  0.10,3.27,verified,449121885,Net Assets Per Share (Rs.)  3.27  3.09,https://cdn.cse.lk/cmt/upload_report_file/3178_1786621339550.06.2026%20%20signed.pdf
48497,MGT,2025-06-30,1,415481775.3609215,0.003,ytd,verified,1294755,1,0.017  Basic / Diluted Earnings per Share  0.003  0.006,28.33,verified,11772029000,Net assets per share  LKR  28.33  27.31,https://cdn.cse.lk/cmt/upload_report_file/403_1754046922052.pdf
49302,MGT,2025-09-30,1,415481775.3609215,0.004,ytd,verified,1744587,1,0.017  Basic / Diluted Earnings per Share  0.004  0.011  0.001  0.005,28.62,verified,11891753000,Net assets per share  LKR  28.62  27.31,https://cdn.cse.lk/cmt/upload_report_file/403_1762766938234.pdf
50180,MGT,2025-12-31,1,415481775.3609215,0.004,ytd,verified,1768948,1,0.017  Basic / Diluted Earnings per Share  0.004  0.013  0.000  0.002,29.33,verified,12187468000,Net assets per share  LKR  29.33  27.31,https://cdn.cse.lk/cmt/upload_report_file/403_1770716131396.pdf
51137,MGT,2026-03-31,1,415481775.3609215,0.005,ytd,verified,2077040,1,Basic / Diluted Earnings per Share  0.005  0.017  0.001  0.004,29.92,verified,12430351000,Net assets per share  LKR  29.92  27.31,https://cdn.cse.lk/cmt/upload_report_file/403_1778840563681.pdf
52203,MGT,2026-06-30,1,415481775.3609215,0.41,ytd,verified,168608000,1000,1.54  Basic / Diluted Earnings per Share  0.41  0.95,32.41,verified,13465966000,Net assets per share  LKR  32.41  29.92,https://cdn.cse.lk/cmt/upload_report_file/403_1785836980204.pdf
48729,MHDL,2025-06-30,1,134681317.92597672,0.1,quarter,verified,12874000,1000,Earnings per share  0.10  (0.16)  0.01,5.42,verified,729496000,Net Asset Per Share  5.42  4.58  5.45,https://cdn.cse.lk/cmt/upload_report_file/1304_1755226429729.pdf
49313,MHDL,2025-09-30,1,134681317.92597672,0.04,quarter,verified,5601000,1000,Earnings per share  0.04  (0.07)  0.14  (0.23),5.18,verified,697900000,Net Asset Per Share  5.18  4.27  5.17,https://cdn.cse.lk/cmt/upload_report_file/1304_1762765793797.pdf
50779,MHDL,2025-12-31,1,134681317.92597672,-0.06,quarter,verified,-8178000,1000,Earnings per share  (0.06)  0.01  (0.05)  (0.52),5.12,verified,689723000,Net Asset Per Share  5.12  4.29  5.17,https://cdn.cse.lk/cmt/upload_report_file/1304_1774264990420.pdf
51486,MHDL,2026-03-31,1,134681317.92597672,-0.14,quarter,verified,-18511000,1000,Earnings per share  (0.14)  1.16  (0.19)  0.36,4.98,verified,671212000,Net Asset Per Share  4.98  5.17,https://cdn.cse.lk/cmt/upload_report_file/1304_1779881835549.pdf
52332,MHDL,2026-06-30,1,134681317.92597672,0.11,quarter,verified,14558000,1000,Earnings per share  0.11  0.00  (0.19),5.09,verified,685770000,Net Asset Per Share  5.09  5.42  4.98,https://cdn.cse.lk/cmt/upload_report_file/1304_1786424768775.pdf
48554,MRH,2025-06-30,1,47066447.23527186,,,not found,,,,,not found,,,https://cdn.cse.lk/cmt/upload_report_file/563_1754534873135.06.2025%20-%20CSE-1.pdf
49418,MRH,2025-09-30,1,47066447.23527186,,,not found,,,,,not found,,,https://cdn.cse.lk/cmt/upload_report_file/563_1762966611533.09.2025%20Final.pdf
50405,MRH,2025-12-31,1,47066447.23527186,,,not found,,,,,not found,,,https://cdn.cse.lk/cmt/upload_report_file/563_1770977089931.12.2025%20new.pdf
51494,MRH,2026-03-31,1,47066447.23527186,,,not found,,,,,not found,,,https://cdn.cse.lk/cmt/upload_report_file/563_1779966296039.03.2026%20-Final.pdf
52137,MRH,2026-06-30,1,47066447.23527186,,,not found,,,,,not found,,,https://cdn.cse.lk/cmt/upload_report_file/563_1785235761688.06.2026%20-%20Final.pdf
48752,MSL,2025-06-30,1,2844989.99077938,0.1,quarter,verified,279853,1,Earnings per Share,,not found,,,https://cdn.cse.lk/cmt/upload_report_file/742_1755250964984.pdf
49618,MSL,2025-09-30,1,2844989.99077938,0.11,ytd,verified,308868,1,Earnings per Share,,not found,,,https://cdn.cse.lk/cmt/upload_report_file/742_1763112125100.09.2025.pdf
50325,MSL,2025-12-31,1,2844990.00271119,-0.06,ytd,verified,-172171,1,Basic/Diluted (Loss)/Earnings per Share  (0.06)  (0.44)  (0.17)  0.29,,not found,,,https://cdn.cse.lk/cmt/upload_report_file/742_1770973976364.12.25.pdf
51309,MSL,2026-03-31,1,2844990.04663417,-0.14,ytd,verified,-390635,1,Basic/Diluted (Loss)/Earnings per Share*  (0.14)  (0.37)  (0.08)  0.26,,not found,,,https://cdn.cse.lk/cmt/upload_report_file/742_1779786745130.03.2026.pdf
52681,MSL,2026-06-30,1,2844990,0.19,quarter,verified,547000,1000,Basrc/Diluted (Loss)/Earnings per Share*  0.19  0.10  0.19  010,137.22,verified,390396491,Net Asset Value Per share  Rs.  137.22  27.14,https://cdn.cse.lk/cmt/upload_report_file/742_1786705811192.06.2026.pdf
48657,MULL,2025-06-30,1,282999999.05737287,-0.1,unknown,verified,-28383000,1000,(Loss)/ Earnings Per Share (Rs.)  (0.10)  0.004,-0.32,verified,-91847000,Net asset value per share (Rs.)  (0.32)  (0.22)  0.73  0.75,https://cdn.cse.lk/cmt/upload_report_file/763_1755088043791.pdf
49187,MULL,2025-09-30,1,283000000.30824566,-0.002,quarter,verified,-640000,1000,Loss per share (Rs.)  (0.002)  (0.03)  (0.10)  (0.02),-0.33,verified,-92487000,Net asset value per share (Rs.)  (0.33)  (0.22)  0.71  0.75,https://cdn.cse.lk/cmt/upload_report_file/763_1762248633814.pdf
50044,MULL,2025-12-31,1,283000000,-0.13,quarter,verified,-35869000,1000,Loss per share (Rs.)  (0.13)  (0.12)  (0.23)  (0.15),-0.45,verified,-128365000,Net asset value per share (Rs.)  (0.45)  (0.22)  0.69  0.75,https://cdn.cse.lk/cmt/upload_report_file/763_1770114576063.pdf
51634,MULL,2026-03-31,1,282999999.10911,-0.02,ytd,verified,-6458000,1000,Loss Per Share (Rs.)  (0.02)  (0.15)  (0.25)  (0.30),-0.48,verified,-135406000,Net Asset Value Per Share (Rs.)  (0.48)  (0.22)  0.67  0.75,https://cdn.cse.lk/cmt/upload_report_file/763_1780050604772.03.2026.pdf
52223,MULL,2026-06-30,1,282999999.10911,-0.08,unknown,verified,-22178000,1000,Loss Per Share (Rs.)  (0.08)  (0.10),-0.56,verified,-157580000,Net Asset Value Per Share (Rs.)  (0.56)  (0.48)  0.65  0.67,https://cdn.cse.lk/cmt/upload_report_file/763_1785929167891.06.2026.pdf
48567,NAMU,2025-06-30,1,23750001.01133943,19.84,ytd,verified,471268000,1000,Basic Earnings per Share (Rs.)  19.84  14.30  64.26,464.27,verified,11026447000,NET ASSETS PER SHARE (RS.)  464.27  412.89  444.43,https://cdn.cse.lk/cmt/upload_report_file/725_1754566186824.pdf
49282,NAMU,2025-09-30,1,23750001.01133943,26.78,quarter,verified,635980000,1000,Basic Earnings per Share (Rs.)  26.78  18.86  46.62  33.17  64.26,491.05,verified,11662427000,NET ASSETS PER SHARE (RS.)  491.05  431.75  444.43,https://cdn.cse.lk/cmt/upload_report_file/725_1762509636369.pdf
50390,NAMU,2025-12-31,1,23750001.01133943,17.02,quarter,verified,404314000,1000,Basic Earnings per Share (Rs.)  17.02  16.83  63.64  50.00  64.26,508.49,verified,12076613000,NET ASSETS PER SHARE (RS.)  508.49  448.58  444.43,https://cdn.cse.lk/cmt/upload_report_file/725_1770975315829.pdf
51616,NAMU,2026-03-31,1,237499999.63224024,1.55,quarter,verified,367942000,1000,Basic Earnings per Share (Rs.)  1.55  1.43  7.91  6.43,50.35,verified,11957845000,NET ASSETS PER SHARE (RS.)  50.35  44.44,https://cdn.cse.lk/cmt/upload_report_file/725_1780050175925.pdf
52501,NAMU,2026-06-30,1,237499999.63224024,2.12,ytd,verified,504433000,1000,Basic Earnings per Share (Rs.)  2.12  1.98  7.91,52.18,verified,12391588000,NET ASSETS PER SHARE (RS.)  52.18  464.27  50.35,https://cdn.cse.lk/cmt/upload_report_file/725_1786618707218.pdf
48689,NDB,2025-06-30,2,426750051.57352537,9.93,quarter,verified,4224884000,1000,Basic earnings per share (in LKR)  9.93  7.55  32  5.41  5.86  10.55  8.11  30  5.75  6.14,186.81,verified,79718214000,on average assets was 2.0% (2024: 3.1%). Net asset value per share was LKR 186.81 (2024:,https://cdn.cse.lk/cmt/upload_report_file/386_1755168469688..pdf
49174,NDB,2025-09-30,2,426943500.9877337,17.63,quarter,verified,7507735000,1000,Basic earnings per share (in LKR)  17.63  10.68  65  7.71  3.13  19.03  11.62  64  8.49  3.48,,not found,,,https://cdn.cse.lk/cmt/upload_report_file/386_1762246962939.pdf
50595,NDB,2025-12-31,2,426943500.9877337,25.9,quarter,verified,11039840000,1000,Basic earnings per share (in LKR)  25.90  21.25  22  8.29  10.57  27.83  23.05  21  8.82  11.48,201.51,verified,86020857000,23.05). Net asset value per share was LKR 201.51 (2024: LKR 186.91) and compared with a,https://cdn.cse.lk/cmt/upload_report_file/386_1772014495130.pdf
50989,NDB,2026-03-31,2,426943500.9877337,4.06,quarter,verified,1754881000,1000,Basic earnings per share (in LKR)  4.06  0.09  3.71  0.35,183.78,verified,78455153000,LKR 21.75 (FY 2025-restated: LKR 15.55). Net asset value per share was LKR 183.78 (FY 2025-restated:,https://cdn.cse.lk/cmt/upload_report_file/386_1777545810618.pdf
52054,NDB,2026-06-30,2,432197855.6304158,11.19,quarter,verified,4834272000,1000,Basic earnings per share (in LKR)  11.19  4.46  6.97  4.37  11.21  5.07  7.35  4.71,,not found,,,https://cdn.cse.lk/cmt/upload_report_file/386_1784717094209.pdf
48635,NEH,2025-06-30,1,2186040.01829624,52.14,unknown,verified,113984000,1000,Basic Earnings per Share  52.14  52.00  333.25,,not found,,,https://cdn.cse.lk/cmt/upload_report_file/566_1755084950206.pdf
49613,NEH,2025-09-30,1,2186040.01829624,146.44,ytd,verified,320129000,1000,Basic Earnings per Share  146.44  112.55  30%  333.25  94.30  60.54  56%,,not found,,,https://cdn.cse.lk/cmt/upload_report_file/566_1763117445451.pdf
50181,NEH,2025-12-31,1,2186040.01829624,212.06,ytd,verified,463581000,1000,Basic Earnings per Share  212.06  172.88  23%  333.25  65.62  60.33  9%,,not found,,,https://cdn.cse.lk/cmt/upload_report_file/566_1770723032512.pdf
51281,NEH,2026-03-31,1,2186040.01829624,348.18,quarter,verified,761132000,1000,Basic Earnings per Share  348.18  333.25  4%  136.11  160.37  -15%,,not found,,,https://cdn.cse.lk/cmt/upload_report_file/566_1779703974943.pdf
52375,NEH,2026-06-30,1,2186040.01829624,90.04,quarter,verified,196823000,1000,Basic Earnings per Share  90.04  52.14  73%  348.44,,not found,,,https://cdn.cse.lk/cmt/upload_report_file/566_1786502157273.pdf
48741,NHL,2025-06-30,1,1409505611.9949996,0.52,quarter,verified,734739000,1000,Earnings/(Loss) Per Share  0.52  0.09  0.11  0.07,4.51,verified,6363278000,Net Asset Per Share  4.51  3.79  1.71  1.12  3.99  1.60,https://cdn.cse.lk/cmt/upload_report_file/980_1755249484999.06.2025_F.pdf
49098,NHL,2025-09-30,1,1409505611.9949996,0.21,quarter,verified,294240000,1000,Earnings/(Loss) Per Share  0.21  0.16  0.73  0.25  0.21  0.15  0.32  0.22,4.22,verified,5941843000,Net Asset Per Share  4.22  3.50  1.67  1.14  3.49  1.35,https://cdn.cse.lk/cmt/upload_report_file/980_1761730740812.09.2025.pdf
50433,NHL,2025-12-31,1,1409505611.9949996,0.1,quarter,verified,139647000,1000,Earnings/(Loss) Per Share  0.10  (0.10)  0.83  0.15  0.15  0.01  0.48  0.23,4.31,verified,6081490000,Net Asset Per Share  4.31  3.40  1.82  1.15  3.49  1.35,https://cdn.cse.lk/cmt/upload_report_file/980_1770979244144.12.2025%20V20%28F%29.pdf
51628,NHL,2026-03-31,1,1409505611.9949996,0.1,quarter,verified,142912000,1000,Earnings/(Loss) Per Share  0.10  0.10  0.93  0.04  0.25  0.12  0.73  0.43,4.42,verified,6224402000,Net Asset value per share (Rs) - Group  4.42  4.31,https://cdn.cse.lk/cmt/upload_report_file/980_1780049536991.03.2026%20V19%28F%29%20%28signed%29.pdf
52688,NHL,2026-06-30,1,1409505611.9949996,0.05,quarter,verified,71064000,1000,Earnings/(Loss) Per Share  0.05  0.52  0.24  0.11,4.3,verified,6064428000,Net Asset value per share (Rs) - Group  4.30  4.31,https://cdn.cse.lk/cmt/upload_report_file/980_1786705641810.06.2026%20v16_F2%20%28Submitted%29.pdf
48625,NTB,2025-06-30,2,330637478.78744435,25.98,ytd,verified,8590451000,1000,Earnings per share on profit,258.52,verified,85477778000,Net Assets Value Per Share (LKR)  258.52  232.54  266.97  240.37,https://cdn.cse.lk/cmt/upload_report_file/387_1755075865225.pdf
49574,NTB,2025-09-30,2,330637478.78744435,44.21,ytd,verified,14616785000,1000,Earnings per share on profit,273.63,verified,90471883000,Net Assets Value Per Share (LKR)  273.63  232.54  282.35  240.37,https://cdn.cse.lk/cmt/upload_report_file/387_1763111121095.pdf
50579,NTB,2025-12-31,2,330637478.78744435,56.62,ytd,verified,18879772000,1000,Earnings per share on profit,283.97,verified,93892076000,Net Assets Value Per Share (LKR)  283.97  235.70  293.12  243.65,https://cdn.cse.lk/cmt/upload_report_file/387_1771837565085.pdf
51099,NTB,2026-03-31,2,333426759.1354041,13.42,quarter,verified,4474439000,1000,Earnings per share on profit,286.02,verified,95365862000,Net Assets Value Per Share (LKR)  286.02  283.97  295.38  293.12,https://cdn.cse.lk/cmt/upload_report_file/387_1778755018419.pdf
52434,NTB,2026-06-30,2,333426766,51.49,unknown,verified,17166738000,1000,Basic Earning Per Share (LKR)  51.49  25.76  100  38.07  13.82  175  46.67  26.37  77  32.95  14.12  133,,not found,,,https://cdn.cse.lk/cmt/upload_report_file/387_1786611868010.pdf
48611,ODEL,2025-06-30,1,538369934.4533911,-1.88,quarter,verified,-1012883742,1,Earning per share,,not found,,,https://cdn.cse.lk/cmt/upload_report_file/960_1754994310467.pdf
49702,ODEL,2025-09-30,1,538369934.4533911,-1.18,quarter,verified,-633095883,1,Earning per share,,not found,,,https://cdn.cse.lk/cmt/upload_report_file/960_1763219568877.pdf
50281,ODEL,2025-12-31,1,538369934.4533911,-0.71,quarter,verified,-382726924,1,Earning per share,,not found,,,https://cdn.cse.lk/cmt/upload_report_file/960_1770889493823.pdf
51493,ODEL,2026-03-31,1,538369934.4533911,-1.56,quarter,verified,-838498314,1,Earning per share,,not found,,,https://cdn.cse.lk/cmt/upload_report_file/960_1780021054476.pdf
52552,ODEL,2026-06-30,1,538369934.4533911,-1.32,quarter,verified,-710082052,1,Earning per share,,not found,,,https://cdn.cse.lk/cmt/upload_report_file/960_1786623949605.2_sgd.pdf
48760,OFEQ,2025-06-30,1,833560,,,not found,,,,35.69,verified,29747252,Net Asset Value Per Share  35.69  54.13  37.24  25.90  46.23  27.03,https://cdn.cse.lk/cmt/upload_report_file/769_1755252340856.06.2025.pdf
49580,OFEQ,2025-09-30,1,833560,,,not found,,,,30.86,verified,25721412,Net Asset Value Per Share  30.86  51.64  37.24  19.34  39.91  27.03,https://cdn.cse.lk/cmt/upload_report_file/769_1763113668779.09.2025%20%20%281%29.pdf
50345,OFEQ,2025-12-31,1,833560,,,not found,,,,23.44,verified,19536033,Net Asset Value Per Share  23.44  44.51  37.24  12.50  33.31  27.03,https://cdn.cse.lk/cmt/upload_report_file/769_1770975073176.12.2025.pdf
51476,OFEQ,2026-03-31,1,833560,,,not found,,,,17.22,verified,14353502,Net Asset Value Per Share  17.22  37.24  5.40  27.03,https://cdn.cse.lk/cmt/upload_report_file/769_1779966554218.03.2026%20%281%29.pdf
52525,OFEQ,2026-06-30,1,833560,,,not found,,,,20.92,verified,17435882,Net Asset Value Per Share  20.92  35.69  18.89  8.45  25.90  5.29,https://cdn.cse.lk/cmt/upload_report_file/769_1786620451775.06.2026.pdf
48420,ONAL,2025-06-30,1,93003087.71780609,0.41,quarter,verified,37708000,1000,Earnings per share  0.41  0.54,,not found,,,https://cdn.cse.lk/cmt/upload_report_file/627_1753325712449.pdf
49099,ONAL,2025-09-30,1,93003087.71780609,0.39,quarter,verified,36937000,1000,Earnings per share  0.39  0.59  0.78  1.12,,not found,,,https://cdn.cse.lk/cmt/upload_report_file/627_1761730405813.09.2025%20uploaded%20to%20CSE.pdf
50125,ONAL,2025-12-31,1,93003087.71780609,1.04,quarter,verified,97851000,1000,Earnings per share  1.04  0.57  1.71  1.70,,not found,,,https://cdn.cse.lk/cmt/upload_report_file/627_1770634242589.12.2025.pdf
51004,ONAL,2026-03-31,1,93003087.71780609,11.31,quarter,verified,1046428000,1000,Earnings per share  11.31  4.18  13.02  5.85,,not found,,,https://cdn.cse.lk/cmt/upload_report_file/627_1777978964349.pdf
52400,ONAL,2026-06-30,1,93003087.71780609,0.63,quarter,verified,58843000,1000,Earnings per share  0.63  0.41,,not found,,,https://cdn.cse.lk/cmt/upload_report_file/627_1786531528837.06.2026.pdf
48415,OSEA,2025-06-30,2,1243029582,,,not found,,,,35.82,verified,44521697000,Net Asset Value Per Share (Rs)  35.82  36.08  49.57  47.32,https://cdn.cse.lk/cmt/upload_report_file/628_1753324998539.pdf
49080,OSEA,2025-09-30,2,1243029582,,,not found,,,,36.19,verified,44988071000,Net Asset Value Per Share (Rs)  36.19  36.08  51.17  47.32,https://cdn.cse.lk/cmt/upload_report_file/628_1761124511728.pdf
50582,OSEA,2025-12-31,2,1243029582,,,not found,,,,37.22,verified,46263791000,Net Asset Value Per Share (Rs)  37.22  36.08  52.96  47.32,https://cdn.cse.lk/cmt/upload_report_file/628_1771924341147.pdf
50967,OSEA,2026-03-31,2,1243029582,,,not found,,,,37.67,verified,46820309000,Net Asset Value Per Share (Rs)  37.67  37.22  54.43  52.96,https://cdn.cse.lk/cmt/upload_report_file/628_1777456531780.03.2026%20-%20CSE%20UPLOAD.pdf
52052,OSEA,2026-06-30,2,1243029582,,,not found,,,,36.98,verified,45971290000,Net Asset Value Per Share (Rs)  36.98  37.22  54.67  52.96,https://cdn.cse.lk/cmt/upload_report_file/628_1784711385992.pdf
48477,PABC,2025-06-30,2,442561635.29715353,4.86,ytd,verified,2151911000,1000,Earnings Per Share - Basic/Diluted (Rs.)  4.86  2.32  110  2.56  1.50  71,64.46,verified,28528793000,Net Assets Value per Share (Rs.)  64.46  60.51  7,https://cdn.cse.lk/cmt/upload_report_file/388_1753955485068.pdf
49086,PABC,2025-09-30,2,442561629,6.83,ytd,verified,3024417000,1000,Earnings Per Share - Basic/Diluted (Rs.)  6.83  5.01  36  1.97  2.69  (27),66.36,verified,29367789000,Net Assets Value per Share (Rs.)  66.36  60.51  10,https://cdn.cse.lk/cmt/upload_report_file/388_1761557951144.pdf
50539,PABC,2025-12-31,2,442561635.29715353,9.05,ytd,verified,4005578000,1000,Earnings Per Share - Basic/Diluted (Rs.)  9.05  9.34  (3)  2.22  4.33  (49),68.67,verified,30390170000,Net Asset Value Per Share (Rs.)  68.67  60.51  13,https://cdn.cse.lk/cmt/upload_report_file/388_1771296738916.pdf
51086,PABC,2026-03-31,2,442561635.29715353,2.37,quarter,verified,1050181000,1000,Earnings Per Share - Basic/Diluted (Rs.)  2.37  2.30  3,69.74,verified,30864946000,Net Assets Value Per Share (Rs.)  69.74  68.67  2,https://cdn.cse.lk/cmt/upload_report_file/388_1778728597949.pdf
52466,PABC,2026-06-30,2,442561635.29715353,5.65,ytd,verified,2502057000,1000,Earnings Per Share - Basic/Diluted (Rs.)  5.65  4.86  16  3.28  2.56  28,72.09,verified,31905299000,Net Assets Value Per Share (Rs.)  72.09  68.67  5,https://cdn.cse.lk/cmt/upload_report_file/388_1786615791129.pdf
48708,PACK,2025-06-30,1,333333334.35865885,0.1,quarter,verified,34927000,1000,Earnings per share  0.10  0.38  -72%  0.10  0.38  -72%,10.4,verified,3467497000,Net assets per share  10.40  10.30  8.76  8.66,https://cdn.cse.lk/cmt/upload_report_file/2511_1755170508664.pdf
49632,PACK,2025-09-30,1,333333334.35865885,0.1,quarter,verified,33325000,1000,Earnings per share  0.10  0.41  -75%  0.20  0.78  -74%,10.4,verified,3467489000,Net assets per share  10.40  10.29  8.83  8.66,https://cdn.cse.lk/cmt/upload_report_file/2511_1763111738802.pdf
50027,PACK,2025-12-31,1,333333334.35865885,0.66,quarter,verified,219243000,1000,Earnings per share  0.66  0.38  74%  0.86  1.16  -26%,11.06,verified,3686733000,Net assets per share  11.06  10.29  9.60  8.66,https://cdn.cse.lk/cmt/upload_report_file/2511_1770024224168.pdf
51526,PACK,2026-03-31,1,333333334.35865885,-0.02,quarter,verified,-6467000,1000,Earnings per share  (0.02)  0.20  - 110%  0.84  1.36  - 38%,12.08,verified,4027612000,Net assets per share  12.08  10.29  10.97  8.66,https://cdn.cse.lk/cmt/upload_report_file/2511_1780046290839.pdf
52528,PACK,2026-06-30,1,333333334.35865885,-0.03,quarter,verified,-10277000,1000,Earnings per share  (0.03)  0.10  - 129%  (0.03)  0.10  - 129%,12.05,verified,4017334000,Net assets per share  12.05  12.08  10.97  10.97,https://cdn.cse.lk/cmt/upload_report_file/2511_1786622226497.pdf
48789,PALM,2025-06-30,1,475937000.6674229,-1.91,quarter,verified,-907113000,1000,Earnings/(loss) per share based on PAT (Rs.)  (1.91)  (2.64)  (0.16)  0.35,39.2,verified,18657296000,Net Assets per Share (Rs)  39.20  40.84  40.70  40.86,https://cdn.cse.lk/cmt/upload_report_file/529_1755484649612.pdf
49689,PALM,2025-09-30,1,475937000.6674229,-1.13,quarter,verified,-537169000,1000,Earnings/(loss) per share (Rs.)  (1.13)  (0.36)  (3.03)  (3.00)  (0.17)  0.34  (0.33)  0.68,38.26,verified,18207557000,Net Assets per Share (Rs)  38.26  40.84  32.73  40.53  40.86  37.50,https://cdn.cse.lk/cmt/upload_report_file/529_1763128605331.pdf
50492,PALM,2025-12-31,1,475937000.6674229,-1.74,quarter,verified,-828054000,1000,Earnings/(loss) per share from continuing operations (Rs.)  (1.74)  (2.62)  (3.42)  (3.31)  (0.17)  0.36  (0.50)  1.04,29.3,verified,13943203000,Net assets per share (Rs)  29.30  40.84  28.85  40.36  40.86  37.86,https://cdn.cse.lk/cmt/upload_report_file/529_1770984030499.pdf
51682,PALM,2026-03-31,1,475937000.6674229,-1.07,quarter,verified,-511537000,1000,Earnings/(loss) per share from continuing operations (Rs.)  (1.07)  (0.90)  (4.49)  (4.21)  (0.16)  3.00  (0.66)  4.04,31.06,verified,14781040000,Net assets per share (Rs)  31.06  40.84  40.20  40.86,https://cdn.cse.lk/cmt/upload_report_file/529_1780073911371.pdf
52711,PALM,2026-06-30,1,475937000.6674229,-2.01,quarter,verified,-958043000,1000,Loss per share (Rs.)  (2.01)  (1.91)  (0.18)  (0.16),28.95,verified,13778801000,Net assets per share (Rs)  28.95  31.06  39.20  35.82  36.00  40.70,https://cdn.cse.lk/cmt/upload_report_file/529_1786710899817.pdf
52355,PAP,2026-06-30,1,625000000,0.14,quarter,verified,87173714,1,Basic earnings/(loss) per share  0.14  0.10  (0.01)  0.00,3.61,verified,2254148208,Net asset per share  3.61  3.47  2.40  2.41,https://cdn.cse.lk/cmt/upload_report_file/1040_1786442603758.pdf
48758,PARA,2025-06-30,1,1000280,,,not found,,,,3.21,verified,3208848,Net asset value per share  3.21  5.68  3.75,https://cdn.cse.lk/cmt/upload_report_file/743_1755252145672.06.2025.pdf
49592,PARA,2025-09-30,1,1000280,,,not found,,,,2.86,verified,2860387,Net asset value per share  2.86  4.31  3.75,https://cdn.cse.lk/cmt/upload_report_file/743_1763113615239.09.2025%20%20%281%29.pdf
50351,PARA,2025-12-31,1,1000280,,,not found,,,,2.02,verified,2024599,Net asset value per share  2.02  3.87  3.75,https://cdn.cse.lk/cmt/upload_report_file/743_1770975021298.12.2025%20.pdf
51468,PARA,2026-03-31,1,1000280,,,not found,,,,1.83,verified,1829942,Net asset value per share  1.83  3.75,https://cdn.cse.lk/cmt/upload_report_file/743_1779966450545.03.2026%20.pdf
52522,PARA,2026-06-30,1,1000280,,,not found,,,,0.69,verified,685375,Net asset value per share  0.69  3.21  1.51,https://cdn.cse.lk/cmt/upload_report_file/743_1786620389883.06.2026.pdf
48522,PARQ,2025-06-30,1,136860000.55684572,1.08,quarter,verified,147378000,1000,Basic earnings per share (Rs.)  1.08  0.58  84.5  0.74  0.42  75.9,23.89,verified,3270017000,Net asset value per share ( Rs.)  23.89  23.17  18.34  17.95,https://cdn.cse.lk/cmt/upload_report_file/679_1754304304065.pdf
49185,PARQ,2025-09-30,1,136860000.55684572,1.76,quarter,verified,241257000,1000,Basic earnings per share (Rs.)  1.76  1.63  2.84  2.21  28.2  1.01  0.65  1.75  1.07  63.0,25.66,verified,3511273000,Net asset value per share ( Rs.)  25.66  23.17  19.35  17.95,https://cdn.cse.lk/cmt/upload_report_file/679_1762251002019.pdf
49997,PARQ,2025-12-31,1,136860000.55684572,2.09,quarter,verified,285944000,1000,Basic earnings per share (Rs.)  2.09  1.77  4.93  3.98  23.8  1.27  0.89  3.02  1.96  54.1,27.75,verified,3797217000,Net asset value per share ( Rs.)  27.75  23.17  20.62  17.95,https://cdn.cse.lk/cmt/upload_report_file/679_1769691409820.12.2026.pdf
51449,PARQ,2026-03-31,1,136860000.55684572,2.39,quarter,verified,323311000,1000,Basic earnings per share (Rs.)  2.39  2.34  7.32  6.32  15.8  1.17  1.01  4.19  2.96  41.3,28.41,verified,3887864000,Net asset value per share ( Rs.)  28.41  23.17  20.04  17.95,https://cdn.cse.lk/cmt/upload_report_file/679_1779959984303.pdf
52247,PARQ,2026-06-30,1,136860000.55684572,1.61,quarter,verified,220531000,1000,Basic earnings per share (Rs.)  1.61  1.08  49.6  0.96  0.74  30.0,29.61,verified,4052918000,Net asset value per share ( Rs.)  29.61  28.40  20.60  20.04,https://cdn.cse.lk/cmt/upload_report_file/679_1786008746638.6.2026.pdf
48715,PEG,2025-06-30,1,84420940,,,not found,,,,,not found,,,https://cdn.cse.lk/cmt/upload_report_file/567_1755170890539..pdf
49636,PEG,2025-09-30,1,84420940,,,not found,,,,,not found,,,https://cdn.cse.lk/cmt/upload_report_file/567_1763114964776.pdf
50388,PEG,2025-12-31,1,84420940,,,not found,,,,,not found,,,https://cdn.cse.lk/cmt/upload_report_file/567_1770975635127.pdf
51623,PEG,2026-03-31,1,84420940,,,not found,,,,,not found,,,https://cdn.cse.lk/cmt/upload_report_file/567_1780049309823..pdf
52605,PEG,2026-06-30,1,84420940,,,not found,,,,,not found,,,https://cdn.cse.lk/cmt/upload_report_file/567_1786699262880.pdf
48647,PHAR,2025-06-30,1,25457140.03350252,2.65,quarter,verified,67545000,1000,Earnings per share,108.7,verified,2767302000,Net Assets Per Share (Rs.)  108.70  106.05  102.88  100.64,https://cdn.cse.lk/cmt/upload_report_file/744_1755083136133.pdf
49127,PHAR,2025-09-30,1,25457140.03350252,9.94,quarter,verified,252950000,1000,Earnings/(Loss) per share,118.64,verified,3020252000,Net Assets Per Share (Rs.)  118.64  106.05  112.42  100.64,https://cdn.cse.lk/cmt/upload_report_file/744_1761907041143.pdf
49946,PHAR,2025-12-31,1,25457140.03350252,-3.21,quarter,verified,-81779000,1000,Earnings/(Loss) per share,115.43,verified,2938473000,Net Assets Per Share (Rs.)  115.43  106.05  108.81  100.64,https://cdn.cse.lk/cmt/upload_report_file/744_1769476658920.pdf
51185,PHAR,2026-03-31,1,25457140.03350252,7.73,quarter,verified,196832000,1000,Earnings/(Loss) per share,123.16,verified,3135429000,Net Assets Per Share (Rs.)  123.16  106.05  114.68  100.64,https://cdn.cse.lk/cmt/upload_report_file/744_1779184382005.pdf
52209,PHAR,2026-06-30,1,25457140.03350252,-1.03,quarter,verified,-26195000,1000,Earnings/(Loss) per share,122.11,verified,3108594000,Net Assets Per Share (Rs.)  122.11  123.14  113.24  114.66,https://cdn.cse.lk/cmt/upload_report_file/744_1785843841492.pdf
48588,PINS,2025-06-30,2,203632477.33333334,1.09,ytd,verified,221584652,1,Basic earnings per share (Rs.)  1.09  1.44  0.44  0.87,28.69,verified,5841830000,Net asset value per share  28.69  27.13,https://cdn.cse.lk/cmt/upload_report_file/1465_1754910546554.pdf
49518,PINS,2025-09-30,2,203632477.33333334,1.59,ytd,verified,324641571,1,Basic earnings per share (Rs.)  1.59  1.96  0.51  0.52,29.19,verified,5944890000,Net asset value per share  29.19  27.61,https://cdn.cse.lk/cmt/upload_report_file/1465_1763033717837.pdf
50583,PINS,2025-12-31,2,203632477.33333334,1.74,ytd,verified,355248159,1,Basic earnings per share (Rs.)  1.74  2.11  0.15  0.15,29.32,verified,5970130000,Net asset value per share  29.32  27.69,https://cdn.cse.lk/cmt/upload_report_file/1465_1771923853880.pdf
51139,PINS,2026-03-31,2,203632478,0.77,quarter,verified,156398941,1,Basic earnings per share (Rs.)  0.77  0.65,30.09,verified,6126530000,Net asset value per share  30.09  28.29,https://cdn.cse.lk/cmt/upload_report_file/1465_1778840843710.pdf
52457,PINS,2026-06-30,2,203632478,1.75,ytd,verified,357275435,1,Basic earnings per share (Rs.)  1.75  1.09  0.99  0.44,31.08,verified,6328770000,Net asset value per share  31.08  28.69,https://cdn.cse.lk/cmt/upload_report_file/1465_1786614115368.pdf
48449,PKME,2025-06-30,1,333822940.3124583,1.31,quarter,verified,436515000,1000,Basic/Diluted Earning Per Share(EPS)  1.31  0.67,9.07,verified,3022516000,Net Asset Per Share  9.07  7.76  9.07  7.76,https://cdn.cse.lk/cmt/upload_report_file/3218_1753782696641.pdf
49103,PKME,2025-09-30,1,333822940.3124583,1.54,quarter,verified,513910000,1000,Basic Earnings Per Share  1.54  0.84  2.85  1.51,9.31,verified,3103106000,Net Asset Per Share  9.31  7.76  9.30  7.75,https://cdn.cse.lk/cmt/upload_report_file/3218_1761732598932.pdf
49978,PKME,2025-12-31,1,333822940.3124583,1.67,quarter,verified,555244000,1000,Basic Earnings Per Share  1.67  0.88  4.52  2.39,9.28,verified,3091701000,Net Asset Per Share  9.28  7.76  9.27  7.75,https://cdn.cse.lk/cmt/upload_report_file/3218_1769593737689.pdf
51316,PKME,2026-03-31,1,333822940.3124583,2.09,quarter,verified,698077000,1000,Basic Earnings Per Share  2.09  1.13  6.61  3.51,11.49,verified,3829348000,Net Asset Per Share  11.49  7.76  11.49  7.75,https://cdn.cse.lk/cmt/upload_report_file/3218_1779788505852.pdf
52136,PKME,2026-06-30,1,333822940.3124583,1.89,quarter,verified,630788000,1000,Basic Earnings Per Share  1.89  1.31,13.41,verified,4470031000,Net Asset Per Share  13.41  11.49  13.41  11.49,https://cdn.cse.lk/cmt/upload_report_file/3218_1785237350161.pdf
48712,PLC,2025-06-30,1,2154375768.7250104,0.44,quarter,verified,947000000,1000000,Basic/Diluted earnings per ordinary share (Rs.)  0.44  0.31  40.3  0.55  0.38  45.4,20.18,verified,43481000000,Net assets value per ordinary share (Rs.)  20.18  19.69  2.5  22.72  22.10  2.8,https://cdn.cse.lk/cmt/upload_report_file/1103_1755170903066.pdf
49130,PLC,2025-09-30,1,2154375768.7250104,1.2,quarter,verified,2577000000,1000000,Basic/Diluted earnings per ordinary share (Rs.)  1.20  0.86  39.5  0.65  0.49  32.7,20.66,verified,44511000000,Net assets value per ordinary share (Rs.)  20.66  19.69  4.9  23.27  22.10  5.3,https://cdn.cse.lk/cmt/upload_report_file/1103_1761910991276.pdf
50116,PLC,2025-12-31,1,2209867262.79823,1.83,quarter,verified,4048000000,1000000,Basic/Diluted earnings per ordinary share (Rs.)  1.83  1.28  43.0  0.66  0.44  50.0,20.76,verified,45885000000,Net assets value per ordinary share (Rs.)  20.76  19.69  5.4  23.37  22.10  5.7,https://cdn.cse.lk/cmt/upload_report_file/1103_1770628594496.pdf
51662,PLC,2026-03-31,1,2209867262.79823,2.6,ytd,verified,5745000000,1000000,Basic/Diluted earnings per ordinary share (Rs.)  2.60  1.81  43.6  0.77  0.53  45.3,21.46,verified,47416000000,Net assets value per ordinary share (Rs.)  21.46  19.69  9.0  24.15  22.10  9.3,https://cdn.cse.lk/cmt/upload_report_file/1103_1780060240820.pdf
52331,PLC,2026-06-30,1,2209867262.79823,0.55,quarter,verified,1219000000,1000000,Basic/Diluted earnings per ordinary share (Rs.)  0.55  0.44  25.5  0.60  0.55  10.3,21.96,verified,48521000000,Net assets value per ordinary share (Rs.)  21.96  21.51  2.1  24.70  24.20  2.1,https://cdn.cse.lk/cmt/upload_report_file/1103_1786413386791.pdf
48557,PLR,2025-06-30,1,937499997.6562499,0.43,quarter,verified,400484661,1,Earnings per share  0.43  0.37  15%,,not found,,,https://cdn.cse.lk/cmt/upload_report_file/2279_1754557653616.pdf
49228,PLR,2025-09-30,1,937500005.8219484,,,not found,,,,,not found,,,https://cdn.cse.lk/cmt/upload_report_file/2279_1762420930652.pdf
50264,PLR,2025-12-31,1,937500005.8219484,0.6,quarter,verified,562283690,1,Earnings per share  0.60  0.25  144%  1.60  0.95  68%,,not found,,,https://cdn.cse.lk/cmt/upload_report_file/2279_1770888810949.pdf
52260,PLR,2026-06-30,1,937500005.8219484,0.71,quarter,verified,661596374,1,Earnings per share  0.71  0.43  65%,,not found,,,https://cdn.cse.lk/cmt/upload_report_file/2279_1786093519999.pdf
48737,PMB,2025-06-30,1,405301749.0987046,0.19,quarter,verified,77357000,1000,Basic earnings/(loss) per share - (Rs)  0.19  0.10  90.9  0.19  0.10  90.9,7.7,verified,3121626000,Net assets value per ordinary share (Rs.)  7.70  7.51  2.5,https://cdn.cse.lk/cmt/upload_report_file/405_1755248603752.06.2025.pdf
49628,PMB,2025-09-30,1,405301752.2997646,0.43,ytd,verified,173537000,1000,Basic earnings/(loss) per share - (Rs)  0.43  0.27  57.6  0.24  0.17  38.4,7.94,verified,3217806000,Net assets value per ordinary share (Rs.)  7.94  7.51  5.7,https://cdn.cse.lk/cmt/upload_report_file/405_1763117750269.pdf
49984,PMB,2025-12-31,1,405301752.2997646,0.66,ytd,verified,266070000,1000,Basic earnings/(loss) per share - (Rs)  0.66  0.47  39.4  0.23  0.20  14.7,8.17,verified,3310338000,Net assets value per ordinary share (Rs.)  8.17  7.51  8.7,https://cdn.cse.lk/cmt/upload_report_file/405_1769654678814.12.2025.pdf
51496,PMB,2026-03-31,1,405301752.2997646,0.87,ytd,verified,353091000,1000,Basic earnings/(loss) per share - (Rs)  0.87  0.80  9.5  0.21  0.33  (35.8),8.51,verified,3393567000,Net assets value per ordinary share (Rs.)  8.51  7.51  13.2,https://cdn.cse.lk/cmt/upload_report_file/405_1780027726565.03.2026%20%281%29.pdf
52508,PMB,2026-06-30,1,405301752.2997646,0.2,quarter,verified,82737000,1000,Basic earnings/(loss) per share - (Rs)  0.20  0.19  7.0  0.20  0.19  7.0,8.61,verified,3488338000,Net assets value per ordinary share (Rs.)  8.61  8.40  2.4,https://cdn.cse.lk/cmt/upload_report_file/405_1786619148735.06.2026%20%281%29.pdf
48802,RAL,2025-06-30,1,798829305,,,not found,,,,4.69,verified,3743207000,Net Assets per Share (Rs.)  4.69  4.70  4.09  4.10,https://cdn.cse.lk/cmt/upload_report_file/901_1755486113000.pdf
49294,RAL,2025-09-30,1,798829300.4775933,0.66,quarter,verified,517000000,1000000,"Earnings per Share was Rs. 0.66 for the quarter ended 30th September 2025, compared to Rs. 0.02 loss per",5.7,verified,4555066000,Net Assets per Share (Rs.)  5.70  (0.34)  4.70  (0.29),https://cdn.cse.lk/cmt/upload_report_file/901_1762518005648.pdf
50109,RAL,2025-12-31,1,798829303.6658106,0.61,quarter,verified,480555000,1000,Earnings / (Loss) Per Share (Rs.)  0.61  (0.25)  1.25  (0.31)  0.47  (0.20)  1.08  (0.19),6.24,verified,4981892000,Net Assets per Share (Rs.)  6.24  5.06  5.17  4.09,https://cdn.cse.lk/cmt/upload_report_file/901_1770579691659.pdf
51536,RAL,2026-03-31,1,798829310.4324099,-0.32,quarter,verified,-255280000,1000,Earnings / (Loss) Per Share (Rs.)  (0.32)  (0.11)  0.93  (0.34)  (0.00)  (0.10)  1.08  (0.29),6.02,verified,4809934000,Net Assets per Share (Rs.)  6.02  5.06  5.17  4.09,https://cdn.cse.lk/cmt/upload_report_file/901_1780047126370.05.2026%20publish%20version.pdf
52635,RAL,2026-06-30,1,798829310.4324099,0.3,quarter,verified,239000000,1000000,"Earnings per Share was Rs. 0.30 for the quarter ended 30th June 2026, compared with a loss of Rs. 0.02 per",6.31,verified,5040681000,Net Assets per Share (Rs.)  6.31  6.01  5.47  5.20,https://cdn.cse.lk/cmt/upload_report_file/901_1786701765506.pdf
48642,RCH,2025-06-30,1,40297529.87651571,11.26,quarter,verified,453752000,1000,Earnings per Share,386.82,verified,15588032000,Net assets per share  386.82  312.05  356.76  197.95  139.71  176.33,https://cdn.cse.lk/cmt/upload_report_file/1631_1755080714587.pdf
49488,RCH,2025-09-30,1,40297529.87651571,4.57,quarter,verified,184215000,1000,Earnings per Share,440.32,verified,17743828000,Net assets per share  440.32  314.86  364.89  227.05  139.93  176.33,https://cdn.cse.lk/cmt/upload_report_file/1631_1763028388715.pdf
50414,RCH,2025-12-31,1,40297529.87651571,9.53,quarter,verified,383927000,1000,Earnings per Share,452.99,verified,18254502000,Net assets per share  452.99  363.90  364.89  234.94  178.28  176.33,https://cdn.cse.lk/cmt/upload_report_file/1631_1770977053077.pdf
51395,RCH,2026-03-31,1,40297529.87651571,11.85,quarter,verified,477443000,1000,Earnings per Share,458.99,verified,18496082000,Net assets per share  458.99  364.89  236.57  176.33,https://cdn.cse.lk/cmt/upload_report_file/1631_1779878841152.xlsx.pdf
52450,RCH,2026-06-30,1,40297529.87651571,21.46,quarter,verified,864707000,1000,Earnings per Share,488.18,verified,19672647000,Net assets per share  488.18  386.82  458.92  250.74  197.95  236.40,https://cdn.cse.lk/cmt/upload_report_file/1631_1786613992830.08.2026.pdf
48550,RCL,2025-06-30,1,1107893846.8494258,0.81,quarter,verified,901090000,1000,Basic Earnings Per Share (Rs.)  0.81  0.74  1.04  0.82,21.65,verified,23980717000,Net Assets Per Share (Rs.)  21.65  21.43  44.36  43.91,https://cdn.cse.lk/cmt/upload_report_file/683_1754482268526.06.2025.pdf
49227,RCL,2025-09-30,1,1107893846.8494258,0.42,quarter,verified,462012000,1000,Basic Earnings Per Share (Rs.)  0.42  0.36  1.23  1.11  1.37  1.14  2.41  1.95,22.1,verified,24479378000,Net Assets Per Share (Rs.)  22.10  21.43  45.77  43.91,https://cdn.cse.lk/cmt/upload_report_file/683_1762423875746.pdf
50071,RCL,2025-12-31,1,1107893846.8494258,0.58,quarter,verified,644321000,1000,Basic Earnings Per Share (Rs.)  0.58  0.52  1.81  1.63  1.71  1.30  4.12  3.25,22.69,verified,25136527000,Net Assets Per Share (Rs.)  22.69  21.43  47.50  43.91,https://cdn.cse.lk/cmt/upload_report_file/683_1770290253454.%202025.pdf
51552,RCL,2026-03-31,1,1107893846.8494258,0.99,quarter,verified,1100421000,1000,Basic Earnings Per Share (Rs.)  0.99  0.90  2.81  2.52  2.17  1.31  6.29  4.56,22.65,verified,25093214000,Net Assets Per Share (Rs.)  22.65  21.43  49.86  43.91,https://cdn.cse.lk/cmt/upload_report_file/683_1780046876561.03.2026.pdf
52302,RCL,2026-06-30,1,1107893846.8494258,1.11,quarter,verified,1232275000,1000,Basic Earnings Per Share (Rs.)  1.11  0.81  1.62  1.04,22.76,verified,25217592000,Net Assets Per Share (Rs.)  22.76  22.65  50.56  49.86,https://cdn.cse.lk/cmt/upload_report_file/683_1786105121872.pdf
48796,REEF,2025-06-30,1,645584678.5477694,-0.18,quarter,verified,-114537975,1,Basic Earnings /(Loss) per share (Rs.)  (0.18)  (0.13)  (0.43),4.53,verified,2921667226,Net assets per share  4.53  4.70  7.21  7.25,https://cdn.cse.lk/cmt/upload_report_file/568_1755485682904.pdf
49519,REEF,2025-09-30,1,645584678.5477694,-0.02,quarter,verified,-12496000,1000,Basic loss per share - Basic (Rs.)  (0.02)  (0.02)  (0.06)  (0.17)  (0.01),3.9,verified,2517917000,Net assets per share  3.90  5.02  7.23  7.25,https://cdn.cse.lk/cmt/upload_report_file/568_1763034901559.09.2025.pdf
50508,REEF,2025-12-31,1,645584678.5477694,-0.01,quarter,verified,-6459000,1000,Basic loss per share - Basic (Rs.)  (0.01)  0.00  (0.17)  (0.39)  (0.38),3.89,verified,2511458000,Net assets per share  3.89  4.63  7.19  7.22,https://cdn.cse.lk/cmt/upload_report_file/568_1771210095149.12.2025_Upload.pdf
51708,REEF,2026-03-31,1,645584676.9221824,0.02,quarter,verified,11478000,1000,Basic profit/(loss) per share - Basic (Rs.)  0.02  (0.03)  (0.04)  (0.01),4.28,verified,2764275000,Net assets per share  4.28  4.61  7.20  7.25,https://cdn.cse.lk/cmt/upload_report_file/568_1780322508543.pdf
52719,REEF,2026-06-30,1,645584679.3233241,-0.25,quarter,verified,-161547000,1000,Basic loss per share - Basic (Rs.)  (0.25)  (0.18)  (0.16),3.96,verified,2557334000,Net assets per share  3.96  4.53  7.15  7.21,https://cdn.cse.lk/cmt/upload_report_file/568_1786715851284.pdf
48640,RENU,2025-06-30,1,7000000.0417345,40.68,quarter,verified,284790000,1000,"Deferred Taxation  64,954  37,460  64,954  Earnings per share  40.68  52.09  99.00",1586.61,verified,11106243000,"Net Assets per share  1,586.61  1,424.02  1,522.20  (0.0)",https://cdn.cse.lk/cmt/upload_report_file/569_1755080872252.pdf
49483,RENU,2025-09-30,1,7000000,35.76,ytd,verified,250306000,1000,"Total Current Liabilities  39,622  20,858  65,018  Earnings per share (Rs)  35.76  4.75  76.44  56.84  99.00 Cash & Cash Equivalents at the Beginning of the per",1710.77,verified,11975384000,"Net Assets per share (Rs)  1,710.77  1,420.36  1,522.20  2,416,714",https://cdn.cse.lk/cmt/upload_report_file/569_1763028004548.pdf
50420,RENU,2025-12-31,1,7000000,59.38,ytd,verified,415692000,1000,"Earnings per share  59.38  6.15  135.83  62.99  99.00 Cash & cash equivalents at the beginning of the period  4,319,006  5,354,628",1746.12,verified,12222840000,"Net Assets per share  1,746.12  1,498.10  1,522.20",https://cdn.cse.lk/cmt/upload_report_file/569_1770976827455.pdf
51397,RENU,2026-03-31,1,7000000,58.15,ytd,verified,407066000,1000,"Total Current Liabilities  74,612  65,018  20,340  Earnings per share  58.15  36.92  193.98  99.00  96  Net Cash Flow from Financing Activities  (28,000)  (14,0",1783.62,verified,12485306000,"Net Assets per share  1,783.62  1,522.20  Cash & Cash Equivalents at the Beginning of the Period  4,319,006  5,354,628",https://cdn.cse.lk/cmt/upload_report_file/569_1779878650286.pdf
52449,RENU,2026-06-30,1,7000000.0417345,124.1,quarter,verified,868676000,1000,"Deferred Taxation  59,587  64,954  59,587  Earnings per share  124.10  40.68  99.00  Net Cash (used) / from Investing Activities  (153,969)  (166,283)",1901.61,verified,13311301000,"Net Assets per share  1,901.61  1,586.61  1,783.99  0.0",https://cdn.cse.lk/cmt/upload_report_file/569_1786613802908.08.2026.pdf
48568,REXP,2025-06-30,1,11163744.94473243,-1.99,quarter,verified,-22187000,1000,Earnings Per Share  (1.99)  6.34  3.19,,not found,,,https://cdn.cse.lk/cmt/upload_report_file/771_1754564567633.pdf
49273,REXP,2025-09-30,1,11163744.94473243,-3.29,quarter,verified,-36687000,1000,Earnings Per Share  (3.29)  1.10  (5.27)  7.45,320.22,verified,3574817000,Net Assets Per Share (Rs.)  320.22  324.87,https://cdn.cse.lk/cmt/upload_report_file/771_1762509765639.pdf
50378,REXP,2025-12-31,1,11163744.94473243,4.38,quarter,verified,48874000,1000,Earnings Per Share  4.38  (0.22)  (0.90)  7.22,324.75,verified,3625413000,Net Asset Per Share (Rs.)  324.75  324.87,https://cdn.cse.lk/cmt/upload_report_file/771_1770975438668.pdf
51605,REXP,2026-03-31,1,11163744.94473243,4.51,quarter,verified,50379000,1000,Earnings Per Share  4.51  (4.03)  3.62  3.19,331,verified,3695211000,Net Asset Per Share  331.00  324.87,https://cdn.cse.lk/cmt/upload_report_file/771_1780050260302.pdf
52505,REXP,2026-06-30,1,11163744.94473243,9.88,quarter,verified,110308000,1000,Earnings Per Share  9.88  (1.99)  3.62,333.18,verified,3719558000,Net Asset Per Share  333.18  331.00,https://cdn.cse.lk/cmt/upload_report_file/771_1786618746356.pdf
48771,RFL,2025-06-30,1,20000000,0.08,quarter,verified,1552770,1,Profit / (Loss) Per Share  0.08  (0.08),26.41,verified,528235726,Net assets per share  26.41  25.86  26.33,https://cdn.cse.lk/cmt/upload_report_file/1185_1755255102202.pdf
49666,RFL,2025-09-30,1,20000000,0.05,quarter,verified,952566,1,Profit / (Loss) Per Share  0.05  (0.16)  0.13  (0.24),26.33,verified,526550269,Net assets per share  26.33  24.85,https://cdn.cse.lk/cmt/upload_report_file/1185_1763113117657.pdf
50286,RFL,2025-12-31,1,20000000,0.1,quarter,verified,2075837,1,Profit / (Loss) Per Share  0.10  0.56  0.23  0.32,25.43,verified,508626106,Net assets per share  25.43  25.41,https://cdn.cse.lk/cmt/upload_report_file/1185_1770891361394.pdf
51354,RFL,2026-03-31,1,20000000,0.08,quarter,verified,1663124,1,Profit / (Loss) Per Share  0.08  0.93  0.31  1.50,25.51,verified,510289230,Net assets per share  25.51  26.20,https://cdn.cse.lk/cmt/upload_report_file/1185_1779873229659.pdf
52570,RFL,2026-06-30,1,20000000,,,not found,,,,,not found,,,https://cdn.cse.lk/cmt/upload_report_file/1185_1786698299617.%20Interinm%20Financial%20Statement%20Quarted%20Ended%2030th%20June%202026.pdf
48597,RGEM,2025-06-30,1,2399999.92140811,,,not found,,,,,not found,,,https://cdn.cse.lk/cmt/upload_report_file/770_1754968303000.pdf
49525,RGEM,2025-09-30,1,2399999.92140811,,,not found,,,,,not found,,,https://cdn.cse.lk/cmt/upload_report_file/770_1763036151349.pdf
50259,RGEM,2025-12-31,1,2399999.92140811,,,not found,,,,,not found,,,https://cdn.cse.lk/cmt/upload_report_file/770_1770887169774.pdf
48800,RHL,2025-06-30,1,189689990,,,not found,,,,53.25,verified,10101451000,Net Assets per Share (Rs.)  53.25  48.97  14.17  14.54,https://cdn.cse.lk/cmt/upload_report_file/821_1755485901830.pdf
49293,RHL,2025-09-30,1,189689990,,,not found,,,,60.6,verified,11495261000,Net Assets per Share (Rs.)  60.60  51.15  14.26  14.53,https://cdn.cse.lk/cmt/upload_report_file/821_1762518161817.pdf
50156,RHL,2025-12-31,1,189689990,,,not found,,,,57.26,verified,10861354000,Net Assets per Share (Rs.)  57.26  51.15  14.25  14.53,https://cdn.cse.lk/cmt/upload_report_file/821_1770693647561.pdf
51643,RHL,2026-03-31,1,189689990,,,not found,,,,56.86,verified,10785451000,Net Assets per Share (Rs.)  56.86  51.15  14.91  14.17,https://cdn.cse.lk/cmt/upload_report_file/821_1780056944208.pdf
52652,RHL,2026-06-30,1,189689990,,,not found,,,,52.57,verified,9972679000,Net Assets per Share (Rs.)  52.57  53.13  14.90  14.91,https://cdn.cse.lk/cmt/upload_report_file/821_1786702046729.pdf
48703,RHTL,2025-06-30,1,110886683.15631604,-0.62,quarter,verified,-68994000,1000,"Basic/Diluted Earnings/(loss) Per Share  (0.62)  0.01  (9,970)",17.82,verified,1975849000,Net Asset Value per Share (Rs.)  17.82  18.44,https://cdn.cse.lk/cmt/upload_report_file/534_1755168694348.IFS%2030062025%28Q1%29%20%20-June%20-%201.pdf
49452,RHTL,2025-09-30,1,110886683.15631604,-0.46,quarter,verified,-50494000,1000,"Basic/Diluted Earnings/(loss) Per Share  (0.46)  (0.04)  1,006  (1.08)  (0.03)  2,993  2.13",17.36,verified,1925355000,Net Asset Value per Share (Rs.)  17.36  16.34  18.44,https://cdn.cse.lk/cmt/upload_report_file/534_1763025322198.IFS%2030.09.2025.pdf
50069,RHTL,2025-12-31,1,110886683.15631604,0.87,quarter,verified,96435000,1000,Basic/Diluted Earnings/(loss) Per Share  0.87  0.65  34  (0.21)  0.62  (134)  2.13,18.23,verified,2021790000,Net Asset Value per Share (Rs.)  18.23  16.99  18.44,https://cdn.cse.lk/cmt/upload_report_file/534_1770286598930.IFS%2031122025%28Q3%29%20-Dec.pdf
48569,RICH,2025-06-30,1,2035038309.3391998,0.48,quarter,verified,985625000,1000,Earnings per share,13.43,verified,27326279000,Net Assets Per Share (Rs.)  13.43  12.74,https://cdn.cse.lk/cmt/upload_report_file/509_1754563822806.pdf
49270,RICH,2025-09-30,1,2035038309.3391998,0.48,quarter,verified,979929000,1000,Earnings per share,14.22,verified,28943183000,Net Assets Per Share (Rs.)  14.22  12.74,https://cdn.cse.lk/cmt/upload_report_file/509_1762509835724.pdf
50365,RICH,2025-12-31,1,2035038309.3391998,0.42,quarter,verified,852666000,1000,Earnings per share,13.93,verified,28345200000,Net Assets Per Share (Rs.)  13.93  12.74,https://cdn.cse.lk/cmt/upload_report_file/509_1770975472816.pdf
51569,RICH,2026-03-31,1,2035038309.3391998,0.11,quarter,verified,221722000,1000,Earning per share,13.7,verified,27875505000,Net Assets Per Share (Rs.)  13.70  12.74,https://cdn.cse.lk/cmt/upload_report_file/509_1780050300839.pdf
52506,RICH,2026-06-30,1,2035038309.3391998,0.27,quarter,verified,553820000,1000,Earnings per share,13.78,verified,28043439000,Net Assets Per Share (Rs.)  13.78  13.75,https://cdn.cse.lk/cmt/upload_report_file/509_1786618793157.pdf
48692,RIL,2025-06-30,1,800000000,0.46,quarter,verified,373399000,1000,Earnings Per share LKR  0.46  0.16  0.49  0.35,26.96,verified,21566718000,Net Asset Value per Share (LKR)  26.96  23.37  25.26  22.03,https://cdn.cse.lk/cmt/upload_report_file/1544_1755166469452.6.2025_quater%201_V5-%2014.8.2025_Final_CSE.pdf
49479,RIL,2025-09-30,1,800000000,1.23,quarter,verified,993680000,1000,Earnings Per share LKR  1.23  0.26  1.69  0.42  0.33  0.21  0.83  0.57,28.31,verified,22650044000,Net Asset Value per Share (LKR)  28.31  23.70  25.52  22.24,https://cdn.cse.lk/cmt/upload_report_file/1544_1763026846546.11.2025.pdf
50415,RIL,2025-12-31,1,800000000,1.16,quarter,verified,931793000,1000,Earnings Per share (EPS ) LKR  1.16  0.37  2.85  0.79  0.40  0.21  1.22  0.78,29.69,verified,23748785000,Net Asset Value per Share (LKR)  29.69  24.10  25.93  22.45,https://cdn.cse.lk/cmt/upload_report_file/1544_1770976520157.12.2025%20%281%29%20-%20Final.pdf
52636,RIL,2026-06-30,1,800000009.7875463,0.86,quarter,verified,684029000,1000,Earnings per share (EPS ) LKR  0.86  0.51  0.53  0.49,32.22,verified,25774681000,Net Asset Value per Share (LKR)  32.22  26.05  27.00  23.37,https://cdn.cse.lk/cmt/upload_report_file/1544_1786701841778.06.2026.pdf
48601,RPBH,2025-06-30,1,50000000,,,not found,,,,,not found,,,https://cdn.cse.lk/cmt/upload_report_file/581_1755055694501.pdf
49492,RPBH,2025-09-30,1,50000000,0.04,ytd,verified,2093000,1000,Earnings Per Share - Basic  0.04  (2.37)  2.41  (0.37)  (1.28)  0.91,55.65,verified,2782395000,Net Assets per Share (Rs.)  55.65  48.04  55.53,https://cdn.cse.lk/cmt/upload_report_file/581_1763028994291.9.2025.pdf
50339,RPBH,2025-12-31,1,50000000,1.06,ytd,verified,53042000,1000,Earnings Per Share - Basic  1.06  (2.45)  3.51  1.02  (0.08)  1.10,56.71,verified,2835296000,Net Assets per Share (Rs.)  56.71  47.99  55.53,https://cdn.cse.lk/cmt/upload_report_file/581_1770973658594.pdf
51273,RPBH,2026-03-31,1,50000000,,,not found,,,,58.82,verified,2941012000,Net Assets per Share (Rs.)  58.82  55.53,https://cdn.cse.lk/cmt/upload_report_file/581_1779700246073.pdf
52350,RPBH,2026-06-30,1,50000000,0.07,quarter,verified,3720000,1000,Earnings Per Share - Basic  0.07  0.41  (0.34),58.82,verified,2940935000,Net Assets per Share (Rs.)  58.82  55.97  58.71,https://cdn.cse.lk/cmt/upload_report_file/581_1786443524422.pdf
48755,RWSL,2025-06-30,1,282207321.75603193,0.76,quarter,verified,213945209,1,Earnings Per Share,,not found,,,https://cdn.cse.lk/cmt/upload_report_file/948_1755251375482.06.2025.pdf
49480,RWSL,2025-09-30,1,282207321.75603193,0.42,quarter,verified,119383057,1,Earnings Per Share,,not found,,,https://cdn.cse.lk/cmt/upload_report_file/948_1763029044787.09.2025.pdf
50407,RWSL,2025-12-31,1,282207321.75603193,-0.28,quarter,verified,-80145572,1,Earnings Per Share,,not found,,,https://cdn.cse.lk/cmt/upload_report_file/948_1770976349149.12.2025.pdf
51712,RWSL,2026-03-31,1,282207321.75603193,0.65,quarter,verified,182052906,1,Earnings Per Share,,not found,,,https://cdn.cse.lk/cmt/upload_report_file/948_1780365892208.pdf
52660,RWSL,2026-06-30,1,282207321.75603193,0.22,quarter,verified,62040708,1,Earnings Per Share,,not found,,,https://cdn.cse.lk/cmt/upload_report_file/948_1786702903881.06.2026.pdf
48661,SAMP,2025-06-30,2,1172700771.9372678,12.53,ytd,verified,14695908000,1000,Earnings per share - Basic/Diluted (Rs)  12.53  9.48  32  5.42  6.62  (18)  13.33  10.12  32  5.72  6.88  (17),141.06,verified,165424292000,Net asset value per share (Rs)  141.06  142.01  (1)  151.53  151.69  -,https://cdn.cse.lk/cmt/upload_report_file/431_1755139913982.06.2025.pdf
49416,SAMP,2025-09-30,2,1172700771.9372678,18.3,ytd,verified,21455985000,1000,Earnings per share - Basic/Diluted (Rs)  18.30  15.17  21  5.76  5.69  1  19.74  16.28  21  6.41  6.16  4,146.05,verified,171271417000,Net asset value per share (Rs)  146.05  142.01  3  157.17  151.69  4,https://cdn.cse.lk/cmt/upload_report_file/431_1763002046323.09.2025.pdf
50565,SAMP,2025-12-31,2,1172700771.9372678,25.76,ytd,verified,30210717000,1000,Earnings per share : Basic/Diluted (Rs)  25.76  23.30  11  7.47  8.13  (8)  27.77  24.48  13  8.03  8.20  (2),152.53,verified,178874375000,Net asset value per share (Rs)  152.53  142.01  7  165.23  151.69  9,https://cdn.cse.lk/cmt/upload_report_file/431_1771556319859.12.2025.pdf
51063,SAMP,2026-03-31,2,1172700771.9372678,5.27,quarter,verified,6177096000,1000,Earnings per share : Basic/Diluted (Rs)  5.27  7.11  (26)  5.82  7.61  (23),146.43,verified,171713019000,Net asset value per share (Rs)  146.43  152.53  (4)  159.68  165.23  (3),https://cdn.cse.lk/cmt/upload_report_file/431_1778641511402.03.2026.pdf
52416,SAMP,2026-06-30,2,1172700771.9372678,14.18,ytd,verified,16628598000,1000,Earnings per share : Basic/Diluted (Rs)  14.18  12.53  13  8.91  5.42  64  15.23  13.33  14  9.41  5.72  65,153.04,verified,179464685000,Net asset value per share (Rs)  153.04  152.53  -  166.78  165.23  1,https://cdn.cse.lk/cmt/upload_report_file/431_1786590688111.06.2026.pdf
48662,SCAP,2025-06-30,1,977187203.913289,-0.02,quarter,verified,-18165689,1,Basic Earning / (Loss) per share (Rs.)  (0.02)  0.07,,not found,,,https://cdn.cse.lk/cmt/upload_report_file/1100_1755141071708.pdf
49701,SCAP,2025-09-30,1,977187203.913289,0.31,quarter,verified,302200596,1,Basic Earning / (Loss) per share (Rs.)  0.31  2.30  (0.03)  1.92,,not found,,,https://cdn.cse.lk/cmt/upload_report_file/1100_1763123170457.pdf
50250,SCAP,2025-12-31,1,977187203.913289,0.92,quarter,verified,898785314,1,Basic Loss per share (Rs.)  0.92  0.35  1.02  (0.03),,not found,,,https://cdn.cse.lk/cmt/upload_report_file/1100_1770886960059.pdf
51483,SCAP,2026-03-31,1,977187203.913289,-0.36,quarter,verified,-350266070,1,Basic Earning / (Loss) per share (Rs.)  (0.36)  (0.77)  (0.74)  1.37,,not found,,,https://cdn.cse.lk/cmt/upload_report_file/1100_1779968696398.pdf
52615,SCAP,2026-06-30,1,977187203.913289,-0.13,quarter,verified,-126997932,1,Basic Earning / (Loss) per share (Rs.)  (0.13)  (0.02),,not found,,,https://cdn.cse.lk/cmt/upload_report_file/1100_1786699448160.pdf
48616,SDB,2025-06-30,2,164166495.11092812,0.95,quarter,verified,156123000,1000,Earnings per share on profit,89.8,verified,14742623000,Net asset value per share (Rs.)  89.80  88.85  1%,https://cdn.cse.lk/cmt/upload_report_file/1182_1754995388839.pdf
49219,SDB,2025-09-30,2,164166495.11092812,1.55,ytd,verified,253653000,1000,Earnings per share on profit,90.4,verified,14840154000,Net asset value per share (Rs.)  90.40  88.85  2%,https://cdn.cse.lk/cmt/upload_report_file/1182_1762420307364.pdf
51154,SDB,2026-03-31,2,164166493.33333334,0.37,unknown,verified,60084000,1000,Earnings per share on profit,90.55,verified,14864491000,Net asset value per share (Rs.)  90.55  90.18  -,https://cdn.cse.lk/cmt/upload_report_file/1182_1778837722044.pdf
52647,SDB,2026-06-30,2,164166495.11092812,0.65,quarter,verified,106815000,1000,Earnings per share on profit,90.83,verified,14911222000,Net asset value per share (Rs.)  90.83  90.18  -,https://cdn.cse.lk/cmt/upload_report_file/1182_1786702166298.pdf
48471,SDF,2025-06-30,1,149596053.25719225,,,not found,,,,,not found,,,https://cdn.cse.lk/cmt/upload_report_file/2567_1753877438743.pdf
49109,SDF,2025-09-30,1,149596053.25719225,,,not found,,,,,not found,,,https://cdn.cse.lk/cmt/upload_report_file/2567_1761816144119.pdf
49985,SDF,2025-12-31,1,149596053.25719225,,,not found,,,,,not found,,,https://cdn.cse.lk/cmt/upload_report_file/2567_1769654992299.pdf
51194,SDF,2026-03-31,1,149596053.25719225,5.48,ytd,verified,819991822,1,Basic/Diluted Earnings Per Share (Annualized) *  5.48  3.17  73.1%,,not found,,,https://cdn.cse.lk/cmt/upload_report_file/2567_1779190270618.pdf
52133,SDF,2026-06-30,1,149596053.25719225,,,not found,,,,,not found,,,https://cdn.cse.lk/cmt/upload_report_file/2567_1785236564529.pdf
48736,SEMB,2025-06-30,2,9551978760,,,not found,,,,0.38,verified,3676720000,Net assets per share (LKR)  0.38  0.37,https://cdn.cse.lk/cmt/upload_report_file/445_1755232127750.pdf
49429,SEMB,2025-09-30,2,9551978914.99506,0.003,quarter,verified,28835000,1000,Basic earnings per share (LKR)  0.003  0.002  41%  0.007  0.006  19%,0.39,verified,3705555000,Net assets per share (LKR)  0.39  0.37,https://cdn.cse.lk/cmt/upload_report_file/445_1763005712064.pdf
50615,SEMB,2025-12-31,2,9551978914.99506,0.011,quarter,verified,102439000,1000,Basic earnings per share (LKR)  0.011  0.012  -7%  0.018  0.016  13%,0.4,verified,3807994000,Net assets per share (LKR)  0.40  0.38,https://cdn.cse.lk/cmt/upload_report_file/445_1772112216656.pdf
51073,SEMB,2026-03-31,2,9551978914.99506,0.009,quarter,verified,84499000,1000,Basic/ Diluted earnings per share (LKR)  0.009  0.002  254%  0.009  0.002  254%,0.41,verified,3890699000,Net assets per share (LKR)  0.41  0.38,https://cdn.cse.lk/cmt/upload_report_file/445_1778671694980.pdf
52586,SEMB,2026-06-30,2,9551978760,,,not found,,,,0.41,verified,3884779000,Net assets per share (LKR)  0.41  0.38,https://cdn.cse.lk/cmt/upload_report_file/445_1786699835531.pdf
48438,SERV,2025-06-30,1,484000003.7696839,0.1,quarter,verified,50321000,1000,Basic Earnings per share (Rs.)  0.10  (0.01)  1.14,4.06,verified,1965485000,Net assets per share (Rs.)  4.06  2.79  ##,https://cdn.cse.lk/cmt/upload_report_file/543_1753693767242.06.2025.pdf
49088,SERV,2025-09-30,1,484000003.7696839,0.37,ytd,verified,177218000,1000,Basic Earnings per share (Rs.)  0.37  0.11  0.26  0.12  1.14,4.32,verified,2092382000,Net assets per share (Rs.)  4.32  2.92  ##,https://cdn.cse.lk/cmt/upload_report_file/543_1761562279927.pdf
49957,SERV,2025-12-31,1,484000003.7696839,0.59,ytd,verified,284324000,1000,Basic Earnings per share (Rs.)  0.59  0.36  0.22  0.25  1.14,4.54,verified,2199488000,Net assets per share (Rs.)  4.54  3.18  ##,https://cdn.cse.lk/cmt/upload_report_file/543_1769513243983.12.2025-CORRECTED-UPLOAD.pdf
51518,SERV,2026-03-31,1,484000003.7696839,0.75,ytd,verified,364792000,1000,Basic Earnings per share (Rs.)  0.75  1.14  0.17  0.78,5.56,verified,2691392000,Net assets per share (Rs.)  5.56  3.96  ##,https://cdn.cse.lk/cmt/upload_report_file/543_1780045327428.pdf
52092,SERV,2026-06-30,1,484000003.7696839,0.09,quarter,verified,43333000,1000,Basic Earnings per share (Rs.)  0.09  0.10  0.75,5.64,verified,2730701000,Net assets per share (Rs.)  5.64  4.06  ##,https://cdn.cse.lk/cmt/upload_report_file/543_1785148431132.pdf
48455,SEYB,2025-06-30,2,635647318.5818446,8.63,ytd,verified,5488702000,1000,Basic/Diluted Earnings per Ordinary Share (Rs.)  8.63  7.17  20.36  4.29  3.56  20.51,118.73,verified,75469158000,previous year. The Bank’s Net Assets Value per Share stood at LKR 118.73 as at 30 June 2025 (Group LKR,https://cdn.cse.lk/cmt/upload_report_file/443_1753789754148.pdf
49094,SEYB,2025-09-30,2,635647318.5818446,13.1,ytd,verified,8327038000,1000,Basic/Diluted Earnings per Ordinary Share (Rs.)  13.10  10.37  26.33  4.47  3.20  39.69,122.99,verified,78180820000,the previous year. The Bank’s Net Assets Value per Share stood at LKR 122.99 as at 30 September 2025,https://cdn.cse.lk/cmt/upload_report_file/443_1761653967717.pdf
50609,SEYB,2025-12-31,2,635647318.5818446,19.05,ytd,verified,12108297000,1000,Basic / Diluted Earnings per Ordinary Share (Rs.)  19.05  15.81  20.47  5.95  5.44  9.34,128.87,verified,81913935000,year. The Bank’s Net Assets Value per Share stood at LKR 128.87 as at 31 December 2025 (Group - LKR,https://cdn.cse.lk/cmt/upload_report_file/443_1772102169784.12.2025%20-%20CSE%20publication.pdf
50964,SEYB,2026-03-31,2,635647318.5818446,4.57,quarter,verified,2905625000,1000,Basic/Diluted Earnings per Ordinary Share (Rs.)  4.57  4.34  5.25  4.42  4.22  4.86,128.86,verified,81907360000,previous year. The Bank’s Net Assets Value per Share stood at LKR 128.86 as at 31 March 2026,https://cdn.cse.lk/cmt/upload_report_file/443_1777453926663.pdf
52157,SEYB,2026-06-30,2,635647318.5818446,9.57,ytd,verified,6080157000,1000,Basic/Diluted Earnings per Ordinary Share (Rs.)  9.57  8.63  10.89  4.99  4.29  16.32,132.87,verified,84461574000,comparative period. The Bank’s Net Assets Value per Share stood at LKR 132.87 as at 30th June,https://cdn.cse.lk/cmt/upload_report_file/443_1785411925853.pdf
48671,SFCL,2025-06-30,1,86283995.88215792,5.39,unknown,verified,465142466,1,Basic earnings per share  5.39  4.04  34  5.98  4.40  36,120.44,verified,10391937980,Net assets per share  120.44  115.05  102.61  124.76  118.78  104.97,https://cdn.cse.lk/cmt/upload_report_file/441_1755163286215.pdf
49120,SFCL,2025-09-30,1,86283995.88215792,5.97,unknown,verified,515420301,1,Basic earnings per share  5.97  4.20  42  6.79  4.54  50,123.62,verified,10665774746,Net assets per share  123.62  115.05  105.01  128.74  118.78  107.71,https://cdn.cse.lk/cmt/upload_report_file/441_1761879916210.pdf
50382,SFCL,2025-12-31,1,86283995.88215792,3.99,unknown,verified,344406148,1,Basic earnings per share  3.99  6.95  (43)  4.53  7.62  (41),127.61,verified,11010180894,Net assets per share  127.61  115.05  111.96  133.28  118.78  115.33,https://cdn.cse.lk/cmt/upload_report_file/441_1770976920300.pdf
51506,SFCL,2026-03-31,1,90593825.32271759,5.82,unknown,verified,522575781,1,Basic/diluted earnings per share  5.82  3.47  68  6.21  3.83  62,138.77,verified,12571462856,Net assets per share  138.77  115.05  144.56  118.78,https://cdn.cse.lk/cmt/upload_report_file/441_1780045451107.pdf
52503,SFCL,2026-06-30,1,90593825.32271759,5.25,unknown,verified,472628213,1,Basic/diluted earnings per share  5.25  5.18  1  5.92  5.75  3,143.98,verified,13044091069,Net assets per share  143.98  138.77  120.44  150.44  144.56  124.76,https://cdn.cse.lk/cmt/upload_report_file/441_1786618720410.pdf
48403,SFIN,2025-06-30,1,277851853,,,not found,,,,,not found,,,https://cdn.cse.lk/cmt/upload_report_file/1041_1753181015920.pdf
49092,SFIN,2025-09-30,1,277851853,,,not found,,,,,not found,,,https://cdn.cse.lk/cmt/upload_report_file/1041_1761647258142.pdf
49921,SFIN,2025-12-31,1,277851853,,,not found,,,,33.17,verified,9217104000,Net Assets Per Share (Rs)  33.17  28.61  30.21,https://cdn.cse.lk/cmt/upload_report_file/1041_1768906848904.pdf
51019,SFIN,2026-03-31,1,277851853,,,not found,,,,34.69,verified,9638034000,Net Assets Per Share (Rs)  34.69  30.21,https://cdn.cse.lk/cmt/upload_report_file/1041_1778154294968.pdf
52040,SFIN,2026-06-30,1,277851853,,,not found,,,,35.36,verified,9825861000,Net Assets Per Share (Rs)  35.36  34.69,https://cdn.cse.lk/cmt/upload_report_file/1041_1784631418371.pdf
48767,SHAW,2025-06-30,1,25602730.1212916,1.89,quarter,verified,48314000,1000,Earnings / (loss) per Share (Rs.)  1.89  2.11  1.89  2.11  (0.86)  (0.54)  (0.86)  (0.54),241.83,verified,6191391000,Net Asset Value per Share (Rs.)  241.83  239.94  182.25  183.11,https://cdn.cse.lk/cmt/upload_report_file/632_1755254564173.pdf
49718,SHAW,2025-09-30,1,25602730.1212916,2.33,quarter,verified,59730000,1000,Earnings / (loss) per Share (Rs.)  2.33  2.17  4.22  4.28  1.59  1.28  0.73  0.74,242.66,verified,6212711000,Net Asset Value per Share (Rs.)  242.66  239.94  182.34  183.11,https://cdn.cse.lk/cmt/upload_report_file/632_1763456774323.pdf
50088,SHAW,2025-12-31,1,25602729.85564617,2.48,quarter,verified,63463000,1000,Earnings / (loss) per Share (Rs.)  2.48  1.24  6.70  5.52  0.05  (1.31)  0.78  (0.57),245.14,verified,6276239000,Net Asset Value per Share (Rs.)  245.14  239.94  182.39  183.11,https://cdn.cse.lk/cmt/upload_report_file/632_1770371633078.pdf
51872,SHAW,2026-03-31,1,25602729.85564617,22.35,quarter,verified,572657000,1000,Earnings / (loss) per Share (Rs.)  22.35  11.16  28.90  15.58  (9.83)  2.88  (9.05)  2.78,267.35,verified,6844983000,Net Asset Value per Share (Rs.)  267.35  239.94  172.58  183.11,https://cdn.cse.lk/cmt/upload_report_file/632_1781259109665.pdf
52463,SHAW,2026-06-30,1,25602729.85564617,34.47,quarter,verified,882602000,1000,Earnings / (loss) per Share (Rs.)  34.47  1.89  34.47  1.89  (2.61)  (0.86)  (2.61)  (0.86),300.18,verified,7685338000,Net Asset Value per Share (Rs.)  300.18  265.70  167.50  170.11,https://cdn.cse.lk/cmt/upload_report_file/632_1786615528418.pdf
48770,SHL,2025-06-30,1,1395257992.335,-1.65,quarter,verified,-2307854000,1000,Loss per share,,not found,,,https://cdn.cse.lk/cmt/upload_report_file/1075_1755254900618.pdf
49714,SHL,2025-09-30,1,1395257992.335,-3.66,ytd,verified,-5101191000,1000,Loss per share,,not found,,,https://cdn.cse.lk/cmt/upload_report_file/1075_1763378814846.pdf
50450,SHL,2025-12-31,1,1395257992.335,-5.08,ytd,verified,-7085874000,1000,Loss per share,,not found,,,https://cdn.cse.lk/cmt/upload_report_file/1075_1770979136465.pdf
51691,SHL,2026-03-31,1,1395257992.335,-6.3,ytd,verified,-8789732000,1000,Loss per share,,not found,,,https://cdn.cse.lk/cmt/upload_report_file/1075_1780053018178.pdf
52748,SHL,2026-06-30,1,1395257992.335,-2,quarter,verified,-2791497000,1000,Loss per share,,not found,,,https://cdn.cse.lk/cmt/upload_report_file/1075_1786704625655.pdf
48791,SHOT,2025-06-30,1,446103176.75215495,0.26,unknown,verified,114467000,1000,Earnings Per Share (Rs.)  0.26  0.04  (0.05)  (0.04),14.03,verified,6260401000,Net Assets Per Share (Rs.)  14.03  13.78  6.31  6.36,https://cdn.cse.lk/cmt/upload_report_file/601_1755484924128.pdf
49684,SHOT,2025-09-30,1,446103176.75215495,0.15,quarter,verified,68396000,1000,Earnings / (Loss) Per Share (Rs.)  0.15  0.18  0.41  0.21  0.02  (0.07)  (0.03)  (0.11),14.19,verified,6328798000,Net Assets Per Share (Rs.)  14.19  13.78  10.32  6.33  6.36  5.26,https://cdn.cse.lk/cmt/upload_report_file/601_1763124084218.pdf
50498,SHOT,2025-12-31,1,446103176.75215495,0.35,quarter,verified,158134000,1000,Earnings per share (Rs.)  0.35  0.49  0.76  0.71  0.17  0.20  0.15  0.09,14.54,verified,6486931000,Net assets per share (Rs.)  14.54  13.78  10.81  6.51  6.36  5.46,https://cdn.cse.lk/cmt/upload_report_file/601_1770987714933.pdf
51688,SHOT,2026-03-31,1,446103176.75215495,0.27,quarter,verified,122597000,1000,Earnings per share (Rs.)  0.27  0.47  1.04  1.17  0.14  0.37  0.29  0.46,14.83,verified,6613926000,Net assets per share (Rs.)  14.83  13.78  6.65  6.36,https://cdn.cse.lk/cmt/upload_report_file/601_1780074135624.pdf
52710,SHOT,2026-06-30,1,446103176.75215495,-0.11,quarter,verified,-49303000,1000,Earnings per share (Rs.)  (0.11)  0.26  (0.07)  (0.05),14.72,verified,6564623000,Net assets per share (Rs.)  14.72  14.83  14.03  6.57  6.65  6.31,https://cdn.cse.lk/cmt/upload_report_file/601_1786711022798.pdf
48698,SIGV,2025-06-30,1,90000000,,,not found,,,,,not found,,,https://cdn.cse.lk/cmt/upload_report_file/602_1755169191220.06.2025%20.pdf
49505,SIGV,2025-09-30,1,90000000,,,not found,,,,,not found,,,https://cdn.cse.lk/cmt/upload_report_file/602_1763032397039.09.2025%20to%20CSE.pdf
50303,SIGV,2025-12-31,1,90000000,,,not found,,,,,not found,,,https://cdn.cse.lk/cmt/upload_report_file/602_1770897199770.12.2025%20to%20CSE%20Subd%20updated.pdf
51220,SIGV,2026-03-31,1,90000000.78426692,-0.15,quarter,verified,-13818000,1000,Earnings Per Share  (0.15)  2.53  0.48  3.46,,not found,,,https://cdn.cse.lk/cmt/upload_report_file/602_1779361514530.03.2026.pdf
52401,SIGV,2026-06-30,1,90000000.78426692,-0.45,quarter,verified,-40296000,1000,0.48 Earnings Per Share  (0.45)  (0.25)  (0.45)  (0.25),,not found,,,https://cdn.cse.lk/cmt/upload_report_file/602_1786527880367.06.2026%20-%20V1.pdf
48619,SIL,2025-06-30,1,4232771.01045652,8.35,quarter,verified,35329000,1000,Earnings per share Rs.,73.88,verified,312711000,Net assets value per share Rs.  73.88  121.12  65.53,https://cdn.cse.lk/cmt/upload_report_file/684_1754998023119.pdf
49385,SIL,2025-09-30,1,4232771.01045652,13.02,quarter,verified,55101000,1000,Earnings per share Rs.,86.85,verified,367608000,Net assets value per share Rs.  86.85  112.62  65.53,https://cdn.cse.lk/cmt/upload_report_file/684_1762942157855.pdf
50031,SIL,2025-12-31,1,4232771.01045652,20.42,quarter,verified,86413000,1000,Earnings per share Rs.,110.83,verified,469112000,Net assets value per share Rs.  110.83  86.23  65.53,https://cdn.cse.lk/cmt/upload_report_file/684_1770028246808.pdf
51352,SIL,2026-03-31,1,4232771.01045652,25.78,quarter,verified,109135000,1000,Earnings per share Rs.,134.86,verified,570838000,Net assets value per share Rs.  134.86  65.53,https://cdn.cse.lk/cmt/upload_report_file/684_1779873000580.pdf
52392,SIL,2026-06-30,1,4232771.01045652,30.73,quarter,verified,130076000,1000,Earnings per share Rs.,184.58,verified,781304000,Net assets value per share Rs.  184.58  65.53  155.85,https://cdn.cse.lk/cmt/upload_report_file/684_1786529545153.pdf
48423,SING,2025-06-30,1,5540828,,,not found,,,,24.12,verified,133665951,"24,34  26.10 Net Assets per Share  24.12  21.51  25,89  21.09",https://cdn.cse.lk/cmt/upload_report_file/499_1753351336754.pdf
49737,SING,2025-09-30,1,5540827.9369552,-0.48,quarter,verified,-2681312,1,Earnings / (Loss) Per Share  (0.48)  (0.75) -35%  (0.81)  (1.68) -52%,,not found,,,https://cdn.cse.lk/cmt/upload_report_file/499_1763718732886.pdf
50304,SING,2025-12-31,1,5540828,0.07,quarter,verified,405379,1,Earnings / (Loss) Per Share  0.07  0.21  -65%  (0.71)  (0.55)  29%,21.1,verified,116886065,21.81  25.78 Net Assets per Share  21.10  21.98  25.14  21.45,https://cdn.cse.lk/cmt/upload_report_file/499_1770893684671.pdf
51095,SING,2026-03-31,1,5540828,5.78,quarter,verified,32002858,1,Earnings / (Loss) Per Share  5.78  4.21  37%  5.06  (1.36)  -472%,26.87,verified,148866922,21.81  25.78 Net Assets per Share  26.87  21.81  30.92  25.78,https://cdn.cse.lk/cmt/upload_report_file/499_1778752699641.pdf
52045,SING,2026-06-30,1,5540828,-0.26,quarter,verified,-1450309,1,Earnings / (Loss) Per Share  (0.26)  (0.30)  -13%,26.59,verified,147349683,26.86  30.92 Net Assets per Share  26.59  21.51  30.38  25.51,https://cdn.cse.lk/cmt/upload_report_file/499_1784632256426.pdf
48496,SINH,2025-06-30,1,431300895,0.13,quarter,verified,55113920,1,Earnings/(Loss) Per Share - Basic  0.13  0.02,2.24,verified,967577662,Net Assets Per Share  2.24  1.87,https://cdn.cse.lk/cmt/upload_report_file/1444_1754044592463.pdf
49087,SINH,2025-09-30,1,431300895,0.23,quarter,verified,100834586,1,Earnings/(Loss) Per Share - Basic  0.23  0.07,2.35,verified,1013298326,Net Assets Per Share  2.35  1.92,https://cdn.cse.lk/cmt/upload_report_file/1444_1761560441031.pdf
50032,SINH,2025-12-31,1,431300895,0.39,quarter,verified,167294204,1,(Loss) Per Share - Basic  0.39  412,,not found,,,https://cdn.cse.lk/cmt/upload_report_file/1444_1770025260343.pdf
51362,SINH,2026-03-31,1,431300895,0.5,quarter,verified,216005345,1,Earnings/(Loss) Per Share - Basic  0.50  0.27,2.66,verified,1148015156,Net Assets Per Share  2.66  2.12,https://cdn.cse.lk/cmt/upload_report_file/1444_1779873873866.03.2026%204th%20Quarter.pdf
52135,SINH,2026-06-30,1,431301094.0799508,,,not found,,,,,not found,,,https://cdn.cse.lk/cmt/upload_report_file/1444_1785232568890.06.2026.pdf
48610,SINS,2025-06-30,1,1167617914.9040139,1.28,quarter,verified,1492548000,1000,Basic / Diluted Earnings Per Share (Rs.)  1.28  0.49  1.04  0.40,13.58,verified,15854608000,Net Assets per Share (Rs.)  13.58  10.10  12.62  9.99  7.38  9.27,https://cdn.cse.lk/cmt/upload_report_file/772_1754995184217.pdf
49340,SINS,2025-09-30,1,1167617914.9040139,2.51,ytd,verified,2928562000,1000,Basic / Diluted Earnings Per Share (Rs.)  2.51  1.10  1.92  0.86,14.45,verified,16870280000,Net Assets per Share (Rs.)  14.45  10.53  10.62  10.52  7.66  9.27,https://cdn.cse.lk/cmt/upload_report_file/772_1762854031234.09.2025.pdf
50048,SINS,2025-12-31,1,1167617914.9040139,4.24,ytd,verified,4953265000,1000,Basic / Diluted Earnings Per Share (Rs.)  4.24  2.28  3.31  1.82,,not found,,,https://cdn.cse.lk/cmt/upload_report_file/772_1770114200342.12.2025.pdf
51166,SINS,2026-03-31,1,1167617914.9040139,6.29,ytd,verified,7342676000,1000,Basic / Diluted Earnings Per Share (Rs.)  6.29  3.43  4.92  2.74,17.07,verified,19929958000,Net Assets per Share (Rs.)  17.07  12.62 12.39  9.27,https://cdn.cse.lk/cmt/upload_report_file/772_1779097589898.pdf
52308,SINS,2026-06-30,1,1167617914.9040139,1.84,quarter,verified,2147610000,1000,Basic / Diluted Earnings Per Share (Rs.)  1.84  1.28  1.64  1.04,,not found,,,https://cdn.cse.lk/cmt/upload_report_file/772_1786356207071.pdf
48643,SIRA,2025-06-30,1,537512438.4190847,0.78,unknown,verified,417884744,1,Basic Earnings Per Share  0.78  0.35  0.71  0.32,12.34,verified,6633027692,Net Asset Value per Share  12.34  9.71  11.56  12.10  9.66  11.39,https://cdn.cse.lk/cmt/upload_report_file/685_1755090347006.pdf
49124,SIRA,2025-09-30,1,537512438.4190847,2.55,unknown,verified,1369459346,1,Basic Earnings Per Share  2.55  1.11  2.42  1.01,14.11,verified,7586183364,Net Asset Value per Share  14.11  10.46  11.56  13.81  10.33  11.39,https://cdn.cse.lk/cmt/upload_report_file/685_1761904160013.pdf
50168,SIRA,2025-12-31,1,537512438.4190847,3.88,unknown,verified,2082981265,1,Basic Earnings Per Share  3.88  1.89  3.69  1.73,15.44,verified,8300203426,Net Asset Value per Share  15.44  11.24  11.56  15.08  11.06  11.39,https://cdn.cse.lk/cmt/upload_report_file/685_1770714410822.pdf
51454,SIRA,2026-03-31,1,537512438.4190847,4.95,ytd,verified,2659542533,1,Basic/Diluted Earnings Per Share  4.95  1.68  4.68  1.53,16.56,verified,8902724888,Net Asset Value per Share  16.56  11.56  16.12  11.39,https://cdn.cse.lk/cmt/upload_report_file/685_1780021441925.03.2026.pdf
52352,SIRA,2026-06-30,1,537512438.4190847,1.31,unknown,verified,705882838,1,Basic/Diluted Earnings Per Share  1.31  0.78  1.22  0.71,17.88,verified,9608611006,Net Asset Value per Share  17.88  12.34  16.56  17.34  12.10  16.12,https://cdn.cse.lk/cmt/upload_report_file/685_1786443251848.pdf
48533,SLND,2025-06-30,1,398906.00053003,,,not found,,,,,not found,,,https://cdn.cse.lk/cmt/upload_report_file/630_1754387036430.pdf
49685,SLND,2025-09-30,1,398906,,,not found,,,,,not found,,,https://cdn.cse.lk/cmt/upload_report_file/630_1763123064125.pdf
50106,SLND,2025-12-31,1,398905.99936272,,,not found,,,,,not found,,,https://cdn.cse.lk/cmt/upload_report_file/630_1770605230125.pdf
51204,SLND,2026-03-31,1,398905.99936272,-10.8,quarter,verified,-4309998,1,Earnings per share (Rs.)  (10.80)  11.36  (8.28)  33.68,,not found,,,https://cdn.cse.lk/cmt/upload_report_file/630_1779356341520.pdf
48747,SLTL,2025-06-30,2,1804859996.3156793,1.26,quarter,verified,2274000000,1000000,Earnings per share,52.74,verified,95308000000,Net asset value per share (Rs.)  52.74  50.61  40.13  38.92,https://cdn.cse.lk/cmt/upload_report_file/390_1755253454901.pdf
49606,SLTL,2025-09-30,2,1804859996.3156793,1.21,quarter,verified,2200000000,1000000,Earnings per share,53.96,verified,97510000000,Net asset value per share (Rs.)  53.96  50.61  40.92  38.92,https://cdn.cse.lk/cmt/upload_report_file/390_1763113213377.pdf
50633,SLTL,2025-12-31,2,1804859996.3156793,1.97,quarter,verified,3549000000,1000000,Earnings per share,55.85,verified,100929000000,Net asset value per share (Rs.)  55.85  50.61  42.06  38.92,https://cdn.cse.lk/cmt/upload_report_file/390_1772183464759.pdf
51103,SLTL,2026-03-31,2,1804859996.3156793,1.7,quarter,verified,3065000000,1000000,Earnings per share,57.5,verified,103917000000,Net asset value per share (Rs.)  57.50  55.85  43.15  42.06,https://cdn.cse.lk/cmt/upload_report_file/390_1778757795262.pdf
52749,SLTL,2026-06-30,2,1804859996.3156793,1.96,quarter,verified,3532000000,1000000,Earnings per share,58.81,verified,106273000000,Net asset value per share (Rs.)  58.81  55.85  43.92  42.06,https://cdn.cse.lk/cmt/upload_report_file/390_1786935906532.pdf
48573,SMOT,2025-06-30,1,6033622.03421349,23.4,unknown,verified,141200902,1,Basic earnings per share  23.40  32.52  19.90  24.54,,not found,,,https://cdn.cse.lk/cmt/upload_report_file/696_1754570945403.06.2025.pdf
49352,SMOT,2025-09-30,1,6033622.03421349,120.46,quarter,verified,726824613,1,Basic earnings/ (loss) per share  120.46  7.36  143.86  39.93  74.68  5.86  94.57  30.40,,not found,,,https://cdn.cse.lk/cmt/upload_report_file/696_1762859609582.09.2025.pdf
50531,SMOT,2025-12-31,1,6033622,,,not found,,,,,not found,,,https://cdn.cse.lk/cmt/upload_report_file/696_1771237278566.12.2025_45021761427949839.pdf
51394,SMOT,2026-03-31,1,6033622.03421349,136.37,quarter,verified,822329679,1,Basic earnings/ (loss) per share  136.37  7.44  345.02  49.03  121.31  11.20  293.51  47.93,,not found,,,https://cdn.cse.lk/cmt/upload_report_file/696_1779878882029.03.2026.pdf
52377,SMOT,2026-06-30,1,6033622.03421349,117.35,unknown,verified,707668745,1,Basic earnings/ (loss) per share  117.35  21.65  114.72  19.90,,not found,,,https://cdn.cse.lk/cmt/upload_report_file/696_1786502074435.6.2026.pdf
48476,SOY,2025-06-30,1,2750000,63.63,quarter,verified,174983823,1,Basic and Diluted Earnings Per Share  63.63  52.72,,not found,,,https://cdn.cse.lk/cmt/upload_report_file/488_1753956801716.pdf
50016,SOY,2025-12-31,1,2750000,59.52,unknown,verified,163686896,1,Basic and Diluted Earnings Per Share  59.52  60.28,,not found,,,https://cdn.cse.lk/cmt/upload_report_file/488_1769769171593.pdf
51475,SOY,2026-03-31,1,2750000,90.8,quarter,verified,249881784,1,Basic and Diluted Earnings Per Share  90.8 7  36.21,,not found,,,https://cdn.cse.lk/cmt/upload_report_file/488_1779979214355.pdf
52124,SOY,2026-06-30,1,2750000,,,not found,,,,,not found,,,https://cdn.cse.lk/cmt/upload_report_file/488_1785229682379.pdf
48664,SPEN,2025-06-30,1,405996043.6806179,1.31,quarter,verified,533725000,1000,Earnings per share,192.11,verified,77995082000,Net assets per share (Rs.)  192.11  190.23  66.15  64.65,https://cdn.cse.lk/cmt/upload_report_file/501_1755162414173.pdf
49573,SPEN,2025-09-30,1,405996043.6806179,0.98,quarter,verified,397114000,1000,Earnings per share,189.61,verified,76980197000,Net assets per share (Rs.)  189.61  190.23  62.25  64.65,https://cdn.cse.lk/cmt/upload_report_file/501_1763111105183.pdf
50260,SPEN,2025-12-31,1,405996043.6806179,5.07,quarter,verified,2059635000,1000,Earnings per share,196.06,verified,79599176000,Net assets per share (Rs.)  196.06  190.23  64.35  64.65,https://cdn.cse.lk/cmt/upload_report_file/501_1770887781572.pdf
51492,SPEN,2026-03-31,1,405996043.6806179,9.37,quarter,verified,3805111000,1000,Earnings per share,218.9,verified,88873606000,Net assets per share (Rs.)  218.90  190.23  63.34  64.65,https://cdn.cse.lk/cmt/upload_report_file/501_1780022923008.pdf
52595,SPEN,2026-06-30,1,405996043.6806179,3.58,quarter,verified,1451977000,1000,Earnings per share,223.61,verified,90783917000,Net assets per share (Rs.)  223.61  218.90  61.83  63.34,https://cdn.cse.lk/cmt/upload_report_file/501_1786698547448.pdf
48792,STAF,2025-06-30,1,63242954,1.97,quarter,verified,124642000,1000,Earnings per share (Rs.)  1.97  0.28,72.08,verified,4558468000,Net Assets per share (Rs.)  72.08  70.11,https://cdn.cse.lk/cmt/upload_report_file/603_1755485036163.pdf
49679,STAF,2025-09-30,1,63242954,0.14,quarter,verified,8611000,1000,Earnings per share (Rs.)  0.14  1.33  2.11  1.60,72.21,verified,4567083000,Net Assets per share (Rs.)  72.21  70.11  55.43,https://cdn.cse.lk/cmt/upload_report_file/603_1763124151378.pdf
50490,STAF,2025-12-31,1,63242954,,,not found,,,,72.57,verified,4589241000,Net assets per share (Rs.)  72.57  56.17,https://cdn.cse.lk/cmt/upload_report_file/603_1770984201851.pdf
51690,STAF,2026-03-31,1,63242954,,,not found,,,,73.69,verified,4660366000,Net assets per share (Rs.)  73.69  70.11,https://cdn.cse.lk/cmt/upload_report_file/603_1780074211597.pdf
52709,STAF,2026-06-30,1,63242954,,,not found,,,,74.07,verified,4684460000,Net assets per share (Rs.)  74.07  73.69  72.08,https://cdn.cse.lk/cmt/upload_report_file/603_1786711074290.pdf
48475,SUN,2025-06-30,1,1967894513.4730482,0.51,unknown,verified,1007484000,1000,Basic earnings per share  0.51  0.48  -,10.06,verified,19793041000,Net asset value per share (Rs.)  10.06  10.32,https://cdn.cse.lk/cmt/upload_report_file/510_1753957815933.pdf
49229,SUN,2025-09-30,1,1967894513.4730482,0.87,quarter,verified,1702271000,1000,Basic earnings per share  0.87  1.10  -  0.35  0.63  -,10.53,verified,20720265000,Net asset value per share (Rs.)  10.53  10.32,https://cdn.cse.lk/cmt/upload_report_file/510_1762422384062.pdf
50165,SUN,2025-12-31,1,1967894513.4730482,1.3,quarter,verified,2556795000,1000,Basic earnings per share  1.30  1.71  0.43  0.61,10.24,verified,20147855000,Net asset value per share (Rs.)  10.24  10.32,https://cdn.cse.lk/cmt/upload_report_file/510_1770714155373.pdf
51598,SUN,2026-03-31,1,1967894513.4730482,1.55,quarter,verified,3052657000,1000,Basic earnings per share  1.55  1.77  -  0.25  0.06  -,10.13,verified,19930639000,Net asset value per share (Rs.)  10.13  10.32,https://cdn.cse.lk/cmt/upload_report_file/510_1780046099310.pdf
52268,SUN,2026-06-30,1,1967894513.4730482,0.34,unknown,verified,665366000,1000,Basic earnings per share  0.34  0.41,9.87,verified,19416426000,Net asset value per share (Rs.)  9.87  10.13,https://cdn.cse.lk/cmt/upload_report_file/510_1786098766933.pdf
48709,SWAD,2025-06-30,1,149333.00137601,,,not found,,,,,not found,,,https://cdn.cse.lk/cmt/upload_report_file/687_1755169669359.pdf
49393,SWAD,2025-09-30,1,149333.00137601,,,not found,,,,,not found,,,https://cdn.cse.lk/cmt/upload_report_file/687_1762946118926.pdf
50369,SWAD,2025-12-31,1,149333.00137601,,,not found,,,,,not found,,,https://cdn.cse.lk/cmt/upload_report_file/687_1770974860607.pdf
51303,SWAD,2026-03-31,1,149333.00137601,,,not found,,,,,not found,,,https://cdn.cse.lk/cmt/upload_report_file/687_1779764591960.pdf
52604,SWAD,2026-06-30,1,149333.00205208,48.57,quarter,verified,7253593,1,Earnings / (Loss) per share (Rs.)  48.57  (119.50)  48.57  (119.50),,not found,,,https://cdn.cse.lk/cmt/upload_report_file/687_1786700773705.pdf
49392,TAFL,2025-09-30,2,23544999.87537038,20.11,quarter,verified,473557000,1000,Basic earnings per share (Rs.)  20.11  8.69  14.07  9.78,381.3,verified,8977734000,Net asset per share (Rs.)  381.30  371.70  330.27  326.31,https://cdn.cse.lk/cmt/upload_report_file/491_1762940212869.pdf
50975,TAFL,2026-03-31,2,23544999.87537038,17.59,quarter,verified,414138000,1000,Basic earnings per share (Rs.)  17.59  14.87,384.56,verified,9054498000,Net asset per share (Rs.)  384.56  406.97,https://cdn.cse.lk/cmt/upload_report_file/491_1777539902095.pdf
52170,TAFL,2026-06-30,2,23544999.87537038,21.7,quarter,verified,510999000,1000,Basic earnings per share (Rs.)  21.70  4.61,406.26,verified,9565497000,Net asset per share (Rs.)  406.26  406.97,https://cdn.cse.lk/cmt/upload_report_file/491_1785489093575.pdf
48380,TAJ,2025-06-30,1,171866018,,,not found,,,,,not found,,,https://cdn.cse.lk/cmt/upload_report_file/604_1752829484116.pdf
49510,TAJ,2025-09-30,1,171866018.67480126,,,not found,,,,,not found,,,https://cdn.cse.lk/cmt/upload_report_file/604_1763028734603.pdf
50454,TAJ,2025-12-31,1,171866018.67480126,,,not found,,,,,not found,,,https://cdn.cse.lk/cmt/upload_report_file/604_1770981227157.pdf
50898,TAJ,2026-03-31,1,171866018.67480126,0.51,quarter,verified,87098000,1000,Earnings/(Loss) per Share (Rs.)  0.51  (0.80)  (1.46)  (2.35),,not found,,,https://cdn.cse.lk/cmt/upload_report_file/604_1775830674903.pdf
48603,TANG,2025-06-30,1,20000000,,,not found,,,,,not found,,,https://cdn.cse.lk/cmt/upload_report_file/605_1755055637275.pdf
49489,TANG,2025-09-30,1,20000000,-1.71,ytd,verified,-34155000,1000,Earnings Per Share - Basic  (1.71)  (7.60)  5.89  (1.88)  (3.40)  1.52,166.04,verified,3320885000,Net Assets per Share ( Rs. )  166.04  141.69  167.55,https://cdn.cse.lk/cmt/upload_report_file/605_1763029613150.9.2025.pdf
50332,TANG,2025-12-31,1,20000000,2.05,ytd,verified,40907000,1000,Earnings Per Share - Basic  2.05  (7.04)  9.08  3.75  0.56  3.20,169.87,verified,3397381000,Net Assets per Share ( Rs. )  169.87  142.49  167.55,https://cdn.cse.lk/cmt/upload_report_file/605_1770973592259.pdf
51272,TANG,2026-03-31,1,20000000,10.04,ytd,verified,200861000,1000,Earnings Per Share - Basic  10.04  3.32  6.73  8.00  10.34  (2.34),177.83,verified,3556578000,Net Assets per Share ( Rs. )  177.83  167.55,https://cdn.cse.lk/cmt/upload_report_file/605_1779700137068.pdf
52348,TANG,2026-06-30,1,20000000,-0.63,quarter,verified,-12618000,1000,Earnings Per Share - Basic  (0.63)  0.18  (0.81),177.35,verified,3546933000,Net Assets per Share ( Rs. )  177.35  167.80  177.83,https://cdn.cse.lk/cmt/upload_report_file/605_1786443385652.pdf
48650,TAP,2025-06-30,1,1002653537.3456016,0.6,unknown,verified,602889000,1000,Earnings/(Loss) per share,6.97,verified,6992676000,Net Assets Per Share (Rs.)  6.97  6.37  5.59  5.54,https://cdn.cse.lk/cmt/upload_report_file/1181_1755084460593.pdf
49359,TAP,2025-09-30,1,1002653537.3456016,3.12,unknown,verified,3132413000,1000,Earnings/(Loss) per share,10.1,verified,10124066000,Net Assets Per Share (Rs.)  10.10  6.37  6.20  5.54,https://cdn.cse.lk/cmt/upload_report_file/1181_1762861457926.pdf
50473,TAP,2025-12-31,1,1002653537.3456016,-0.88,quarter,verified,-886787000,1000,Earnings/(Loss) per share,9.21,verified,9233771000,Net Assets Per Share (Rs.)  9.21  6.37  10.03  5.54,https://cdn.cse.lk/cmt/upload_report_file/1181_1770982038604.pdf
51196,TAP,2026-03-31,1,1022352861.2028581,-0.38,quarter,verified,-380472000,1000,Earnings/(Loss) per share,8.46,verified,8651235000,Net Assets Per Share (Rs.)  8.46  6.37  9.40  5.54,https://cdn.cse.lk/cmt/upload_report_file/1181_1779190523308.pdf
52742,TAP,2026-06-30,1,1022352861.2028581,-0.39,unknown,verified,-395130000,1000,Earnings/(Loss) per share,8.08,verified,8257159000,Net Assets Per Share (Rs.)  8.08  8.47  9.28  9.30,https://cdn.cse.lk/cmt/upload_report_file/1181_1786931840868.pdf
48828,TESS,2025-06-30,1,66666666.66666667,,,not found,,,,,not found,,,https://cdn.cse.lk/cmt/upload_report_file/781_1755774722723.pdf
49144,TESS,2025-09-30,1,66666666.66666667,,,not found,,,,,not found,,,https://cdn.cse.lk/cmt/upload_report_file/781_1762137983149.pdf
50061,TESS,2025-12-31,1,66666666.66666667,,,not found,,,,,not found,,,https://cdn.cse.lk/cmt/upload_report_file/781_1770219339725.pdf
51162,TESS,2026-03-31,1,66666669.3312737,,,not found,,,,,not found,,,https://cdn.cse.lk/cmt/upload_report_file/781_1778849155879.pdf
52796,TESS,2026-06-30,1,66666669.3312737,,,not found,,,,,not found,,,https://cdn.cse.lk/cmt/upload_report_file/781_1787223623358.pdf
48525,TILE,2025-06-30,1,265252049.951407,0.54,quarter,verified,143221000,1000,Earnings per ordinary share-basic (Rs)  0.54  0.78  (31)  0.61  0.82  (25),58.22,verified,15442592000,Net asset value per share (Rs.)  58.22  58.05  57.83  57.62,https://cdn.cse.lk/cmt/upload_report_file/677_1754304667084.06.2025.pdf
49200,TILE,2025-09-30,1,265252121.7753258,,,not found,,,,,not found,,,https://cdn.cse.lk/cmt/upload_report_file/677_1762255037465.pdf
50008,TILE,2025-12-31,1,265252049.951407,1.44,quarter,verified,386980000,1000,Earnings per ordinary share-basic (Rs)  1.44  1.12  3.05  3.32  (8)  1.48  1.31  3.23  3.64  (11),60.79,verified,16111742000,Net asset value per share (Rs.)  60.79  58.05  60.45  57.62,https://cdn.cse.lk/cmt/upload_report_file/677_1769766804287.12.2025.pdf
51464,TILE,2026-03-31,1,265252050,,,not found,,,,60.72,verified,16086123000,Net asset value per share (Rs.)  60.72  58.05  60.35  57.62,https://cdn.cse.lk/cmt/upload_report_file/677_1779995769661.03.2026%20Final.pdf
52252,TILE,2026-06-30,1,265006547.3963732,0.94,quarter,verified,244947000,1000,Basic Earning Per Share - Rs.  0.94  0.57,61,verified,16298242000,Net Assets Value Per Share (Rs.)  61  61  61  60,https://cdn.cse.lk/cmt/upload_report_file/677_1786015761768.pdf
48480,TJL,2025-06-30,1,721457729.5072126,-2.34,quarter,verified,-1685408000,1000,Basic earnings per share (LKR)  (2.34)  0.77  -403%  0.29  0.22  3.88,,not found,,,https://cdn.cse.lk/cmt/upload_report_file/1080_1753961652537.06.2025.pdf
49670,TJL,2025-09-30,1,721457729.5072126,0.21,quarter,verified,149874000,1000,Basic earnings per share (LKR)  0.21  1.05  -80%  0.50  1.27  3.88,,not found,,,https://cdn.cse.lk/cmt/upload_report_file/1080_1763112002882.09.2025.pdf
50291,TJL,2025-12-31,1,721457729.5072126,-0.7,quarter,verified,-504382000,1000,Basic (loss)/earnings per share (LKR)  (0.70)  1.36  -151%  (0.20)  2.62  3.88,,not found,,,https://cdn.cse.lk/cmt/upload_report_file/1080_1770894898107.12.2025.pdf
51639,TJL,2026-03-31,1,721457729.5072126,0.28,quarter,verified,201935000,1000,Basic earnings per share (LKR)  0.28  1.25  -78%  0.08  3.88  3.88,,not found,,,https://cdn.cse.lk/cmt/upload_report_file/1080_1780052088397.03.2026.pdf
52360,TJL,2026-06-30,1,721457729.5072126,-0.46,quarter,verified,-332639000,1000,Basic (loss)/earnings per share (LKR)  (0.46)  1.25  -137%  (0.67)  0.29  0.07,,not found,,,https://cdn.cse.lk/cmt/upload_report_file/1080_1786445000451.06.2026.pdf
48481,TPL,2025-06-30,1,47500000.06690141,3.12,ytd,verified,148117000,1000,26.00 Basic earnings per share (Rs.)  3.12  2.07,,not found,,,https://cdn.cse.lk/cmt/upload_report_file/726_1753961428892.pdf
49164,TPL,2025-09-30,1,47500000.06690141,5.49,ytd,verified,260940000,1000,26.00  Basic earnings per share (Rs.)  5.49  11.40  2.38  9.33,,not found,,,https://cdn.cse.lk/cmt/upload_report_file/726_1762173967380.09.2025.pdf
50035,TPL,2025-12-31,1,47500000.06690141,10.69,ytd,verified,507771000,1000,26.00  Basic earnings per share (Rs.)  10.69  14.79  5.20  3.39,,not found,,,https://cdn.cse.lk/cmt/upload_report_file/726_1770034586512.12.2025.pdf
51045,TPL,2026-03-31,1,47500000.06690141,19.5,ytd,verified,926052000,1000,Basic earnings per share (Rs.)  19.50  26.00  8.81  11.20,160.33,verified,7615473000,Net Assets Per Share (Rs.)  160.33  149.52  159.00  147.27,https://cdn.cse.lk/cmt/upload_report_file/726_1778505845964.03.2026.pdf
52197,TPL,2026-06-30,1,47500000.06690141,3.99,ytd,verified,189475000,1000,19.50 Basic earnings per share (Rs.)  3.99  3.12,,not found,,,https://cdn.cse.lk/cmt/upload_report_file/726_1785759096702.pdf
48460,TRAN,2025-06-30,1,200000000,-0.1,quarter,verified,-19972000,1000,Loss per share  (0.10)  (0.49),34.09,verified,6817001000,Net assets per share  34.09  34.18,https://cdn.cse.lk/cmt/upload_report_file/606_1753866915807.pdf
49176,TRAN,2025-09-30,1,200000000,0.28,quarter,verified,55069000,1000,Profit / (Loss) per share  0.28  0.27  0.18  (0.21),34.36,verified,6872229000,Net assets per share  34.36  34.18,https://cdn.cse.lk/cmt/upload_report_file/606_1762247258159.pdf
49980,TRAN,2025-12-31,1,200000000,1.49,quarter,verified,298506000,1000,Profit per share  1.49  0.63  1.67  0.42,37.25,verified,7450554000,Net assets per share  37.25  34.18,https://cdn.cse.lk/cmt/upload_report_file/606_1769593052182.pdf
51332,TRAN,2026-03-31,1,200000000,0.79,quarter,verified,158276000,1000,Earnings per share  0.79  0.73  2.46  1.15,36.93,verified,7386448000,Net assets per share  36.93  34.18,https://cdn.cse.lk/cmt/upload_report_file/606_1779797796251.pdf
52121,TRAN,2026-06-30,1,200000000,-0.52,quarter,verified,-103277000,1000,Loss per share  (0.52)  (0.10),36.42,verified,7283255000,Net assets per share  36.42  36.93,https://cdn.cse.lk/cmt/upload_report_file/606_1785229782765.pdf
48721,TSML,2025-06-30,1,30000000.13285321,0.83,quarter,verified,24811000,1000,Earnings per share - Basic  0.83  0.42  ``,57.92,verified,1737646000,Net Assets Per Share (Rs.)  57.92  56.19  57.09,https://cdn.cse.lk/cmt/upload_report_file/490_1755173233002.pdf
49697,TSML,2025-09-30,1,30000000.13285321,1.38,quarter,verified,41262000,1000,Earnings per share - Basic  1.38  0.05  2.20  0.47,59.3,verified,1778907000,Net Assets Per Share (Rs.)  59.30  56.24  57.09,https://cdn.cse.lk/cmt/upload_report_file/490_1763203344354.pdf
50231,TSML,2025-12-31,1,30000000.13285321,0.4,quarter,verified,12042000,1000,Earnings per share - Basic  0.40  0.06  2.60  0.53,59.7,verified,1790949000,Net Assets Per Share (Rs.)  59.70  57.09,https://cdn.cse.lk/cmt/upload_report_file/490_1770809845455.pdf
51441,TSML,2026-03-31,1,30000000.13285321,2.92,quarter,verified,87569000,1000,Earnings per share - Basic  2.92  0.19  5.52  0.72,62.61,verified,1878446000,Net Assets Per Share (Rs.)  62.61  57.09,https://cdn.cse.lk/cmt/upload_report_file/490_1779894160990.pdf
52545,TSML,2026-06-30,1,30000000.13285321,0.65,quarter,verified,19432000,1000,Earnings per share - Basic  0.65  0.83,63.26,verified,1897878000,Net Assets Per Share (Rs.)  63.26  62.61,https://cdn.cse.lk/cmt/upload_report_file/490_1786628491802.pdf
48629,TYRE,2025-06-30,1,80400000.10453504,0.95,quarter,verified,76510000,1000,Earning per share (for the period)  0.95  2.37  9.30  0.05,95.13,verified,7648481000,Net Asset Value Per share  95.13  94.18  33.56  24.25,https://cdn.cse.lk/cmt/upload_report_file/673_1755078902145.pdf
49355,TYRE,2025-09-30,1,80400000.10453504,2.42,ytd,verified,194724000,1000,Earning per share (for the period)  2.42  4.42  9.29  7.06  1.47  2.05  (0.01)  7.01,90.1,verified,7244251000,Net Asset Value Per share  90.10  94.18  27.04  24.25,https://cdn.cse.lk/cmt/upload_report_file/673_1762860330884.pdf
50184,TYRE,2025-12-31,1,80400000.10453504,3.73,ytd,verified,299894000,1000,Earning per share (for the period)  3.73  6.49  8.60  6.48  1.31  2.07  (0.69)  (0.58),91.41,verified,7349579000,Net Asset Value Per share  91.41  94.18  26.35  24.25,https://cdn.cse.lk/cmt/upload_report_file/673_1770718556271.pdf
51132,TYRE,2026-03-31,1,80400000.10453504,5.85,unknown,verified,470215000,1000,Earning per share (for the period)  5.85  8.74  8.41  6.70  2.12  2.25  (0.19)  0.22,93.56,verified,7522366000,Net Asset Value Per share  93.56  94.18  26.28  24.25,https://cdn.cse.lk/cmt/upload_report_file/673_1778836955972.pdf
52393,TYRE,2026-06-30,1,80400000.10453504,1.98,quarter,verified,158868000,1000,Earning per share (for the period)  1.98  (0.69)  (0.05)  9.30,95.5,verified,7678213000,Net Asset Value Per share  95.50  93.54  26.21  26.26,https://cdn.cse.lk/cmt/upload_report_file/673_1786529327021.pdf
48426,UAL,2025-06-30,2,589285722.2222222,1.36,ytd,verified,802999000,1000,Earnings per share,35.98,verified,21202142000,Net assets per share  35.98  40.16,https://cdn.cse.lk/cmt/upload_report_file/450_1753434125093.pdf
49160,UAL,2025-09-30,2,589285722.2222222,1.32,unknown,verified,775901000,1000,Earnings per share,35.11,verified,20689319000,Net assets per share  35.11  40.16,https://cdn.cse.lk/cmt/upload_report_file/450_1762161826162.pdf
50651,UAL,2025-12-31,2,589285722.2222222,5.72,ytd,verified,3369914000,1000,Earnings per share,39.66,verified,23372593000,Net assets per share  39.66  40.16,https://cdn.cse.lk/cmt/upload_report_file/450_1772187085138.pdf
51040,UAL,2026-03-31,2,589285722.2222222,0.45,quarter,verified,266406000,1000,Earnings per share,34.09,verified,20088315000,Net assets per share  34.09  39.66,https://cdn.cse.lk/cmt/upload_report_file/450_1778490827272.pdf
52587,UAL,2026-06-30,2,589285722.2222222,0.86,ytd,verified,504239000,1000,Earnings per share,32.4,verified,19090376000,Net assets per share  32.40  39.66,https://cdn.cse.lk/cmt/upload_report_file/450_1786698498893.pdf
48469,UBC,2025-06-30,2,1083558339.2531548,0.23,ytd,verified,251101000,1000,Earnings per share - Basic  0.23  0.07  247  0.19  0.02  749  0.23  0.06  271  0.18  0.02  1100,18.7,verified,20262545000,Net asset value per share ( LKR )  18.70  18.31  18.70  18.32,https://cdn.cse.lk/cmt/upload_report_file/1047_1753874215204.pdf
49104,UBC,2025-09-30,2,1083558339.2531548,0.32,ytd,verified,342947000,1000,Earnings per share - Basic  0.32  0.11  194  0.08  0.04  107  0.31  0.10  205  0.08  0.04  107,18.68,verified,20238201000,Net asset value per share ( LKR )  18.68  18.31  18.68  18.32,https://cdn.cse.lk/cmt/upload_report_file/1047_1761738914136.09.2025.pdf
50631,UBC,2025-12-31,2,1083558339.2531548,0.6,ytd,verified,654694000,1000,Earnings per share - Basic  0.6  0.3  118  0.3  0.2  70  0.6  0.3  117  0.3  0.2  64,18.8,verified,20321570000,Net asset value per share ( LKR )  18.8  18.3  18.8  18.3,https://cdn.cse.lk/cmt/upload_report_file/1047_1772185273952.pdf
50966,UBC,2026-03-31,2,1083558339.2531548,0.31,quarter,verified,333675000,1000,Earnings per share - Basic  0.31  0.05  570  0.11  0.04  163,19,verified,20569454000,Net asset value per share ( LKR )  19.0  18.8  18.8  18.8,https://cdn.cse.lk/cmt/upload_report_file/1047_1777456241593.pdf
52168,UBC,2026-06-30,2,1083558339.2531548,0.54,ytd,verified,586925000,1000,Earnings per share - Basic  0.54  0.23  134  0.23  0.19  26  0.55  0.23  142  0.44  0.18  137,19,verified,20557701000,Net asset value per share ( LKR )  19.0  18.8  19.0  18.8,https://cdn.cse.lk/cmt/upload_report_file/1047_1785488568538.06.2026.pdf
48593,UBF,2025-06-30,1,3178485355.572987,,,not found,,,,,not found,,,https://cdn.cse.lk/cmt/upload_report_file/2998_1754966143322.pdf
49377,UBF,2025-09-30,1,3178485367,0.009,quarter,verified,29214148,1,Earnings per Share: Basic  0.009  0.004  0.012  0.002,,not found,,,https://cdn.cse.lk/cmt/upload_report_file/2998_1762938166769.09.2025....pdf
50175,UBF,2025-12-31,1,3178485360.227838,0.008,quarter,verified,24881009,1,Earnings per Share: Basic  0.008  0.003  0.019  0.0002,,not found,,,https://cdn.cse.lk/cmt/upload_report_file/2998_1770715783742.12.2025.pdf
51381,UBF,2026-03-31,1,3178485380.3190794,0.014,quarter,verified,45676724,1,Earnings per Share: Basic  0.014  0.012  0.034  0.013,,not found,,,https://cdn.cse.lk/cmt/upload_report_file/2998_1779877979323.03.2026%20-%20UBF%20For%20CSE.pdf
52169,UBF,2026-06-30,1,3178485372.290675,0.008,quarter,verified,26857544,1,Earnings per Share: Basic  0.008  0.002,,not found,,,https://cdn.cse.lk/cmt/upload_report_file/2998_1785488565526.06.2026.pdf
49085,UCAR,2025-06-30,2,1500000,44.7,quarter,verified,67046000,1000,Earnings per Share (Rs.)  44.70  34.55  123.17  115.99  159.55,931.93,verified,1397890000,Net Assets per Share  931.93  829.37  844.75,https://cdn.cse.lk/cmt/upload_report_file/500_1761556158831.pdf
50983,UCAR,2025-12-31,2,1500000,57.77,quarter,verified,86657000,1000,Earnings per Share (Rs.)  57.77  41.22  183.36,1013.92,verified,1520885000,"Net Assets per Share  1,013.92  885.97  956.15",https://cdn.cse.lk/cmt/upload_report_file/500_1777544954769.pdf
53129,UCAR,2026-03-31,2,1500000,36.18,quarter,verified,54272000,1000,Earnings per Share (Rs.)  36.18  37.26  93.95  78.47  183.36,1006.1,verified,1509157000,"Net Assets per Share  1,006.10  887.23  956.15",https://cdn.cse.lk/cmt/upload_report_file/500_1789981326374.06.2026.pdf
48773,UDPL,2025-06-30,1,19398850.09862664,34.93,quarter,verified,677669000,1000,Earnings per share - Rs.  34.93  8.40  10.84  (22),244.43,verified,4741659000,Net assets per share Rs.  244.43  217.90  209.49,https://cdn.cse.lk/cmt/upload_report_file/727_1755256922861.06.2025%20-%20Final%20UDPL.pdf
49698,UDPL,2025-09-30,1,19398850.09862664,5.94,quarter,verified,115142000,1000,Earnings per share - Rs.  5.94  14.03  (58)  40.87  24.87  64,249.84,verified,4846595000,Net assets per share Rs.  249.84  209.49  221.71  209.49,https://cdn.cse.lk/cmt/upload_report_file/727_1763203114287.pdf
50230,UDPL,2025-12-31,1,19398850.09862664,4.62,quarter,verified,89701000,1000,Earnings per share - Rs.  4.62  10.84  (57)  45.49  35.72  27,254.31,verified,4933319000,Net assets per share Rs.  254.31  209.49  225.71  209.49,https://cdn.cse.lk/cmt/upload_report_file/727_1770809604120.pdf
51455,UDPL,2026-03-31,1,19398850.09862664,15.6,quarter,verified,302580000,1000,Earnings per share - Rs.  15.60  (5.77)  371  60.41  29.95  102,266.27,verified,5165371000,Net assets per share Rs.  266.27  209.49  234.28  209.49,https://cdn.cse.lk/cmt/upload_report_file/727_1780021292944.03.2026%20-%20Sgd.pdf
52542,UDPL,2026-06-30,1,19398850.09862664,8.59,quarter,verified,166544000,1000,Earnings per share - Rs.  8.59  34.93  (75),274.86,verified,5331916000,Net assets per share Rs.  274.86  266.27  242.11  234.28,https://cdn.cse.lk/cmt/upload_report_file/727_1786627858959.pdf
48563,UML,2025-06-30,1,1009006260,,,not found,,,,,not found,,,https://cdn.cse.lk/cmt/upload_report_file/697_1754561344152.pdf
49324,UML,2025-09-30,1,1009006260,,,not found,,,,,not found,,,https://cdn.cse.lk/cmt/upload_report_file/697_1762767291141.pdf
50240,UML,2025-12-31,1,1009006260,,,not found,,,,,not found,,,https://cdn.cse.lk/cmt/upload_report_file/697_1770864610823.pdf
51378,UML,2026-03-31,1,1009006254.7253677,3.58,quarter,verified,3610816000,1000,Earnings per share-basic and diluted (LKR)  3.58  0.07  1.16  0.03  2.18  0.34  1.08  0.16,17.41,verified,17571001000,Net assets per share -LKR  17.41  13.52  17.40  14.96,https://cdn.cse.lk/cmt/upload_report_file/697_1779876365868.pdf
52336,UML,2026-06-30,1,1009006254.7253677,0.81,unknown,verified,815946000,1000,Earnings per share-basic and diluted (LKR)  0.81  0.31  0.34  0.11,17.82,verified,17983357000,Net assets per share -LKR  17.82  17.41  17.34  17.40,https://cdn.cse.lk/cmt/upload_report_file/697_1786440145924.pdf
48410,VFIN,2025-06-30,1,264885075,,,not found,,,,,not found,,,https://cdn.cse.lk/cmt/upload_report_file/949_1753264694169.06.2025.pdf
49083,VFIN,2025-09-30,1,264885075,,,not found,,,,,not found,,,https://cdn.cse.lk/cmt/upload_report_file/949_1761217367098.09.2025.pdf
49919,VFIN,2025-12-31,1,264885075,,,not found,,,,,not found,,,https://cdn.cse.lk/cmt/upload_report_file/949_1768819981681.12.2025.pdf
51484,VFIN,2026-03-31,1,264885075,,,not found,,,,,not found,,,https://cdn.cse.lk/cmt/upload_report_file/949_1780023459732.03.2026-%20CSE%20upload.pdf
52395,VFIN,2026-06-30,1,264885075,,,not found,,,,80.15,verified,21230498000,Net Assets Value Per Share (Rs.)  80.15  76.59  4.6  83.69  80.28  4.2,https://cdn.cse.lk/cmt/upload_report_file/949_1786527104139.06.2026.pdf
48607,VLL,2025-06-30,1,1027108699.7608469,0.28,quarter,verified,283904544,1,Earnings Per Share  0.28  0.37  0.31  0.32,8,verified,8221704821,Net Asset Value Per Share (Rs)  8.00  8.02  3.55  3.59,https://cdn.cse.lk/cmt/upload_report_file/455_1754989978148.06.2025%20-%20Interim%20Financial%20Statement.pdf
49285,VLL,2025-09-30,1,1027403369.5836083,0.3,quarter,verified,311285232,1,Earnings Per Share - Basic / Diluted  0.30  0.46  0.58  0.85,8.31,verified,8536268134,Net Asset Value Per Share (Rs)  8.31  7.99  3.45  3.55,https://cdn.cse.lk/cmt/upload_report_file/455_1762509288618.09.2025%20-%20Interim%20Financial%20Statement.pdf
50458,VLL,2025-12-31,1,1037905897.9360424,0.34,quarter,verified,347435351,1,Earnings Per Share - Basic / Diluted  0.34  0.51  0.92  1.35,8.48,verified,8762456612,Net Asset Value Per Share (Rs)  8.48  7.99  3.58  3.55,https://cdn.cse.lk/cmt/upload_report_file/455_1770980685125.12.2025%20-%20Interim%20Financial%20Statement.pdf
51243,VLL,2026-03-31,1,1037905897.9360424,0.53,quarter,verified,548569545,1,Earnings Per Share - Basic / Diluted  0.53  0.24  1.45  1.57,8.97,verified,9269393720,Net Asset Value Per Share (Rs)  8.97  7.99  3.86  3.55,https://cdn.cse.lk/cmt/upload_report_file/455_1779450553925.pdf
52758,VLL,2026-06-30,1,1037905910.023974,0.52,quarter,verified,539650139,1,Earnings Per Share  0.52  0.27  0.46  0.31,9.95,verified,10310715580,Net Asset Value Per Share (Rs)  9.95  9.11  4.36  3.87,https://cdn.cse.lk/cmt/upload_report_file/455_1786958339176.06.2026.pdf
49657,VONE,2025-09-30,1,1138915635.9249136,0.1,quarter,verified,115103000,1000,Earnings Per Share (Rs.)  0.10  0.06  1.34  1.29  2.33  1.93  4.03  3.23,46.59,verified,53057382000,Net Asset Per Share (Rs.)  46.59  44.74  100.22  95.66,https://cdn.cse.lk/cmt/upload_report_file/1074_1763121226789.pdf
50501,VONE,2025-12-31,1,1138915635.9249136,0.03,quarter,verified,31020000,1000,Earnings Per Share (Rs.)  0.03  0.01  1.37  1.30  2.58  1.98  6.61  5.21,46.81,verified,53307591000,Net Asset Per Share (Rs.)  46.81  44.74  103.03  95.66,https://cdn.cse.lk/cmt/upload_report_file/1074_1770987430441.12.2025.pdf
51660,VONE,2026-03-31,1,1138915635.9249136,2.33,quarter,verified,2652332000,1000,Earnings Per Share (Rs.)  2.33  2.24  3.69  3.54  4.94  5.11  11.56  10.33,48.94,verified,55737038000,Net Asset Per Share (Rs.)  48.94  44.74  108.75  95.66,https://cdn.cse.lk/cmt/upload_report_file/1074_1780063899300.03.2026.pdf
52690,VONE,2026-06-30,1,1138915635.9249136,1.82,quarter,verified,2077843000,1000,Earnings Per Share (Rs.)  1.82  1.24  2.42  1.71,48.96,verified,55755802000,Net Asset Per Share (Rs.)  48.96  48.94  109.55  108.75,https://cdn.cse.lk/cmt/upload_report_file/1074_1786707371158.6.2026.pdf
48608,VPEL,2025-06-30,1,747109728.2262251,,,not found,,,,,not found,,,https://cdn.cse.lk/cmt/upload_report_file/454_1754990707761.06.2025.pdf
49346,VPEL,2025-09-30,1,747109728.2262251,,,not found,,,,,not found,,,https://cdn.cse.lk/cmt/upload_report_file/454_1762854293167.pdf
50302,VPEL,2025-12-31,1,747109728.2262251,,,not found,,,,,not found,,,https://cdn.cse.lk/cmt/upload_report_file/454_1770898313532.pdf
51263,VPEL,2026-03-31,1,747109728.2262251,0.03,ytd,verified,24261943,1,Basic Earnings Per Share  0.03  (0.06)  1.69  1.31  0.02  0.57  0.99  1.37,,not found,,,https://cdn.cse.lk/cmt/upload_report_file/454_1779678892330.pdf
52490,VPEL,2026-06-30,1,747109728.2262251,,,not found,,,,,not found,,,https://cdn.cse.lk/cmt/upload_report_file/454_1786618555156.pdf
48804,WAPO,2025-06-30,1,118328116,,,not found,,,,,not found,,,https://cdn.cse.lk/cmt/upload_report_file/612_1755486342568.pdf
49292,WAPO,2025-09-30,1,118328116,,,not found,,,,,not found,,,https://cdn.cse.lk/cmt/upload_report_file/612_1762516930906.pdf
50023,WAPO,2025-12-31,1,118328116,,,not found,,,,,not found,,,https://cdn.cse.lk/cmt/upload_report_file/612_1769859675931.pdf
51399,WAPO,2026-03-31,1,118328116,-0.77,quarter,verified,-90990000,1000,Earnings Per Share  (0.77)  (1.41)  7.20  23.58,23.65,verified,2798528000,Net Assets per share (Rs.)  23.65  67.66,https://cdn.cse.lk/cmt/upload_report_file/612_1779879256912.pdf
52093,WAPO,2026-06-30,1,118328116,0.71,quarter,verified,83523000,1000,Earnings Per Share  0.71  2.54  0.71  2.54,24.56,verified,2906078000,Net Assets per share (Rs.)  24.56  23.85,https://cdn.cse.lk/cmt/upload_report_file/612_1785151738657.pdf
48467,WATA,2025-06-30,1,1016543168.7480979,0.81,quarter,verified,826016000,1000,Basic Earning per share (LKR)  0.81  0.57,,not found,,,https://cdn.cse.lk/cmt/upload_report_file/728_1753875550402.pdf
49205,WATA,2025-09-30,1,1016543168.7480979,0.89,quarter,verified,905497000,1000,Basic Earning per share (LKR)  0.89  0.42  -  1.71  0.99  -,3.92,verified,3984998000,business. The net assets per share at group level decreased to LKR 3.92 as of 30th September,https://cdn.cse.lk/cmt/upload_report_file/728_1762255205794.pdf
50147,WATA,2025-12-31,1,1016543168.7480979,0.46,quarter,verified,466934000,1000,Basic Earning per share (LKR)  0.46  0.48  -  2.17  1.47  -,2.68,verified,2723809000,business. Net assets per share at group level decreased to LKR 2.68 as of 31 st December 2025,https://cdn.cse.lk/cmt/upload_report_file/728_1770639721348.pdf
51373,WATA,2026-03-31,1,1016543168.7480979,0.18,quarter,verified,183572000,1000,Basic Earning per share (LKR)  0.18  0.41  2.34  1.89,2.86,verified,2906086000,improved margins in the palm oil segment. Net assets per share stood at LKR 2.86 as at FY26 compared,https://cdn.cse.lk/cmt/upload_report_file/728_1779876948545.pdf
52264,WATA,2026-06-30,1,1016543168.7480979,0.88,quarter,verified,884708000,1000,Basic Earning per share (LKR)  0.88  0.82,2.94,verified,2992939000,"performance in oil palm segment. Net assets per share decreased marginally to LKR 2.94 as of 1QFY27,",https://cdn.cse.lk/cmt/upload_report_file/728_1786094866368.pdf
48687,WIND,2025-06-30,1,1350768940.4484947,0.55,quarter,verified,755026171,1,Earning per share  0.55  0.35,17.93,verified,24218319782,Net assets per share  17.93  17.22,https://cdn.cse.lk/cmt/upload_report_file/2173_1755173456575.pdf
49576,WIND,2025-09-30,1,1350843926.5462186,0.57,unknown,verified,766091841,1,Earning per share  0.57  0.80  1.11  1.15,18.56,verified,25073263061,Net assets per share(LKR)  18.56  17.22,https://cdn.cse.lk/cmt/upload_report_file/2173_1763111072463.pdf
50446,WIND,2025-12-31,1,1353140898.2336745,0.1,quarter,verified,136093412,1,Earning per share  0.10  0.06  1.21  1.21,18.78,verified,25418088750,Net assets per share  18.78  17.22,https://cdn.cse.lk/cmt/upload_report_file/2173_1770976615761.pdf
51400,WIND,2026-03-31,1,1354303873.2799568,-0.11,quarter,verified,-150431515,1,Earning per share  (0.11)  0.11  1.10  1.32,18.72,verified,25347688218,Net assets per share (LKR)  18.72  17.22,https://cdn.cse.lk/cmt/upload_report_file/2173_1779880705471.pdf
52549,WIND,2026-06-30,1,1354667892.2853599,0.56,quarter,verified,750459622,1,Earning per share  0.56  0.55,19.3,verified,26148255889,Net assets per share (LKR)  19.30  18.75,https://cdn.cse.lk/cmt/upload_report_file/2173_1786674329905.pdf
51538,WLTH,2026-03-31,1,1225052939,,,not found,,,,5.6,verified,6862385744,11 Net Assets per Ordinary Share - (Rs.)  5.60  5.04,https://cdn.cse.lk/cmt/upload_report_file/3479_1780046159758.pdf
52019,WLTH,2026-06-30,1,1225052939,,,not found,,,,5.23,verified,6407155428,11 Net Assets per Ordinary Share - (Rs.)  5.23  5.60,https://cdn.cse.lk/cmt/upload_report_file/3479_1784171573367.pdf
48528,YORK,2025-06-30,1,150000000,,,not found,,,,,not found,,,https://cdn.cse.lk/cmt/upload_report_file/641_1754385835719.06.2025.pdf
49101,YORK,2025-09-30,1,150000000,,,not found,,,,,not found,,,https://cdn.cse.lk/cmt/upload_report_file/641_1761735275553.pdf
50151,YORK,2025-12-31,1,150000000,,,not found,,,,,not found,,,https://cdn.cse.lk/cmt/upload_report_file/641_1770692726336.12.2025.pdf
51172,YORK,2026-03-31,1,150000001.24558648,-0.02,quarter,verified,-3235000,1000,Basic and diluted (loss)/earnings per share  (0.02)  (0.01)*  (0.02)  0.01*,1.43,verified,215121000,Net Assets per Share  1.43  1.35*,https://cdn.cse.lk/cmt/upload_report_file/641_1779117683876.03.2026.pdf
52272,YORK,2026-06-30,1,150000001.24558648,,,not found,,,,,not found,,,https://cdn.cse.lk/cmt/upload_report_file/641_1786101193519.06.2026.pdf
