id,code,symbol,kind,title,period_date,uploaded_utc,url,pages,words,status,fetched_utc
52138,AAF,AAF.N0000,quarterly,Interim Financial Statements for the Quarter ended 30th June 2026,2026-06-30,2026-07-28T10:55:57Z,https://cdn.cse.lk/cmt/upload_report_file/1108_1785236157796.pdf,18,4739,ok,2026-10-07T16:42:56Z
52358,AAIC,AAIC.N0000,quarterly,Interim Financial Statements for the Quarter ended 30th June 2026,2026-06-30,2026-08-11T10:10:15Z,https://cdn.cse.lk/cmt/upload_report_file/364_1786443015903.%20Interim%20Financial%20Statements%20-%20For%20the_Period%20ended%2030%20June%202026-CSE.pdf,20,7598,ok,2026-10-07T16:43:00Z
52462,ABAN,ABAN.N0000,quarterly,Interim Financial Statements for the Quarter ended 30th June 2026,2026-06-30,2026-08-13T10:04:09Z,https://cdn.cse.lk/cmt/upload_report_file/642_1786615449693.06.2026.pdf,9,1501,ok,2026-10-07T16:43:04Z
52543,ABL,ABL.N0000,quarterly,Interim Financial Statements for the Quarter ended 30th June 2026,2026-06-30,2026-08-13T13:33:09Z,https://cdn.cse.lk/cmt/upload_report_file/1303_1786627989885.pdf,16,5305,ok,2026-10-07T16:43:13Z
53053,ACAP,ACAP.N0000,quarterly,Interim Financial Statements for the Quarter ended 30th June 2026,2026-06-30,2026-09-01T09:03:49Z,https://cdn.cse.lk/cmt/upload_report_file/363_1788253429479.pdf,11,0,no_text,2026-10-07T16:43:16Z
52620,ACL,ACL.N0000,quarterly,Interim Financial Statements for the Quarter ended 30th June 2026,2026-06-30,2026-08-14T09:37:25Z,https://cdn.cse.lk/cmt/upload_report_file/644_1786700245863.06.2026%201.pdf,10,2583,ok,2026-10-07T16:43:21Z
52502,ACME,ACME.N0000,quarterly,Interim Financial Statements for the Quarter ended 30th June 2026,2026-06-30,2026-08-13T10:43:25Z,https://cdn.cse.lk/cmt/upload_report_file/661_1786617805817.pdf,9,2493,ok,2026-10-07T16:43:24Z
52404,AEL,AEL.N0000,quarterly,Interim Financial Statements for the Quarter ended 30th June 2026,2026-06-30,2026-08-12T11:19:45Z,https://cdn.cse.lk/cmt/upload_report_file/1141_1786533585205.pdf,11,3944,ok,2026-10-07T16:43:27Z
52493,AFS,AFS.N0000,quarterly,Interim Financial Statements for the Quarter ended 30th June 2026,2026-06-30,2026-08-13T10:56:42Z,https://cdn.cse.lk/cmt/upload_report_file/2774_1786618602975.06.2026_CSE%20FORMAT_V1%20FINAL.pdf,9,2173,ok,2026-10-07T16:43:30Z
52327,AFSL,AFSL.N0000,quarterly,Interim Financial Statements for the Quarter ended 30th June 2026,2026-06-30,2026-08-10T11:29:13Z,https://cdn.cse.lk/cmt/upload_report_file/1069_1786361353003.06.2026.pdf,10,2448,ok,2026-10-07T16:43:34Z
52444,AGAL,AGAL.N0000,quarterly,Interim Financial Statements for the Quarter ended 30th June 2026,2026-06-30,2026-08-13T09:21:12Z,https://cdn.cse.lk/cmt/upload_report_file/704_1786612872079.Quarterly%20Financial%20%20Statements%20-%2030th%20June%202026.pdf,12,2173,ok,2026-10-07T16:43:37Z
52313,AGPL,AGPL.N0000,quarterly,Interim Financial Statements for the Quarter ended 30th June 2026,2026-06-30,2026-08-10T10:16:17Z,https://cdn.cse.lk/cmt/upload_report_file/3027_1786356977487.06.2026%20%20Consolidated%20%20Interim%20FS%20-.pdf,11,2417,ok,2026-10-07T16:43:40Z
52546,AGST,AGST.N0000,quarterly,Interim Financial Statements for the Quarter ended 30th June 2026,2026-06-30,2026-08-13T13:03:56Z,https://cdn.cse.lk/cmt/upload_report_file/1121_1786626236244.pdf,11,2660,ok,2026-10-07T16:43:43Z
52119,AHPL,AHPL.N0000,quarterly,Interim Financial Statements for the Quarter ended 30th June 2026,2026-07-28,2026-07-28T09:04:13Z,https://cdn.cse.lk/cmt/upload_report_file/690_1785229453374.pdf,12,3495,ok,2026-10-07T16:43:46Z
52596,AHUN,AHUN.N0000,quarterly,Interim Financial Statements for the Quarter ended 30th June 2026,2026-06-30,2026-08-14T09:13:40Z,https://cdn.cse.lk/cmt/upload_report_file/521_1786698820226.pdf,14,3193,ok,2026-10-07T16:43:50Z
52651,AINS,AINS.N0000,quarterly,Interim Financial Statements for the Quarter ended 30th June 2026,2026-06-30,2026-08-14T10:13:47Z,https://cdn.cse.lk/cmt/upload_report_file/1405_1786702427086.pdf,14,2653,ok,2026-10-07T16:43:53Z
52471,ALHP,ALHP.N0000,quarterly,Interim Financial Statements for the Quarter ended 30th June 2026,2026-06-30,2026-08-13T10:26:38Z,https://cdn.cse.lk/cmt/upload_report_file/1283_1786616798591.%20%281%29.pdf,9,2048,ok,2026-10-07T16:43:56Z
52668,ALLI,ALLI.N0000,quarterly,Interim Financial Statements for the Quarter ended 30th June 2026,2026-06-30,2026-08-14T10:31:48Z,https://cdn.cse.lk/cmt/upload_report_file/341_1786703508139.Interim%20FS%20Q1-2026-Published%20Format%20_%2030_06_2026.pdf,14,4443,ok,2026-10-07T16:44:00Z
52060,ALUM,ALUM.N0000,quarterly,Interim Financial Statements for the Quarter ended 30th June 2026,2026-06-30,2026-07-23T10:30:24Z,https://cdn.cse.lk/cmt/upload_report_file/1323_1784802624825.27%20Q01%20%28CSE%29%20Sgd%20%28Final%29%20%28002%29.pdf,9,2248,ok,2026-10-07T16:44:03Z
52526,AMCL,AMCL.N0000,quarterly,Interim Financial Statements for the Quarter ended 30th June 2026,2026-06-30,2026-08-13T11:56:33Z,https://cdn.cse.lk/cmt/upload_report_file/1065_1786622193946.pdf,9,1546,ok,2026-10-07T16:44:07Z
52244,AMSL,AMSL.N0000,quarterly,Interim Financial Statements for the Quarter ended 30th June 2026,2026-06-30,2026-08-06T09:27:35Z,https://cdn.cse.lk/cmt/upload_report_file/513_1786008455842.pdf,10,3146,ok,2026-10-07T16:44:10Z
52600,APLA,APLA.N0000,quarterly,Interim Financial Statements for the Quarter ended 30th June 2026,2026-06-30,2026-08-14T09:16:46Z,https://cdn.cse.lk/cmt/upload_report_file/643_1786699006375.pdf,6,2012,ok,2026-10-07T16:44:13Z
52700,ASCO,ASCO.N0000,quarterly,Interim Financial Statements for the Quarter ended 30th June 2026,2026-06-30,2026-08-14T12:21:07Z,https://cdn.cse.lk/cmt/upload_report_file/401_1786710067619.%20LRI%20-%20IFS%20-%2030.6.2026..pdf,15,4787,ok,2026-10-07T16:44:17Z
52686,ASHO,ASHO.N0000,quarterly,Interim Financial Statements for the Quarter ended 30th June 2026,2026-06-30,2026-08-14T10:54:26Z,https://cdn.cse.lk/cmt/upload_report_file/695_1786704866573.06.2026.pdf,8,2402,ok,2026-10-07T16:44:20Z
52241,ASIR,ASIR.N0000,quarterly,Interim Financial Statements for the Quarter ended 30th June 2026,2026-06-30,2026-08-06T09:26:33Z,https://cdn.cse.lk/cmt/upload_report_file/512_1786008393675.pdf,10,3193,ok,2026-10-07T16:44:24Z
52326,ASIY,ASIY.N0000,quarterly,Interim Financial Statements for the Quarter ended 30th June 2026,2026-06-30,2026-08-10T11:20:40Z,https://cdn.cse.lk/cmt/upload_report_file/1205_1786360840907.pdf,9,3034,ok,2026-10-07T16:44:27Z
52768,ASPH,ASPH.N0000,quarterly,Interim Financial Statements for the Quarter ended 30th June 2026,2026-06-30,2026-08-17T11:03:32Z,https://cdn.cse.lk/cmt/upload_report_file/495_1786964612003.pdf,12,2812,ok,2026-10-07T16:44:30Z
52599,ATL,ATL.N0000,quarterly,Interim Financial Statements for the Quarter ended 30th June 2026,2026-06-30,2026-08-14T09:14:08Z,https://cdn.cse.lk/cmt/upload_report_file/361_1786698848189.pdf,15,5537,ok,2026-10-07T16:44:34Z
52530,ATLL,ATLL.N0000,quarterly,Interim Financial Statements for the Quarter ended 30th June 2026,2026-06-30,2026-08-13T11:59:21Z,https://cdn.cse.lk/cmt/upload_report_file/1484_1786622361189.pdf,17,4289,ok,2026-10-07T16:44:38Z
52382,AUTO,AUTO.N0000,quarterly,Interim Financial Statements for the Quarter ended 30th June 2026,2026-06-30,2026-08-12T03:09:11Z,https://cdn.cse.lk/cmt/upload_report_file/692_1786504151278.pdf,10,2643,ok,2026-10-07T16:44:42Z
52634,BALA,BALA.N0000,quarterly,Interim Financial Statements for the Quarter ended 30th June 2026,2026-06-30,2026-08-14T09:44:06Z,https://cdn.cse.lk/cmt/upload_report_file/705_1786700646235.pdf,9,2014,ok,2026-10-07T16:44:45Z
51495,BBH,BBH.N0000,quarterly,Interim Financial Statements for the Quarter ended 31st March 2026,2026-03-31,2026-05-29T03:05:28Z,https://cdn.cse.lk/cmt/upload_report_file/525_1780023928829.pdf,11,2398,ok,2026-10-07T16:44:49Z
52397,BERU,BERU.N0000,quarterly,Interim Financial Statements for the Quarter ended 30th June 2026,2026-06-30,2026-08-12T09:45:28Z,https://cdn.cse.lk/cmt/upload_report_file/1201_1786527928384.06.2026%20Final.pdf,8,2227,ok,2026-10-07T16:44:53Z
52174,BFL,BFL.N0000,quarterly,Interim Financial Statements for the Quarter ended 30th June 2026,2026-06-30,2026-07-31T09:17:47Z,https://cdn.cse.lk/cmt/upload_report_file/452_1785489467094.06.2026.pdf,9,2466,ok,2026-10-07T16:44:56Z
52564,BFN,BFN.N0000,quarterly,Interim Financial Statements for the Quarter ended 30th June 2026,2026-06-30,2026-08-14T09:03:51Z,https://cdn.cse.lk/cmt/upload_report_file/1072_1786698231742.pdf,9,2523,ok,2026-10-07T16:44:59Z
52689,BIL,BIL.N0000,quarterly,Interim Financial Statements for the Quarter ended 30th June 2026,2026-06-30,2026-08-14T11:23:26Z,https://cdn.cse.lk/cmt/upload_report_file/1077_1786706606278.pdf,12,4637,ok,2026-10-07T16:45:02Z
47515,BLI,BLI.N0000,quarterly,Interim Financial Statements as at 31.12.2024,2024-12-31,2025-02-20T11:45:59Z,https://cdn.cse.lk/cmt/upload_report_file/1067_1740051959744.pdf,9,2183,ok,2026-10-07T16:45:06Z
52653,BLUE,BLUE.N0000,quarterly,Interim Financial Statements for the Quarter ended 30th June 2026,2026-06-30,2026-08-14T09:58:44Z,https://cdn.cse.lk/cmt/upload_report_file/663_1786701524640.06.2026_Blue%20Diamonds.pdf,10,2568,ok,2026-10-07T16:45:10Z
52368,BOGA,BOGA.N0000,quarterly,Interim Financial Statements for the Quarter ended 30th June 2026,2026-06-30,2026-08-11T11:34:48Z,https://cdn.cse.lk/cmt/upload_report_file/664_1786448088740.pdf,12,2229,ok,2026-10-07T16:45:13Z
52453,BOPL,BOPL.N0000,quarterly,Interim Financial Statements for the Quarter ended 30th June 2026,2026-06-30,2026-08-13T09:41:51Z,https://cdn.cse.lk/cmt/upload_report_file/706_1786614111259.pdf,10,2554,ok,2026-10-07T16:45:16Z
52762,BPPL,BPPL.N0000,quarterly,Interim Financial Statements for the Quarter ended 30th June 2026,2026-06-30,2026-08-17T09:05:11Z,https://cdn.cse.lk/cmt/upload_report_file/1524_1786957511832.pdf,14,2976,ok,2026-10-07T16:45:19Z
52624,BREW,BREW.N0000,quarterly,Interim Financial Statements for the Quarter ended 30th June 2026,2026-06-30,2026-08-14T09:36:44Z,https://cdn.cse.lk/cmt/upload_report_file/458_1786700204782.pdf,11,4379,ok,2026-10-07T16:45:23Z
52069,BRR,BRR.N0000,quarterly,Interim Financial Statements for the Quarter ended 30th June 2026,2026-06-30,2026-07-24T09:19:18Z,https://cdn.cse.lk/cmt/upload_report_file/1322_1784884758710.pdf,9,1518,ok,2026-10-07T16:45:26Z
52734,BRWN,BRWN.N0000,quarterly,Interim Financial Statements for the Quarter ended 30th June 2026,2026-06-30,2026-08-14T16:05:15Z,https://cdn.cse.lk/cmt/upload_report_file/764_1786723515855.pdf,13,4238,ok,2026-10-07T16:45:29Z
52667,BUKI,BUKI.N0000,quarterly,Interim Financial Statements for the Quarter ended 30th June 2026,2026-06-30,2026-08-14T10:33:16Z,https://cdn.cse.lk/cmt/upload_report_file/456_1786703596800.pdf,22,5632,ok,2026-10-07T16:45:32Z
52451,CABO,CABO.N0000,quarterly,Interim Financial Statements for the Quarter ended 30th June 2026,2026-06-30,2026-08-13T09:37:51Z,https://cdn.cse.lk/cmt/upload_report_file/615_1786613871112.pdf,3,1491,ok,2026-10-07T16:45:36Z
52263,CALF,CALF.N0000,quarterly,Interim Financial Statements for the Quarter ended 30th June 2026,2026-06-30,2026-08-07T09:11:13Z,https://cdn.cse.lk/cmt/upload_report_file/1101_1786093873886.pdf,11,2913,ok,2026-10-07T16:45:39Z
52669,CALH,CALH.N0000,quarterly,Interim Financial Statements for the Quarter ended 30th June 2026,2026-06-30,2026-08-14T10:31:11Z,https://cdn.cse.lk/cmt/upload_report_file/3319_1786703471596.pdf,19,5731,ok,2026-10-07T16:45:43Z
52663,CALT,CALT.N0000,quarterly,Interim Financial Statements for the Quarter ended 30th June 2026,2026-06-30,2026-08-14T10:29:27Z,https://cdn.cse.lk/cmt/upload_report_file/2647_1786703367877.pdf,10,2444,ok,2026-10-07T16:45:46Z
52533,CARE,CARE.N0000,quarterly,Interim Financial Statements for the Quarter ended 30th June 2026,2026-06-30,2026-08-13T12:00:30Z,https://cdn.cse.lk/cmt/upload_report_file/681_1786622430738.06.2026.pdf,18,3082,ok,2026-10-07T16:45:49Z
52441,CARG,CARG.N0000,quarterly,Interim Financial Statements for the Quarter ended 30th June 2026,2026-06-30,2026-08-13T09:13:32Z,https://cdn.cse.lk/cmt/upload_report_file/457_1786612412536.pdf,11,4356,ok,2026-10-07T16:45:53Z
52659,CARS,CARS.N0000,quarterly,Interim Financial Statements for the Quarter ended 30th June 2026,2026-06-30,2026-08-14T10:17:37Z,https://cdn.cse.lk/cmt/upload_report_file/502_1786702657991.pdf,22,5364,ok,2026-10-07T16:45:56Z
52432,CBNK,CBNK.N0000,quarterly,Interim Financial Statements for the Quarter ended 30th June 2026,2026-06-30,2026-08-13T09:07:36Z,https://cdn.cse.lk/cmt/upload_report_file/3118_1786612056865.pdf,17,6107,ok,2026-10-07T16:45:59Z
52077,CCS,CCS.N0000,quarterly,Interim Financial Statements for the Quarter ended 30th June 2026,2026-07-27,2026-07-27T02:16:09Z,https://cdn.cse.lk/cmt/upload_report_file/462_1785118569713.pdf,17,4545,ok,2026-10-07T16:46:03Z
52217,CDB,CDB.N0000,quarterly,Interim Financial Statements for the Quarter ended 30th June 2026,2026-06-30,2026-08-05T10:10:00Z,https://cdn.cse.lk/cmt/upload_report_file/981_1785924600634.pdf,13,3268,ok,2026-10-07T16:46:06Z
52230,CERA,CERA.N0000,quarterly,Interim Financial Statements for the Quarter ended 30th June 2026,2026-06-30,2026-08-05T12:24:37Z,https://cdn.cse.lk/cmt/upload_report_file/676_1785932677514.pdf,8,1937,ok,2026-10-07T16:46:10Z
52246,CFI,CFI.N0000,quarterly,Interim Financial Statements for the Quarter ended 30th June 2026,2026-06-30,2026-08-06T10:21:37Z,https://cdn.cse.lk/cmt/upload_report_file/609_1786011697427.06.2026%20-%20CSE%20UPLOAD.pdf,7,1452,ok,2026-10-07T16:46:13Z
52430,CFIN,CFIN.N0000,quarterly,Interim Financial Statements for the Quarter ended 30th June 2026,2026-06-30,2026-08-13T09:11:46Z,https://cdn.cse.lk/cmt/upload_report_file/366_1786612306505.06.2026.pdf,13,5369,ok,2026-10-07T16:46:16Z
52697,CFLB,CFLB.N0000,quarterly,Interim Financial Statements for the Quarter ended 30th June 2026,2026-06-30,2026-08-14T11:52:57Z,https://cdn.cse.lk/cmt/upload_report_file/504_1786708377969.pdf,12,3250,ok,2026-10-07T16:46:19Z
52532,CFVF,CFVF.N0000,quarterly,Interim Financial Statements for the Quarter ended 30th June 2026,2026-06-30,2026-08-13T12:06:04Z,https://cdn.cse.lk/cmt/upload_report_file/698_1786622764951.pdf,22,7125,ok,2026-10-07T16:46:22Z
52470,CHL,CHL.N0000,quarterly,Interim Financial Statements for the Quarter ended 30th June 2026,2026-06-30,2026-08-13T10:18:05Z,https://cdn.cse.lk/cmt/upload_report_file/514_1786616285443.pdf,17,4310,ok,2026-10-07T16:46:26Z
52070,CHMX,CHMX.N0000,quarterly,Interim Financial Statements for the Quarter ended 30th June 2026,2026-06-30,2026-07-24T09:50:42Z,https://cdn.cse.lk/cmt/upload_report_file/492_1784886642958.06.26.pdf,12,2853,ok,2026-10-07T16:46:29Z
52676,CHOT,CHOT.N0000,quarterly,Interim Financial Statements for the Quarter ended 30th June 2026,2026-06-30,2026-08-14T10:33:39Z,https://cdn.cse.lk/cmt/upload_report_file/545_1786703619990.06.2026.pdf,10,18585,ok,2026-10-07T16:46:32Z
33913,CHOU,CHOU.N0000,quarterly,Interim Financial Statements as at 30.06.2019,2019-06-30,2019-08-15T11:57:46Z,https://cdn.cse.lk/cmt/upload_report_file/616_1565870266655.pdf,8,2024,ok,2026-10-07T16:46:36Z
52180,CIC,CIC.N0000,quarterly,Interim Financial Statements for the Quarter ended 30th June 2026,2026-06-30,2026-07-31T11:40:51Z,https://cdn.cse.lk/cmt/upload_report_file/493_1785498051666.pdf,11,3694,ok,2026-10-07T16:46:40Z
52349,CIND,CIND.N0000,quarterly,Interim Financial Statements for the Quarter ended 30th June 2026,2026-06-30,2026-08-11T09:52:10Z,https://cdn.cse.lk/cmt/upload_report_file/665_1786441930423.pdf,10,2675,ok,2026-10-07T16:46:43Z
52551,CINS,CINS.N0000,quarterly,Interim Financial Statements for the Quarter ended 30th June 2026,2026-06-30,2026-08-14T02:52:18Z,https://cdn.cse.lk/cmt/upload_report_file/367_1786675938303.pdf,18,4450,ok,2026-10-07T16:46:47Z
52602,CINV,CINV.N0000,quarterly,Interim Financial Statements for the Quarter ended 30th June 2026,2026-06-30,2026-08-14T09:17:39Z,https://cdn.cse.lk/cmt/upload_report_file/608_1786699059250.pdf,8,2092,ok,2026-10-07T16:46:50Z
52245,CIT,CIT.N0000,quarterly,Interim Financial Statements for the Quarter ended 30th June 2026,2026-06-30,2026-08-06T10:24:21Z,https://cdn.cse.lk/cmt/upload_report_file/610_1786011861143.06.2026.pdf,7,1410,ok,2026-10-07T16:46:53Z
52721,CITH,CITH.N0000,quarterly,Interim Financial Statements for the Quarter ended 30th June 2026,2026-06-30,2026-08-14T13:58:23Z,https://cdn.cse.lk/cmt/upload_report_file/1222_1786715903157.pdf,9,2393,ok,2026-10-07T16:46:56Z
52722,CITW,CITW.N0000,quarterly,Interim Financial Statements for the Quarter ended 30th June 2026,2026-06-30,2026-08-14T14:00:03Z,https://cdn.cse.lk/cmt/upload_report_file/1106_1786716003157.pdf,9,1830,ok,2026-10-07T16:46:59Z
52300,CLND,CLND.N0000,quarterly,Interim Financial Statements for the Quarter ended 30th June 2026,2026-06-30,2026-08-07T12:34:59Z,https://cdn.cse.lk/cmt/upload_report_file/618_1786106099468.06.2026.pdf,12,2631,ok,2026-10-07T16:47:02Z
52640,COCO,COCO.N0000,quarterly,Interim Financial Statements for the Quarter ended 30th June 2026,2026-06-30,2026-08-14T10:05:01Z,https://cdn.cse.lk/cmt/upload_report_file/461_1786701901029.pdf,11,3311,ok,2026-10-07T16:47:05Z
52149,COCR,COCR.N0000,quarterly,Interim Financial Statements for the Quarter ended 30th June 2026,2026-06-30,2026-07-30T09:04:52Z,https://cdn.cse.lk/cmt/upload_report_file/1063_1785402292736.pdf,16,4832,ok,2026-10-07T16:47:09Z
52299,COLO,COLO.N0000,quarterly,Interim Financial Statements for the Quarter ended 30th June 2026,2026-06-30,2026-08-07T13:27:03Z,https://cdn.cse.lk/cmt/upload_report_file/693_1786109223030.06.2026.pdf,7,1871,ok,2026-10-07T16:47:12Z
52504,COMB,COMB.N0000,quarterly,Interim Financial Statements for the Quarter ended 30th June 2026,2026-06-30,2026-08-13T11:02:45Z,https://cdn.cse.lk/cmt/upload_report_file/369_1786618965674.pdf,30,10809,ok,2026-10-07T16:47:15Z
52125,COMD,COMD.N0000,quarterly,Interim Financial Statements for the Quarter ended 30th June 2026,2026-06-30,2026-07-28T09:11:35Z,https://cdn.cse.lk/cmt/upload_report_file/619_1785229895765.06.2026-sgd.pdf,7,2074,ok,2026-10-07T16:47:19Z
52091,CONN,CONN.N0000,quarterly,Interim Financial Statements for the Quarter ended 30th June 2026,2026-06-30,2026-07-27T10:32:40Z,https://cdn.cse.lk/cmt/upload_report_file/532_1785148360885.pdf,9,2485,ok,2026-10-07T16:47:22Z
52656,COOP,COOP.N0000,quarterly,Interim Financial Statements for the Quarter ended 30th June 2026,2026-06-30,2026-08-14T10:16:56Z,https://cdn.cse.lk/cmt/upload_report_file/2692_1786702616219.pdf,20,8760,ok,2026-10-07T16:47:25Z
52342,CPRT,CPRT.N0000,quarterly,Interim Financial Statements for the Quarter ended 30th June 2026,2026-06-30,2026-08-11T09:48:17Z,https://cdn.cse.lk/cmt/upload_report_file/730_1786441697469.pdf,8,2186,ok,2026-10-07T16:47:30Z
52248,CRL,CRL.N0000,quarterly,Interim Financial Statements for the Quarter ended 30th June 2026,2026-06-30,2026-08-06T09:56:54Z,https://cdn.cse.lk/cmt/upload_report_file/863_1786010214601.pdf,14,3717,ok,2026-10-07T16:47:34Z
52143,CSD,CSD.N0000,quarterly,Interim Financial Statements for the Quarter ended 30th June 2026,2026-06-30,2026-07-30T02:58:29Z,https://cdn.cse.lk/cmt/upload_report_file/617_1785380309313.pdf,7,1660,ok,2026-10-07T16:47:38Z
53041,CSF,CSF.N0000,quarterly,Interim Financial Statements for the Quarter ended 30th June 2026,2026-07-31,2026-08-31T12:12:09Z,https://cdn.cse.lk/cmt/upload_report_file/368_1788178329369.pdf,10,2491,ok,2026-10-07T16:47:41Z
52585,CSLK,CSLK.N0000,quarterly,Interim Financial Statements for the Quarter ended 30th June 2026,2026-06-30,2026-08-14T09:08:01Z,https://cdn.cse.lk/cmt/upload_report_file/3198_1786698481905.06.2026-CSE.pdf,20,4624,ok,2026-10-07T16:47:44Z
52650,CTBL,CTBL.N0000,quarterly,Interim Financial Statements for the Quarter ended 30th June 2026,2026-06-30,2026-08-14T10:16:37Z,https://cdn.cse.lk/cmt/upload_report_file/923_1786702597204.06.2026.pdf,8,2049,ok,2026-10-07T16:47:47Z
52517,CTC,CTC.N0000,quarterly,Interim Financial Statements for the Quarter ended 30th June 2026,2026-06-30,2026-08-13T11:12:04Z,https://cdn.cse.lk/cmt/upload_report_file/460_1786619524644.pdf,9,1748,ok,2026-10-07T16:47:51Z
52273,CTEA,CTEA.N0000,quarterly,Interim Financial Statements for the Quarter ended 30th June 2026,2026-06-30,2026-08-07T11:05:41Z,https://cdn.cse.lk/cmt/upload_report_file/489_1786100741840.06.2026.pdf,8,2318,ok,2026-10-07T16:47:54Z
52445,CTHR,CTHR.N0000,quarterly,Interim Financial Statements for the Quarter ended 30th June 2026,2026-06-30,2026-08-13T09:16:08Z,https://cdn.cse.lk/cmt/upload_report_file/503_1786612568252.pdf,13,3554,ok,2026-10-07T16:47:57Z
52695,CTLD,CTLD.N0000,quarterly,Interim Financial Statements for the Quarter ended 30th June 2026,2026-06-30,2026-08-14T11:49:18Z,https://cdn.cse.lk/cmt/upload_report_file/614_1786708158156.pdf,8,1859,ok,2026-10-07T16:48:00Z
52486,CWL,CWL.N0000,quarterly,Interim Financial Statements for the Quarter ended 30th June 2026,2026-06-30,2026-08-13T10:55:36Z,https://cdn.cse.lk/cmt/upload_report_file/2236_1786618536850.06.30.pdf,9,1411,ok,2026-10-07T16:48:04Z
52554,CWM,CWM.N0000,quarterly,Interim Financial Statements for the Quarter ended 30th June 2026,2026-06-30,2026-08-14T03:21:28Z,https://cdn.cse.lk/cmt/upload_report_file/765_1786677688956.W.Mackie%20PLC%20Interim%20Report%20as%20of%2030.06.2026.pdf,10,2898,ok,2026-10-07T16:48:08Z
52464,DFCC,DFCC.N0000,quarterly,Interim Financial Statements for the Quarter ended 30th June 2026,2026-06-30,2026-08-13T10:30:16Z,https://cdn.cse.lk/cmt/upload_report_file/371_1786617016139.pdf,26,10662,ok,2026-10-07T16:48:11Z
52713,DIAL,DIAL.N0000,quarterly,Interim Financial Statements for the Quarter ended 30th June 2026,2026-06-30,2026-08-14T12:39:50Z,https://cdn.cse.lk/cmt/upload_report_file/389_1786711190916.pdf,15,4430,ok,2026-10-07T16:48:15Z
52510,DIMO,DIMO.N0000,quarterly,Interim Financial Statements for the Quarter ended 30th June 2026,2026-06-30,2026-08-13T11:21:37Z,https://cdn.cse.lk/cmt/upload_report_file/694_1786620097859.pdf,10,3863,ok,2026-10-07T16:48:18Z
52370,DIPD,DIPD.N0000,quarterly,Interim Financial Statements for the Quarter ended 30th June 2026,2026-06-30,2026-08-11T11:27:46Z,https://cdn.cse.lk/cmt/upload_report_file/670_1786447666602.06.2026.pdf,10,3905,ok,2026-10-07T16:48:22Z
52520,DIST,DIST.N0000,quarterly,Interim Financial Statements for the Quarter ended 30th June 2026,2026-06-30,2026-08-13T11:20:25Z,https://cdn.cse.lk/cmt/upload_report_file/463_1786620025048.pdf,10,2442,ok,2026-10-07T16:48:25Z
52083,DOCK,DOCK.N0000,quarterly,Interim Financial Statements for the Quarter ended 30th June 2026,2026-06-30,2026-07-27T09:15:10Z,https://cdn.cse.lk/cmt/upload_report_file/442_1785143710255.06.2026.pdf,13,2925,ok,2026-10-07T16:48:28Z
52365,DPL,DPL.N0000,quarterly,Interim Financial Statements for the Quarter ended 30th June 2026,2026-06-30,2026-08-11T11:07:18Z,https://cdn.cse.lk/cmt/upload_report_file/669_1786446438375.pdf,10,2619,ok,2026-10-07T16:48:31Z
52677,EAST,EAST.N0000,quarterly,Interim Financial Statements for the Quarter ended 30th June 2026,2026-06-30,2026-08-14T10:57:07Z,https://cdn.cse.lk/cmt/upload_report_file/620_1786705027895.pdf,16,3628,ok,2026-10-07T16:48:35Z
52222,EBCR,EBCR.N0000,quarterly,Interim Financial Statements for the Quarter ended 30th June 2026,2026-06-30,2026-08-05T11:30:18Z,https://cdn.cse.lk/cmt/upload_report_file/745_1785929418695.pdf,19,4875,ok,2026-10-07T16:48:39Z
52614,ECL,ECL.N0000,quarterly,Interim Financial Statements for the Quarter ended 30th June 2026,2026-06-30,2026-08-14T10:01:06Z,https://cdn.cse.lk/cmt/upload_report_file/374_1786701666452.pdf,8,1527,ok,2026-10-07T16:48:42Z
52706,EDEN,EDEN.N0000,quarterly,Interim Financial Statements for the Quarter ended 30th June 2026,2026-06-30,2026-08-14T12:35:42Z,https://cdn.cse.lk/cmt/upload_report_file/533_1786710942880.06..2026-Sgd.pdf,10,3167,ok,2026-10-07T16:48:45Z
52578,ELPL,ELPL.N0000,quarterly,Interim Financial Statements for the Quarter ended 30th June 2026,2026-06-30,2026-08-14T09:16:14Z,https://cdn.cse.lk/cmt/upload_report_file/707_1786698974534.PDF,13,3220,ok,2026-10-07T16:48:48Z
52759,EMER,EMER.N0000,quarterly,Interim Financial Statements for the Quarter ended 30th June 2026,2026-06-30,2026-08-17T09:25:30Z,https://cdn.cse.lk/cmt/upload_report_file/767_1786958730465.pdf,15,3356,ok,2026-10-07T16:48:53Z
52529,EML,EML.N0000,quarterly,Interim Financial Statements for the Quarter ended 30th June 2026,2026-06-30,2026-08-13T11:57:47Z,https://cdn.cse.lk/cmt/upload_report_file/2386_1786622267076.06.2026.pdf,8,1238,ok,2026-10-07T16:48:56Z
52581,ETWO,ETWO.N0000,quarterly,Interim Financial Statements for the Quarter ended 30th June 2026,2026-06-30,2026-08-14T09:19:53Z,https://cdn.cse.lk/cmt/upload_report_file/621_1786699193144.pdf,9,1904,ok,2026-10-07T16:48:59Z
50758,EXT,EXT.N0000,quarterly,Errata to the Interim Financial Statements for the Quarter ended 30th September 2025,2026-09-30,2026-03-11T11:24:26Z,https://cdn.cse.lk/cmt/upload_report_file/2741_1773228266391.09.2025-merged.pdf,11,1619,ok,2026-10-07T16:49:02Z
52521,FCT,FCT.N0000,quarterly,Interim Financial Statements for the Quarter ended 30th June 2026,2026-06-30,2026-08-13T11:51:48Z,https://cdn.cse.lk/cmt/upload_report_file/1426_1786621908905.pdf,14,3832,ok,2026-10-07T16:49:05Z
52255,GEST,GEST.N0000,quarterly,Interim Financial Statements for the Quarter ended 30th June 2026,2026-06-30,2026-08-07T03:12:41Z,https://cdn.cse.lk/cmt/upload_report_file/746_1786072361966.%20Financials%20as%20at%2030th%20Jun%2026.pdf,6,0,no_text,2026-10-07T16:49:09Z
52645,GHLL,GHLL.N0000,quarterly,Interim Financial Statements for the Quarter ended 30th June 2026,2026-06-30,2026-08-14T10:12:06Z,https://cdn.cse.lk/cmt/upload_report_file/541_1786702326114.pdf,7,1624,ok,2026-10-07T16:49:13Z
52112,GLAS,GLAS.N0000,quarterly,Interim Financial Statements for the Quarter ended 30th June 2026,2026-06-30,2026-07-28T09:20:28Z,https://cdn.cse.lk/cmt/upload_report_file/666_1785230428618.pdf,8,1665,ok,2026-10-07T16:49:16Z
52171,GRAN,GRAN.N0000,quarterly,Interim Financial Statements for the Quarter ended 30th June 2026,2026-06-30,2026-07-31T09:12:37Z,https://cdn.cse.lk/cmt/upload_report_file/671_1785489157209.pdf,11,2858,ok,2026-10-07T16:49:20Z
52740,GREG,GREG.N0000,quarterly,Interim Financial Statements for the Quarter ended 30th June 2026,2026-06-30,2026-08-17T01:33:53Z,https://cdn.cse.lk/cmt/upload_report_file/782_1786930433403.06.2026.pdf,11,3619,ok,2026-10-07T16:49:23Z
52603,GUAR,GUAR.N0000,quarterly,Interim Financial Statements for the Quarter ended 30th June 2026,2026-06-30,2026-08-14T09:18:29Z,https://cdn.cse.lk/cmt/upload_report_file/607_1786699109479.pdf,10,2908,ok,2026-10-07T16:49:26Z
52540,HAPU,HAPU.N0000,quarterly,Interim Financial Statements for the Quarter ended 30th June 2026,2026-06-30,2026-08-13T13:30:01Z,https://cdn.cse.lk/cmt/upload_report_file/708_1786627801129.06.2026%20-%20Sgd_.pdf,8,2070,ok,2026-10-07T16:49:29Z
52181,HARI,HARI.N0000,quarterly,Interim Financial Statements for the Quarter ended 30th June 2026,2026-06-30,2026-07-31T09:26:29Z,https://cdn.cse.lk/cmt/upload_report_file/482_1785489989941.pdf,9,2269,ok,2026-10-07T16:49:33Z
52151,HASU,HASU.N0000,quarterly,Interim Financial Statements for the Quarter ended 30th June 2026,2026-06-30,2026-07-30T09:46:27Z,https://cdn.cse.lk/cmt/upload_report_file/375_1785404787909.pdf,23,8709,ok,2026-10-07T16:49:36Z
52376,HAYC,HAYC.N0000,quarterly,Interim Financial Statements for the Quarter ended 30th June 2026,2026-06-30,2026-08-11T12:04:15Z,https://cdn.cse.lk/cmt/upload_report_file/494_1786449855350..pdf,10,3858,ok,2026-10-07T16:49:40Z
52406,HAYL,HAYL.N0000,quarterly,Interim Financial Statements for the Quarter ended 30th June 2026,2026-06-30,2026-08-12T11:37:37Z,https://cdn.cse.lk/cmt/upload_report_file/505_1786534657894.27%20CSE.pdf,18,6520,ok,2026-10-07T16:49:43Z
52147,HBS,HBS.N0000,quarterly,Interim Financial Statements for the Quarter ended 30th June 2026,2026-06-30,2026-07-30T10:06:33Z,https://cdn.cse.lk/cmt/upload_report_file/2652_1785405993049.pdf,9,2630,ok,2026-10-07T16:49:46Z
52458,HDFC,HDFC.N0000,quarterly,Interim Financial Statements for the Quarter ended 30th June 2026,2026-06-30,2026-08-13T09:42:44Z,https://cdn.cse.lk/cmt/upload_report_file/376_1786614164242.06.2026.pdf,15,3965,ok,2026-10-07T16:49:49Z
50514,HELA,HELA.N0000,quarterly,Interim Financial Statements for the Quarter ended 31st December 2025,2025-12-31,2026-02-16T02:58:46Z,https://cdn.cse.lk/cmt/upload_report_file/2727_1771210726666.pdf,21,4533,ok,2026-10-07T16:49:53Z
52205,HEXP,HEXP.N0000,quarterly,Interim Financial Statements for the Quarter ended 30th June 2026,2026-06-30,2026-08-04T10:56:15Z,https://cdn.cse.lk/cmt/upload_report_file/768_1785840975698.06.2026.pdf,11,3195,ok,2026-10-07T16:49:57Z
52251,HHL,HHL.N0000,quarterly,Interim Financial Statements for the Quarter ended 30th June 2026,2026-06-30,2026-08-06T10:37:05Z,https://cdn.cse.lk/cmt/upload_report_file/506_1786012625482.pdf,22,6733,ok,2026-10-07T16:50:01Z
52411,HNB,HNB.N0000,quarterly,Interim Financial Statements for the Quarter ended 30th June 2026,2026-06-30,2026-08-12T14:39:42Z,https://cdn.cse.lk/cmt/upload_report_file/373_1786545582269.pdf,22,9677,ok,2026-10-07T16:50:04Z
52723,HNBF,HNBF.N0000,quarterly,Interim Financial Statements for the Quarter ended 30th June 2026,2026-06-30,2026-08-14T14:30:37Z,https://cdn.cse.lk/cmt/upload_report_file/1992_1786717837836.pdf,11,2934,ok,2026-10-07T16:50:07Z
52191,HOPL,HOPL.N0000,quarterly,Interim Financial Statements for the Quarter ended 30th June 2026,2026-06-30,2026-08-03T09:43:57Z,https://cdn.cse.lk/cmt/upload_report_file/709_1785750237485.pdf,9,2322,ok,2026-10-07T16:50:11Z
52362,HPFL,HPFL.N0000,quarterly,Interim Financial Statements for the Quarter ended 30th June 2026,2026-06-30,2026-08-11T10:44:29Z,https://cdn.cse.lk/cmt/upload_report_file/1000_1786445069288.pdf,10,2589,ok,2026-10-07T16:50:14Z
52226,HPL,HPL.N0000,quarterly,Interim Financial Statements for the Quarter ended 30th June 2026,2026-06-30,2026-08-05T11:49:02Z,https://cdn.cse.lk/cmt/upload_report_file/1045_1785930542137.pdf,15,4026,ok,2026-10-07T16:50:18Z
52487,HPWR,HPWR.N0000,quarterly,Interim Financial Statements for the Quarter ended 30th June 2026,2026-06-30,2026-08-13T10:55:47Z,https://cdn.cse.lk/cmt/upload_report_file/881_1786618547655.pdf,14,3714,ok,2026-10-07T16:50:21Z
52708,HSIG,HSIG.N0000,quarterly,Interim Financial Statements for the Quarter ended 30th June 2026,2026-06-30,2026-08-14T12:36:20Z,https://cdn.cse.lk/cmt/upload_report_file/544_1786710980615.pdf,9,1696,ok,2026-10-07T16:50:24Z
52698,HUNA,HUNA.N0000,quarterly,Interim Financial Statements for the Quarter ended 30th June 2026,2026-06-30,2026-08-14T10:52:56Z,https://cdn.cse.lk/cmt/upload_report_file/546_1786704776742.pdf,8,1947,ok,2026-10-07T16:50:27Z
52682,HUNT,HUNT.N0000,quarterly,Interim Financial Statements for the Quarter ended 30th June 2026,2026-06-30,2026-08-14T11:12:14Z,https://cdn.cse.lk/cmt/upload_report_file/747_1786705934380.%20PLC%202026.06.30%20Final.compressed.pdf,7,2359,ok,2026-10-07T16:50:30Z
52183,HVA,HVA.N0000,quarterly,Interim Financial Statements for the Quarter ended 30th June 2026,2026-06-30,2026-07-31T13:03:29Z,https://cdn.cse.lk/cmt/upload_report_file/1046_1785503009792.pdf,9,2674,ok,2026-10-07T16:50:33Z
52194,INME,INME.N0000,quarterly,Interim Financial Statements for the Quarter ended 30th June 2026,2026-06-30,2026-08-03T10:40:21Z,https://cdn.cse.lk/cmt/upload_report_file/3421_1785753621580.pdf,9,2113,ok,2026-10-07T16:50:36Z
52243,JAT,JAT.N0000,quarterly,Interim Financial Statements for the Quarter ended 30th June 2026,2026-06-30,2026-08-06T10:12:32Z,https://cdn.cse.lk/cmt/upload_report_file/2353_1786011152811.27_Q1_SIGNED.pdf,12,3301,ok,2026-10-07T16:50:40Z
52218,JETS,JETS.N0000,quarterly,Interim Financial Statements for the Quarter ended 30th June 2026,2026-06-30,2026-08-05T09:46:31Z,https://cdn.cse.lk/cmt/upload_report_file/1686_1785923191727.pdf,14,0,no_text,2026-10-07T16:50:43Z
52724,JFP,JFP.N0000,quarterly,Interim Financial Statements for the Quarter ended 30th June 2026,2026-06-30,2026-08-14T14:01:20Z,https://cdn.cse.lk/cmt/upload_report_file/3399_1786716080566.06.2026%20CSE.pdf,9,2116,ok,2026-10-07T16:50:46Z
52661,JINS,JINS.N0000,quarterly,Interim Financial Statements for the Quarter ended 30th June 2026,2026-06-30,2026-08-14T10:49:48Z,https://cdn.cse.lk/cmt/upload_report_file/841_1786704588262.pdf,20,4612,ok,2026-10-07T16:50:49Z
52111,JKH,JKH.N0000,quarterly,Interim Financial Statements for the Quarter ended 30th June 2026,2026-07-28,2026-07-28T09:01:18Z,https://cdn.cse.lk/cmt/upload_report_file/508_1785229278745.pdf,30,11623,ok,2026-10-07T16:50:53Z
52101,JKL,JKL.N0000,quarterly,Interim Financial Statements for the Quarter ended 30th June 2026,2026-07-27,2026-07-27T14:19:27Z,https://cdn.cse.lk/cmt/upload_report_file/731_1785161967165.pdf,16,3967,ok,2026-10-07T16:50:57Z
52751,JXG,JXG.N0000,quarterly,Interim Financial Statements for the Quarter ended 30th June 2026,2026-06-30,2026-08-17T03:16:53Z,https://cdn.cse.lk/cmt/upload_report_file/3579_1786936613406.pdf,13,4545,ok,2026-10-07T16:51:01Z
52675,KAHA,KAHA.N0000,quarterly,Interim Financial Statements for the Quarter ended 30th June 2026,2026-06-30,2026-08-14T10:58:46Z,https://cdn.cse.lk/cmt/upload_report_file/710_1786705126732.pdf,8,1839,ok,2026-10-07T16:51:05Z
52507,KCAB,KCAB.N0000,quarterly,Interim Financial Statements for the Quarter ended 30th June 2026,2026-06-30,2026-08-13T11:18:57Z,https://cdn.cse.lk/cmt/upload_report_file/672_1786619937661.06.26%20CSE.pdf,7,2153,ok,2026-10-07T16:51:08Z
53052,KDL,KDL.N0000,quarterly,Interim Financial Statements for the Quarter ended 30th June 2026,2026-07-31,2026-09-01T11:02:45Z,https://cdn.cse.lk/cmt/upload_report_file/625_1788260565565.pdf,9,0,no_text,2026-10-07T16:51:11Z
52076,KFP,KFP.N0000,quarterly,Interim Financial Statements for the Quarter ended 30th June 2026,2026-07-27,2026-07-27T02:17:48Z,https://cdn.cse.lk/cmt/upload_report_file/483_1785118668303.pdf,16,3749,ok,2026-10-07T16:51:14Z
52499,KGAL,KGAL.N0000,quarterly,Interim Financial Statements for the Quarter ended 30th June 2026,2026-06-30,2026-08-13T10:57:00Z,https://cdn.cse.lk/cmt/upload_report_file/711_1786618620835.1-2026-27-KPPLC.pdf,11,3585,ok,2026-10-07T16:51:17Z
52671,KHC,KHC.N0000,quarterly,Interim Financial Statements for the Quarter ended 30th June 2026,2026-06-30,2026-08-14T10:33:41Z,https://cdn.cse.lk/cmt/upload_report_file/547_1786703621101.06.pdf,10,17470,ok,2026-10-07T16:51:20Z
52113,KHL,KHL.N0000,quarterly,Interim Financial Statements for the Quarter ended 30th June 2026,2026-07-28,2026-07-28T09:03:13Z,https://cdn.cse.lk/cmt/upload_report_file/561_1785229393676.pdf,17,3813,ok,2026-10-07T16:51:25Z
52361,KOTA,KOTA.N0000,quarterly,Interim Financial Statements for the Quarter ended 30th June 2026,2026-06-30,2026-08-11T10:50:36Z,https://cdn.cse.lk/cmt/upload_report_file/713_1786445436347.06.2026%20%20Interim%20Financial%20Statements.pdf,9,2429,ok,2026-10-07T16:51:28Z
52619,KPHL,KPHL.N0000,quarterly,Interim Financial Statements for the Quarter ended 30th June 2026,2026-06-30,2026-08-14T09:39:36Z,https://cdn.cse.lk/cmt/upload_report_file/2714_1786700376627.pdf,13,4541,ok,2026-10-07T16:51:31Z
52231,KVAL,KVAL.N0000,quarterly,Interim Financial Statements for the Quarter ended 30th June 2026,2026-06-30,2026-08-05T12:38:49Z,https://cdn.cse.lk/cmt/upload_report_file/712_1785933529511.pdf,10,3411,ok,2026-10-07T16:51:34Z
52086,KZOO,KZOO.N0000,quarterly,Interim Financial Statements for the Quarter ended 30th June 2026 (Extractable Version),2026-06-30,2026-07-27T10:26:39Z,https://cdn.cse.lk/cmt/upload_report_file/732_1785147999165.pdf,10,2134,ok,2026-10-07T16:51:37Z
52418,LALU,LALU.N0000,quarterly,Interim Financial Statements for the Quarter ended 30th June 2026,2026-06-30,2026-08-13T03:28:40Z,https://cdn.cse.lk/cmt/upload_report_file/674_1786591720270.pdf,8,0,no_text,2026-10-07T16:51:40Z
52443,LAMB,LAMB.N0000,quarterly,Interim Financial Statements for the Quarter ended 30th June 2026,2026-06-30,2026-08-13T09:14:41Z,https://cdn.cse.lk/cmt/upload_report_file/484_1786612481023.pdf,11,2316,ok,2026-10-07T16:51:45Z
52175,LCBF,LCBF.N0000,quarterly,Interim Financial Statements for the Quarter ended 30th June 2026,2026-06-30,2026-07-31T10:27:11Z,https://cdn.cse.lk/cmt/upload_report_file/2512_1785493631763.06.2026%20V2%20-%20SGD.pdf,10,3047,ok,2026-10-07T16:51:48Z
52739,LCEY,LCEY.N0000,quarterly,Interim Financial Statements for the Quarter ended 30th June 2026,2026-06-30,2026-08-15T18:31:34Z,https://cdn.cse.lk/cmt/upload_report_file/497_1786818694364.06.2026%20CSE.pdf,8,2508,ok,2026-10-07T16:51:51Z
52314,LDEV,LDEV.N0000,quarterly,Interim Financial Statements for the Quarter ended 30th June 2026,2026-06-30,2026-08-10T11:00:26Z,https://cdn.cse.lk/cmt/upload_report_file/446_1786359626917.pdf,8,2059,ok,2026-10-07T16:51:54Z
52024,LFIN,LFIN.N0000,quarterly,Interim Financial Statements for the Quarter ended 30th June 2026,2026-06-30,2026-07-16T09:58:53Z,https://cdn.cse.lk/cmt/upload_report_file/379_1784195933058.06.2026.pdf,15,5168,ok,2026-10-07T16:51:58Z
52412,LGIL,LGIL.N0000,quarterly,Interim Financial Statements for the Quarter ended 30th June 2026,2026-06-30,2026-08-12T12:26:06Z,https://cdn.cse.lk/cmt/upload_report_file/2693_1786537566905.pdf,16,4531,ok,2026-10-07T16:52:01Z
52460,LGL,LGL.N0000,quarterly,Interim Financial Statements for the Quarter ended 30th June 2026,2026-06-30,2026-08-13T09:46:03Z,https://cdn.cse.lk/cmt/upload_report_file/1020_1786614363829.pdf,18,4398,ok,2026-10-07T16:52:04Z
52609,LHCL,LHCL.N0000,quarterly,Interim Financial Statements for the Quarter ended 30th June 2026,2026-06-30,2026-08-14T09:30:34Z,https://cdn.cse.lk/cmt/upload_report_file/516_1786699834011.06.30.pdf,12,2727,ok,2026-10-07T16:52:07Z
52204,LHL,LHL.N0000,quarterly,Interim Financial Statements for the Quarter ended 30th June 2026,2026-06-30,2026-08-04T10:16:47Z,https://cdn.cse.lk/cmt/upload_report_file/562_1785838607551.pdf,14,3292,ok,2026-10-07T16:52:10Z
52032,LIOC,LIOC.N0000,quarterly,Interim Financial Statements for the Quarter ended 30th June 2026,2026-06-30,2026-07-17T12:06:19Z,https://cdn.cse.lk/cmt/upload_report_file/729_1784289979695.pdf,7,1744,ok,2026-10-07T16:52:15Z
52628,LION,LION.N0000,quarterly,Interim Financial Statements for the Quarter ended 30th June 2026,2026-06-30,2026-08-14T09:35:23Z,https://cdn.cse.lk/cmt/upload_report_file/485_1786700123426.pdf,12,3427,ok,2026-10-07T16:52:18Z
52224,LITE,LITE.N0000,quarterly,Interim Financial Statements for the Quarter ended 30th June 2026,2026-06-30,2026-08-05T11:28:11Z,https://cdn.cse.lk/cmt/upload_report_file/498_1785929291647.pdf,13,2518,ok,2026-10-07T16:52:21Z
52126,LLUB,LLUB.N0000,quarterly,Interim Financial Statements for the Quarter ended 30th June 2026,2026-06-30,2026-07-28T10:05:15Z,https://cdn.cse.lk/cmt/upload_report_file/668_1785233115303.06.2026.pdf,10,0,no_text,2026-10-07T16:52:25Z
52402,LMF,LMF.N0000,quarterly,Interim Financial Statements for the Quarter ended 30th June 2026,2026-06-30,2026-08-12T10:57:53Z,https://cdn.cse.lk/cmt/upload_report_file/486_1786532273917.pdf,10,2776,ok,2026-10-07T16:52:29Z
52324,LOFC,LOFC.N0000,quarterly,Interim Financial Statements for the Quarter ended 30th June 2026,2026-06-30,2026-08-10T11:19:55Z,https://cdn.cse.lk/cmt/upload_report_file/1073_1786360795219.pdf,14,5462,ok,2026-10-07T16:52:32Z
52684,LOLC,LOLC.N0000,quarterly,Interim Financial Statements for the Quarter ended 30th June 2026,2026-06-30,2026-08-14T11:21:26Z,https://cdn.cse.lk/cmt/upload_report_file/378_1786706486801.pdf,15,6089,ok,2026-10-07T16:52:35Z
52472,LPL,LPL.N0000,quarterly,Interim Financial Statements for the Quarter ended 30th June 2026,2026-06-30,2026-08-13T10:46:15Z,https://cdn.cse.lk/cmt/upload_report_file/1930_1786617975680.pdf,17,0,no_text,2026-10-07T16:52:38Z
52691,LPRT,LPRT.N0000,quarterly,Interim Financial Statements for the Quarter ended 30th June 2026,2026-06-30,2026-08-14T11:36:32Z,https://cdn.cse.lk/cmt/upload_report_file/741_1786707392842.pdf,8,2019,ok,2026-10-07T16:52:43Z
52379,LUMX,LUMX.N0000,quarterly,Interim Financial Statements for the Quarter ended 30th June 2026,2026-06-30,2026-08-12T02:56:16Z,https://cdn.cse.lk/cmt/upload_report_file/2790_1786503376828.pdf,12,2739,ok,2026-10-07T16:52:47Z
52519,LVEF,LVEF.N0000,quarterly,Interim Financial Statements for the Quarter ended 30th June 2026,2026-06-30,2026-08-13T11:21:11Z,https://cdn.cse.lk/cmt/upload_report_file/1707_1786620071086.pdf,13,3249,ok,2026-10-07T16:52:51Z
52511,LVEN,LVEN.N0000,quarterly,Interim Financial Statements for the Quarter ended 30th June 2026,2026-06-30,2026-08-13T11:19:29Z,https://cdn.cse.lk/cmt/upload_report_file/377_1786619969054.pdf,12,3303,ok,2026-10-07T16:52:54Z
52253,LWL,LWL.N0000,quarterly,Interim Financial Statements for the Quarter ended 30th June 2026,2026-06-30,2026-08-06T11:30:30Z,https://cdn.cse.lk/cmt/upload_report_file/678_1786015830338.pdf,11,3777,ok,2026-10-07T16:52:58Z
52629,MADU,MADU.N0000,quarterly,Interim Financial Statements for the Quarter ended 30th June 2026,2026-06-30,2026-08-14T09:49:55Z,https://cdn.cse.lk/cmt/upload_report_file/721_1786700995406.pdf,9,2040,ok,2026-10-07T16:53:01Z
52391,MAL,MAL.N0000,quarterly,Interim Financial Statements for the Quarter ended 30th June 2026,2026-06-30,2026-08-12T10:19:06Z,https://cdn.cse.lk/cmt/upload_report_file/722_1786529946797.pdf,9,2444,ok,2026-10-07T16:53:05Z
52399,MARA,MARA.N0000,quarterly,Interim Financial Statements for the Quarter ended 30th June 2026,2026-06-30,2026-08-12T09:43:06Z,https://cdn.cse.lk/cmt/upload_report_file/564_1786527786015.06.2026.pdf,7,1685,ok,2026-10-07T16:53:08Z
52497,MASK,MASK.N0000,quarterly,Interim Financial Statements for the Quarter ended 30th June 2026,2026-06-30,2026-08-13T10:57:42Z,https://cdn.cse.lk/cmt/upload_report_file/723_1786618662400.pdf,10,2231,ok,2026-10-07T16:53:11Z
52746,MBSL,MBSL.N0000,quarterly,Interim Financial Statements for the Quarter ended 30th June 2026,2026-06-30,2026-08-17T02:43:47Z,https://cdn.cse.lk/cmt/upload_report_file/380_1786934627322.06.2026%20%281%29.pdf,14,4817,ok,2026-10-07T16:53:14Z
52591,MCPL,MCPL.N0000,quarterly,Interim Financial Statements for the Quarter ended 30th June 2026,2026-06-30,2026-08-14T09:25:49Z,https://cdn.cse.lk/cmt/upload_report_file/1907_1786699549824.06.2026%20-%20MCPL.pdf,11,2473,ok,2026-10-07T16:53:17Z
52207,MDL,MDL.N0000,quarterly,Interim Financial Statements for the Quarter ended 30th June 2026,2026-06-30,2026-08-04T11:10:41Z,https://cdn.cse.lk/cmt/upload_report_file/2672_1785841841822.pdf,8,1649,ok,2026-10-07T16:53:21Z
52781,MEL,MEL.N0000,quarterly,Interim Financial Statements for the Quarter ended 30th June 2026,2026-06-30,2026-08-18T11:13:57Z,https://cdn.cse.lk/cmt/upload_report_file/1161_1787051637550.06.2026.pdf,7,1275,ok,2026-10-07T16:53:24Z
52573,MELS,MELS.N0000,quarterly,Interim Financial Statements for the Quarter ended 30th June 2026,2026-06-30,2026-08-14T09:10:42Z,https://cdn.cse.lk/cmt/upload_report_file/1507_1786698642831.pdf,13,4218,ok,2026-10-07T16:53:27Z
52310,MERC,MERC.N0000,quarterly,Interim Financial Statements for the Quarter ended 30th June 2026,2026-06-30,2026-08-10T10:04:43Z,https://cdn.cse.lk/cmt/upload_report_file/1064_1786356283470.pdf,11,3289,ok,2026-10-07T16:53:30Z
52527,MFPE,MFPE.N0000,quarterly,Interim Financial Statements for the Quarter ended 30th June 2026,2026-06-30,2026-08-13T11:42:19Z,https://cdn.cse.lk/cmt/upload_report_file/3178_1786621339550.06.2026%20%20signed.pdf,8,1430,ok,2026-10-07T16:53:34Z
52203,MGT,MGT.N0000,quarterly,Interim Financial Statements for the Quarter ended 30th June 2026,2026-06-30,2026-08-04T09:49:40Z,https://cdn.cse.lk/cmt/upload_report_file/403_1785836980204.pdf,12,3556,ok,2026-10-07T16:53:37Z
52332,MHDL,MHDL.N0000,quarterly,Interim Financial Statements for the Quarter ended 30th June 2026,2026-06-30,2026-08-11T05:06:08Z,https://cdn.cse.lk/cmt/upload_report_file/1304_1786424768775.pdf,11,2353,ok,2026-10-07T16:53:41Z
52137,MRH,MRH.N0000,quarterly,Interim Financial Statements for the Quarter ended 30th June 2026,2026-06-30,2026-07-28T10:49:21Z,https://cdn.cse.lk/cmt/upload_report_file/563_1785235761688.06.2026%20-%20Final.pdf,10,2901,ok,2026-10-07T16:53:45Z
52681,MSL,MSL.N0000,quarterly,Interim Financial Statements for the Quarter ended 30th June 2026,2026-06-30,2026-08-14T11:10:11Z,https://cdn.cse.lk/cmt/upload_report_file/742_1786705811192.06.2026.pdf,11,2624,ok,2026-10-07T16:53:49Z
52223,MULL,MULL.N0000,quarterly,Interim Financial Statements for the Quarter ended 30th June 2026,2026-06-30,2026-08-05T11:26:07Z,https://cdn.cse.lk/cmt/upload_report_file/763_1785929167891.06.2026.pdf,10,2328,ok,2026-10-07T16:53:52Z
52501,NAMU,NAMU.N0000,quarterly,Interim Financial Statements for the Quarter ended 30th June 2026,2026-06-30,2026-08-13T10:58:27Z,https://cdn.cse.lk/cmt/upload_report_file/725_1786618707218.pdf,9,2596,ok,2026-10-07T16:53:55Z
52054,NDB,NDB.N0000,quarterly,Interim Financial Statements for the Quarter ended 30th June 2026,2026-06-30,2026-07-22T10:44:54Z,https://cdn.cse.lk/cmt/upload_report_file/386_1784717094209.pdf,27,11102,ok,2026-10-07T16:53:59Z
52375,NEH,NEH.N0000,quarterly,Interim Financial Statements for the Quarter ended 30th June 2026,2026-06-30,2026-08-12T02:35:57Z,https://cdn.cse.lk/cmt/upload_report_file/566_1786502157273.pdf,8,2909,ok,2026-10-07T16:54:03Z
52688,NHL,NHL.N0000,quarterly,Interim Financial Statements for the Quarter ended 30th June 2026,2026-06-30,2026-08-14T11:07:21Z,https://cdn.cse.lk/cmt/upload_report_file/980_1786705641810.06.2026%20v16_F2%20%28Submitted%29.pdf,10,2743,ok,2026-10-07T16:54:07Z
52434,NTB,NTB.N0000,quarterly,Interim Financial Statements for the Quarter ended 30th June 2026,2026-06-30,2026-08-13T09:04:28Z,https://cdn.cse.lk/cmt/upload_report_file/387_1786611868010.pdf,16,13878,ok,2026-10-07T16:54:11Z
52552,ODEL,ODEL.N0000,quarterly,Interim Financial Statements for the Quarter ended 30th June 2026,2026-06-30,2026-08-13T12:25:49Z,https://cdn.cse.lk/cmt/upload_report_file/960_1786623949605.2_sgd.pdf,17,3363,ok,2026-10-07T16:54:14Z
52525,OFEQ,OFEQ.N0000,quarterly,Interim Financial Statements for the Quarter ended 30th June 2026,2026-06-30,2026-08-13T11:27:31Z,https://cdn.cse.lk/cmt/upload_report_file/769_1786620451775.06.2026.pdf,6,1746,ok,2026-10-07T16:54:18Z
52400,ONAL,ONAL.N0000,quarterly,Interim Financial Statements for the Quarter ended 30th June 2026,2026-06-30,2026-08-12T10:45:28Z,https://cdn.cse.lk/cmt/upload_report_file/627_1786531528837.06.2026.pdf,7,1229,ok,2026-10-07T16:54:21Z
52052,OSEA,OSEA.N0000,quarterly,Interim Financial Statements for the Quarter ended 30th June 2026,2026-06-30,2026-07-22T09:09:45Z,https://cdn.cse.lk/cmt/upload_report_file/628_1784711385992.pdf,12,3936,ok,2026-10-07T16:54:24Z
52466,PABC,PABC.N0000,quarterly,Interim Financial Statements for the Quarter ended 30th June 2026,2026-06-30,2026-08-13T10:09:51Z,https://cdn.cse.lk/cmt/upload_report_file/388_1786615791129.pdf,22,7438,ok,2026-10-07T16:54:28Z
52528,PACK,PACK.N0000,quarterly,Interim Financial Statements for the Quarter ended 30th June 2026,2026-06-30,2026-08-13T11:57:06Z,https://cdn.cse.lk/cmt/upload_report_file/2511_1786622226497.pdf,9,2613,ok,2026-10-07T16:54:31Z
52711,PALM,PALM.N0000,quarterly,Interim Financial Statements for the Quarter ended 30th June 2026,2026-06-30,2026-08-14T12:34:59Z,https://cdn.cse.lk/cmt/upload_report_file/529_1786710899817.pdf,9,3037,ok,2026-10-07T16:54:34Z
52355,PAP,PAP.N0000,quarterly,Interim Financial Statements for the Quarter ended 30th June 2026,2026-06-30,2026-08-11T10:03:23Z,https://cdn.cse.lk/cmt/upload_report_file/1040_1786442603758.pdf,12,3714,ok,2026-10-07T16:54:37Z
52522,PARA,PARA.N0000,quarterly,Interim Financial Statements for the Quarter ended 30th June 2026,2026-06-30,2026-08-13T11:26:29Z,https://cdn.cse.lk/cmt/upload_report_file/743_1786620389883.06.2026.pdf,5,1086,ok,2026-10-07T16:54:41Z
52247,PARQ,PARQ.N0000,quarterly,Interim Financial Statements for the Quarter ended 30th June 2026,2026-06-30,2026-08-06T09:32:26Z,https://cdn.cse.lk/cmt/upload_report_file/679_1786008746638.6.2026.pdf,7,2283,ok,2026-10-07T16:54:44Z
52605,PEG,PEG.N0000,quarterly,Interim Financial Statements for the Quarter ended 30th June 2026,2026-06-30,2026-08-14T09:21:02Z,https://cdn.cse.lk/cmt/upload_report_file/567_1786699262880.pdf,9,2072,ok,2026-10-07T16:54:47Z
52209,PHAR,PHAR.N0000,quarterly,Interim Financial Statements for the Quarter ended 30th June 2026,2026-06-30,2026-08-03T18:30:00Z,https://cdn.cse.lk/cmt/upload_report_file/744_1785843841492.pdf,9,2457,ok,2026-10-07T16:54:50Z
52457,PINS,PINS.N0000,quarterly,Interim Financial Statements for the Quarter ended 30th June 2026,2026-06-30,2026-08-13T09:41:55Z,https://cdn.cse.lk/cmt/upload_report_file/1465_1786614115368.pdf,23,7457,ok,2026-10-07T16:54:53Z
52136,PKME,PKME.N0000,quarterly,Interim Financial Statements for the Quarter ended 30th June 2026,2026-06-30,2026-07-28T11:15:50Z,https://cdn.cse.lk/cmt/upload_report_file/3218_1785237350161.pdf,12,3179,ok,2026-10-07T16:54:57Z
52331,PLC,PLC.N0000,quarterly,Interim Financial Statements for the Quarter ended 30th June 2026,2026-06-30,2026-08-11T01:56:26Z,https://cdn.cse.lk/cmt/upload_report_file/1103_1786413386791.pdf,21,5588,ok,2026-10-07T16:55:02Z
52260,PLR,PLR.N0000,quarterly,Interim Financial Statements for the Quarter ended 30th June 2026,2026-06-30,2026-08-07T09:05:19Z,https://cdn.cse.lk/cmt/upload_report_file/2279_1786093519999.pdf,8,1901,ok,2026-10-07T16:55:07Z
52508,PMB,PMB.N0000,quarterly,Interim Financial Statements for the Quarter ended 30th June 2026,2026-06-30,2026-08-13T11:05:48Z,https://cdn.cse.lk/cmt/upload_report_file/405_1786619148735.06.2026%20%281%29.pdf,11,3656,ok,2026-10-07T16:55:11Z
52635,RAL,RAL.N0000,quarterly,Interim Financial Statements for the Quarter ended 30th June 2026,2026-06-30,2026-08-14T10:02:45Z,https://cdn.cse.lk/cmt/upload_report_file/901_1786701765506.pdf,11,2914,ok,2026-10-07T16:55:15Z
52450,RCH,RCH.N0000,quarterly,Interim Financial Statements for the Quarter ended 30th June 2026,2026-06-30,2026-08-13T09:39:52Z,https://cdn.cse.lk/cmt/upload_report_file/1631_1786613992830.08.2026.pdf,9,2375,ok,2026-10-07T16:55:18Z
52302,RCL,RCL.N0000,quarterly,Interim Financial Statements for the Quarter ended 30th June 2026,2026-06-30,2026-08-07T12:18:41Z,https://cdn.cse.lk/cmt/upload_report_file/683_1786105121872.pdf,12,4161,ok,2026-10-07T16:55:22Z
52719,REEF,REEF.N0000,quarterly,Interim Financial Statements for the Quarter ended 30th June 2026,2026-06-30,2026-08-14T13:57:31Z,https://cdn.cse.lk/cmt/upload_report_file/568_1786715851284.pdf,10,2763,ok,2026-10-07T16:55:26Z
52449,RENU,RENU.N0000,quarterly,Interim Financial Statements for the Quarter ended 30th June 2026,2026-06-30,2026-08-13T09:36:42Z,https://cdn.cse.lk/cmt/upload_report_file/569_1786613802908.08.2026.pdf,3,1496,ok,2026-10-07T16:55:29Z
52505,REXP,REXP.N0000,quarterly,Interim Financial Statements for the Quarter ended 30th June 2026,2026-06-30,2026-08-13T10:59:06Z,https://cdn.cse.lk/cmt/upload_report_file/771_1786618746356.pdf,12,2756,ok,2026-10-07T16:55:33Z
52570,RFL,RFL.N0000,quarterly,Interim Financial Statements for the Quarter ended 30th June 2026,2026-06-30,2026-08-14T09:04:59Z,https://cdn.cse.lk/cmt/upload_report_file/1185_1786698299617.%20Interinm%20Financial%20Statement%20Quarted%20Ended%2030th%20June%202026.pdf,10,1415,ok,2026-10-07T16:55:36Z
52431,RGEM,RGEM.N0000,quarterly,Interim Financial Statements for the Quarter ended 30th June 2026,2026-06-30,2026-08-13T09:06:33Z,https://cdn.cse.lk/cmt/upload_report_file/770_1786611993972.pdf,6,0,no_text,2026-10-07T16:55:39Z
52652,RHL,RHL.N0000,quarterly,Interim Financial Statements for the Quarter ended 30th June 2026,2026-06-30,2026-08-14T10:07:26Z,https://cdn.cse.lk/cmt/upload_report_file/821_1786702046729.pdf,12,3517,ok,2026-10-07T16:55:42Z
52261,RHTL,RHTL.N0000,quarterly,Interim Financial Statements for the Quarter ended 30th June 2026,2026-06-30,2026-08-07T09:50:15Z,https://cdn.cse.lk/cmt/upload_report_file/534_1786096215455.06.2026.pdf,8,0,no_text,2026-10-07T16:55:45Z
52506,RICH,RICH.N0000,quarterly,Interim Financial Statements for the Quarter ended 30th June 2026,2026-06-30,2026-08-13T10:59:53Z,https://cdn.cse.lk/cmt/upload_report_file/509_1786618793157.pdf,14,2950,ok,2026-10-07T16:55:50Z
52636,RIL,RIL.N0000,quarterly,Interim Financial Statements for the Quarter ended 30th June 2026,2026-06-30,2026-08-14T10:04:01Z,https://cdn.cse.lk/cmt/upload_report_file/1544_1786701841778.06.2026.pdf,11,4088,ok,2026-10-07T16:55:53Z
52350,RPBH,RPBH.N0000,quarterly,Interim Financial Statements for the Quarter ended 30th June 2026,2026-06-30,2026-08-11T10:18:44Z,https://cdn.cse.lk/cmt/upload_report_file/581_1786443524422.pdf,7,1453,ok,2026-10-07T16:55:56Z
52660,RWSL,RWSL.N0000,quarterly,Interim Financial Statements for the Quarter ended 30th June 2026,2026-06-30,2026-08-14T10:21:43Z,https://cdn.cse.lk/cmt/upload_report_file/948_1786702903881.06.2026.pdf,10,1995,ok,2026-10-07T16:55:59Z
52416,SAMP,SAMP.N0000,quarterly,Interim Financial Statements for the Quarter ended 30th June 2026,2026-06-30,2026-08-13T03:11:28Z,https://cdn.cse.lk/cmt/upload_report_file/431_1786590688111.06.2026.pdf,26,10329,ok,2026-10-07T16:56:02Z
52615,SCAP,SCAP.N0000,quarterly,Interim Financial Statements for the Quarter ended 30th June 2026,2026-06-30,2026-08-14T09:24:08Z,https://cdn.cse.lk/cmt/upload_report_file/1100_1786699448160.pdf,20,6406,ok,2026-10-07T16:56:05Z
52647,SDB,SDB.N0000,quarterly,Interim Financial Statements for the Quarter ended 30th June 2026,2026-06-30,2026-08-14T10:09:26Z,https://cdn.cse.lk/cmt/upload_report_file/1182_1786702166298.pdf,14,4629,ok,2026-10-07T16:56:09Z
52133,SDF,SDF.N0000,quarterly,Interim Financial Statements for the Quarter ended 30th June 2026,2026-06-30,2026-07-28T11:02:44Z,https://cdn.cse.lk/cmt/upload_report_file/2567_1785236564529.pdf,16,3759,ok,2026-10-07T16:56:12Z
52586,SEMB,SEMB.N0000,quarterly,Interim Financial Statements for the Quarter ended 30th June 2026,2026-06-30,2026-08-14T09:30:35Z,https://cdn.cse.lk/cmt/upload_report_file/445_1786699835531.pdf,11,3199,ok,2026-10-07T16:56:16Z
52092,SERV,SERV.N0000,quarterly,Interim Financial Statements for the Quarter ended 30th June 2026,2026-06-30,2026-07-27T10:33:51Z,https://cdn.cse.lk/cmt/upload_report_file/543_1785148431132.pdf,9,1994,ok,2026-10-07T16:56:20Z
52157,SEYB,SEYB.N0000,quarterly,Interim Financial Statements for the Quarter ended 30th June 2026,2026-06-30,2026-07-30T11:45:25Z,https://cdn.cse.lk/cmt/upload_report_file/443_1785411925853.pdf,21,8062,ok,2026-10-07T16:56:23Z
52503,SFCL,SFCL.N0000,quarterly,Interim Financial Statements for the Quarter ended 30th June 2026,2026-06-30,2026-08-13T10:58:40Z,https://cdn.cse.lk/cmt/upload_report_file/441_1786618720410.pdf,14,4672,ok,2026-10-07T16:56:28Z
52040,SFIN,SFIN.N0000,quarterly,Interim Financial Statements for the Quarter ended 30th June 2026,2026-06-30,2026-07-21T10:56:58Z,https://cdn.cse.lk/cmt/upload_report_file/1041_1784631418371.pdf,11,3725,ok,2026-10-07T16:56:31Z
52463,SHAW,SHAW.N0000,quarterly,Interim Financial Statements for the Quarter ended 30th June 2026,2026-06-30,2026-08-13T10:05:28Z,https://cdn.cse.lk/cmt/upload_report_file/632_1786615528418.pdf,9,2802,ok,2026-10-07T16:56:35Z
52748,SHL,SHL.N0000,quarterly,Interim Financial Statements for the Quarter ended 30th June 2026,2026-06-30,2026-08-14T10:50:25Z,https://cdn.cse.lk/cmt/upload_report_file/1075_1786704625655.pdf,20,6088,ok,2026-10-07T16:56:38Z
52710,SHOT,SHOT.N0000,quarterly,Interim Financial Statements for the Quarter ended 30th June 2026,2026-06-30,2026-08-14T12:37:02Z,https://cdn.cse.lk/cmt/upload_report_file/601_1786711022798.pdf,12,2514,ok,2026-10-07T16:56:42Z
52401,SIGV,SIGV.N0000,quarterly,Interim Financial Statements for the Quarter ended 30th June 2026,2026-06-30,2026-08-12T09:44:40Z,https://cdn.cse.lk/cmt/upload_report_file/602_1786527880367.06.2026%20-%20V1.pdf,7,1508,ok,2026-10-07T16:56:45Z
52392,SIL,SIL.N0000,quarterly,Interim Financial Statements for the Quarter ended 30th June 2026,2026-06-30,2026-08-12T10:12:25Z,https://cdn.cse.lk/cmt/upload_report_file/684_1786529545153.pdf,9,1795,ok,2026-10-07T16:56:48Z
52045,SING,SING.N0000,quarterly,Interim Financial Statements for the Quarter ended 30th June 2026,2026-06-30,2026-07-21T11:10:56Z,https://cdn.cse.lk/cmt/upload_report_file/499_1784632256426.pdf,9,2109,ok,2026-10-07T16:56:52Z
52135,SINH,SINH.N0000,quarterly,Interim Financial Statements for the Quarter ended 30th June 2026,2026-06-30,2026-07-28T09:56:08Z,https://cdn.cse.lk/cmt/upload_report_file/1444_1785232568890.06.2026.pdf,8,1859,ok,2026-10-07T16:56:56Z
52308,SINS,SINS.N0000,quarterly,Interim Financial Statements for the Quarter ended 30th June 2026,2026-06-30,2026-08-10T10:03:27Z,https://cdn.cse.lk/cmt/upload_report_file/772_1786356207071.pdf,15,6604,ok,2026-10-07T16:56:59Z
52352,SIRA,SIRA.N0000,quarterly,Interim Financial Statements for the Quarter ended 30th June 2026,2026-06-30,2026-08-11T10:14:11Z,https://cdn.cse.lk/cmt/upload_report_file/685_1786443251848.pdf,9,2408,ok,2026-10-07T16:57:02Z
52736,SLND,SLND.N0000,quarterly,Interim Financial Statements for the Quarter ended 30th June 2026,2026-06-30,2026-08-15T10:47:47Z,https://cdn.cse.lk/cmt/upload_report_file/630_1786790867825.pdf,9,0,no_text,2026-10-07T16:57:05Z
35920,SLTL,SLTL.N0000,quarterly,Quarterly Financial Report as of 30/06/2020,2030-06-30,2020-08-11T11:57:00Z,https://cdn.cse.lk/cmt/upload_report_file/390_1597147020271.pdf,15,4170,ok,2026-10-07T16:57:09Z
52377,SMOT,SMOT.N0000,quarterly,Interim Financial Statements for the Quarter ended 30th June 2026,2026-06-30,2026-08-12T02:34:34Z,https://cdn.cse.lk/cmt/upload_report_file/696_1786502074435.6.2026.pdf,8,2481,ok,2026-10-07T16:57:12Z
52124,SOY,SOY.N0000,quarterly,Interim Financial Statements for the Quarter ended 30th June 2026,2026-06-30,2026-07-28T09:08:02Z,https://cdn.cse.lk/cmt/upload_report_file/488_1785229682379.pdf,8,2103,ok,2026-10-07T16:57:16Z
52595,SPEN,SPEN.N0000,quarterly,Interim Financial Statements for the Quarter ended 30th June 2026,2026-06-30,2026-08-14T09:09:07Z,https://cdn.cse.lk/cmt/upload_report_file/501_1786698547448.pdf,12,3178,ok,2026-10-07T16:57:20Z
52709,STAF,STAF.N0000,quarterly,Interim Financial Statements for the Quarter ended 30th June 2026,2026-06-30,2026-08-14T12:37:54Z,https://cdn.cse.lk/cmt/upload_report_file/603_1786711074290.pdf,9,1671,ok,2026-10-07T16:57:24Z
52268,SUN,SUN.N0000,quarterly,Interim Financial Statements for the Quarter ended 30th June 2026,2026-06-30,2026-08-07T10:32:46Z,https://cdn.cse.lk/cmt/upload_report_file/510_1786098766933.pdf,20,7556,ok,2026-10-07T16:57:28Z
52604,SWAD,SWAD.N0000,quarterly,Interim Financial Statements for the Quarter ended 30th June 2026,2026-06-30,2026-08-14T09:46:13Z,https://cdn.cse.lk/cmt/upload_report_file/687_1786700773705.pdf,8,1855,ok,2026-10-07T16:57:32Z
52170,TAFL,TAFL.N0000,quarterly,Interim Financial Statements for the Quarter ended 30th June 2026,2026-06-30,2026-07-31T09:11:33Z,https://cdn.cse.lk/cmt/upload_report_file/491_1785489093575.pdf,10,2095,ok,2026-10-07T16:57:35Z
52655,TAJ,TAJ.N0000,quarterly,Interim Financial Statements for the Quarter ended 30th June 2026,2026-06-30,2026-08-14T10:19:04Z,https://cdn.cse.lk/cmt/upload_report_file/604_1786702744374.pdf,9,0,no_text,2026-10-07T16:57:39Z
52348,TANG,TANG.N0000,quarterly,Interim Financial Statements for the Quarter ended 30th June 2026,2026-06-30,2026-08-11T10:16:25Z,https://cdn.cse.lk/cmt/upload_report_file/605_1786443385652.pdf,7,1617,ok,2026-10-07T16:57:42Z
52742,TAP,TAP.N0000,quarterly,Interim Financial Statements for the Quarter ended 30th June 2026,2026-06-30,2026-08-17T01:57:20Z,https://cdn.cse.lk/cmt/upload_report_file/1181_1786931840868.pdf,11,3175,ok,2026-10-07T16:57:46Z
36898,TESS,TESS.N0000,quarterly,Interim Finacial Statement as at 30th Sep 2020,2030-09-30,2020-11-24T11:08:17Z,https://cdn.cse.lk/cmt/upload_report_file/781_1606216097509.pdf,10,1891,ok,2026-10-07T16:57:49Z
52252,TILE,TILE.N0000,quarterly,Interim Financial Statements for the Quarter ended 30th June 2026,2026-06-30,2026-08-06T11:29:21Z,https://cdn.cse.lk/cmt/upload_report_file/677_1786015761768.pdf,10,3172,ok,2026-10-07T16:57:52Z
52360,TJL,TJL.N0000,quarterly,Interim Financial Statements for the Quarter ended 30th June 2026,2026-06-30,2026-08-11T10:43:20Z,https://cdn.cse.lk/cmt/upload_report_file/1080_1786445000451.06.2026.pdf,18,4568,ok,2026-10-07T16:57:56Z
52215,TKYO,TKYO.N0000,quarterly,Interim Financial Statements for the Quarter ended 30th June 2026,2026-06-30,2026-08-05T09:25:23Z,https://cdn.cse.lk/cmt/upload_report_file/688_1785921923108.pdf,12,0,no_text,2026-10-07T16:58:00Z
52197,TPL,TPL.N0000,quarterly,Interim Financial Statements for the Quarter ended 30th June 2026,2026-06-30,2026-08-03T12:11:36Z,https://cdn.cse.lk/cmt/upload_report_file/726_1785759096702.pdf,11,3626,ok,2026-10-07T16:58:03Z
52121,TRAN,TRAN.N0000,quarterly,Interim Financial Statements for the Quarter ended 30th June 2026,2026-07-28,2026-07-28T09:09:42Z,https://cdn.cse.lk/cmt/upload_report_file/606_1785229782765.pdf,10,2578,ok,2026-10-07T16:58:06Z
52545,TSML,TSML.N0000,quarterly,Interim Financial Statements for the Quarter ended 30th June 2026,2026-06-30,2026-08-13T13:41:31Z,https://cdn.cse.lk/cmt/upload_report_file/490_1786628491802.pdf,7,2013,ok,2026-10-07T16:58:09Z
52393,TYRE,TYRE.N0000,quarterly,Interim Financial Statements for the Quarter ended 30th June 2026,2026-06-30,2026-08-12T10:08:47Z,https://cdn.cse.lk/cmt/upload_report_file/673_1786529327021.pdf,8,1717,ok,2026-10-07T16:58:13Z
52587,UAL,UAL.N0000,quarterly,Interim Financial Statements for the Quarter ended 30th June 2026,2026-08-14,2026-08-14T09:08:18Z,https://cdn.cse.lk/cmt/upload_report_file/450_1786698498893.pdf,22,5678,ok,2026-10-07T16:58:16Z
52168,UBC,UBC.N0000,quarterly,Interim Financial Statements for the Quarter ended 30th June 2026,2026-06-30,2026-07-31T09:02:48Z,https://cdn.cse.lk/cmt/upload_report_file/1047_1785488568538.06.2026.pdf,20,7792,ok,2026-10-07T16:58:19Z
52169,UBF,UBF.N0000,quarterly,Interim Financial Statements for the Quarter ended 30th June 2026,2026-06-30,2026-07-31T09:02:45Z,https://cdn.cse.lk/cmt/upload_report_file/2998_1785488565526.06.2026.pdf,11,2771,ok,2026-10-07T16:58:23Z
53129,UCAR,UCAR.N0000,quarterly,Errata to the Interim Financial Statements for the Quarter ended 25th June 2026,2026-06-25,2026-09-21T09:02:06Z,https://cdn.cse.lk/cmt/upload_report_file/500_1789981326374.06.2026.pdf,9,1981,ok,2026-10-07T16:58:27Z
52542,UDPL,UDPL.N0000,quarterly,Interim Financial Statements for the Quarter ended 30th June 2026,2026-06-30,2026-08-13T13:30:58Z,https://cdn.cse.lk/cmt/upload_report_file/727_1786627858959.pdf,8,1994,ok,2026-10-07T16:58:30Z
52336,UML,UML.N0000,quarterly,Interim Financial Statements for the Quarter ended 30th June 2026,2026-06-30,2026-08-11T09:22:25Z,https://cdn.cse.lk/cmt/upload_report_file/697_1786440145924.pdf,12,4783,ok,2026-10-07T16:58:33Z
52395,VFIN,VFIN.N0000,quarterly,Interim Financial Statements for the Quarter ended 30th June 2026,2026-06-30,2026-08-12T09:31:44Z,https://cdn.cse.lk/cmt/upload_report_file/949_1786527104139.06.2026.pdf,13,4197,ok,2026-10-07T16:58:37Z
52758,VLL,VLL.N0000,quarterly,Interim Financial Statements for the Quarter ended 30th June 2026,2026-06-30,2026-08-17T09:18:59Z,https://cdn.cse.lk/cmt/upload_report_file/455_1786958339176.06.2026.pdf,11,3045,ok,2026-10-07T16:58:40Z
52690,VONE,VONE.N0000,quarterly,Interim Financial Statements for the Quarter ended 30th June 2026,2026-06-30,2026-08-14T11:36:11Z,https://cdn.cse.lk/cmt/upload_report_file/1074_1786707371158.6.2026.pdf,15,4064,ok,2026-10-07T16:58:43Z
52490,VPEL,VPEL.N0000,quarterly,Interim Financial Statements for the Quarter ended 30th June 2026,2026-06-30,2026-08-13T10:55:55Z,https://cdn.cse.lk/cmt/upload_report_file/454_1786618555156.pdf,11,2259,ok,2026-10-07T16:58:46Z
52093,WAPO,WAPO.N0000,quarterly,Interim Financial Statements for the Quarter ended 30th June 2026 (Extractable Version),2026-06-30,2026-07-27T11:28:58Z,https://cdn.cse.lk/cmt/upload_report_file/612_1785151738657.pdf,9,1840,ok,2026-10-07T16:58:50Z
52264,WATA,WATA.N0000,quarterly,Interim Financial Statements for the Quarter ended 30th June 2026,2026-06-30,2026-08-07T09:27:46Z,https://cdn.cse.lk/cmt/upload_report_file/728_1786094866368.pdf,15,3803,ok,2026-10-07T16:58:53Z
52549,WIND,WIND.N0000,quarterly,Interim Financial Statements for the Quarter ended 30th June 2026,2026-06-30,2026-08-14T02:25:29Z,https://cdn.cse.lk/cmt/upload_report_file/2173_1786674329905.pdf,15,4116,ok,2026-10-07T16:58:57Z
52019,WLTH,WLTH.N0000,quarterly,Interim Financial Statements for the Quarter ended 30th June 2026,2026-06-30,2026-07-16T03:12:53Z,https://cdn.cse.lk/cmt/upload_report_file/3479_1784171573367.pdf,9,2542,ok,2026-10-07T16:59:00Z
52272,YORK,YORK.N0000,quarterly,Interim Financial Statements for the Quarter ended 30th June 2026,2026-06-30,2026-08-07T11:13:13Z,https://cdn.cse.lk/cmt/upload_report_file/641_1786101193519.06.2026.pdf,6,1311,ok,2026-10-07T16:59:05Z
48521,AAF,AAF.N0000,quarterly,Quarterly Financial Report as at 30/06/2025,2025-06-30,2025-08-04T10:03:17Z,https://cdn.cse.lk/cmt/upload_report_file/1108_1754301797313.pdf,17,4163,ok,2026-10-07T18:06:47Z
49116,AAF,AAF.N0000,quarterly,Quarterly Financial Report as at 30/09/2025,2025-09-30,2025-10-30T10:46:05Z,https://cdn.cse.lk/cmt/upload_report_file/1108_1761821165389.pdf,17,4414,ok,2026-10-07T18:06:49Z
50009,AAF,AAF.N0000,quarterly,Interim Financial Statements for the Quarter ended 31st December 2025,2025-12-31,2026-01-30T10:32:23Z,https://cdn.cse.lk/cmt/upload_report_file/1108_1769769143644.pdf,17,4391,ok,2026-10-07T18:06:52Z
51022,AAF,AAF.N0000,quarterly,Interim Financial Statements for the Quarter ended 31st March 2026,2026-03-31,2026-05-07T11:40:56Z,https://cdn.cse.lk/cmt/upload_report_file/1108_1778154056385.pdf,18,5002,ok,2026-10-07T18:06:54Z
48578,AAIC,AAIC.N0000,quarterly,Interim Financial Statements for the period ended 30 June 2025,2025-06-30,2025-08-11T02:34:53Z,https://cdn.cse.lk/cmt/upload_report_file/364_1754879693854.pdf,19,5468,ok,2026-10-07T18:06:56Z
49264,AAIC,AAIC.N0000,quarterly,Interim Financial Statements for the Quarter ended 30th September 2025,2025-09-30,2025-11-07T09:16:52Z,https://cdn.cse.lk/cmt/upload_report_file/364_1762507012182.pdf,20,6788,ok,2026-10-07T18:06:58Z
50227,AAIC,AAIC.N0000,quarterly,Interim Financial Statements for the Quarter ended 31st December 2025,2025-12-31,2026-02-11T11:10:42Z,https://cdn.cse.lk/cmt/upload_report_file/364_1770808242676.pdf,19,6648,ok,2026-10-07T18:07:00Z
51056,AAIC,AAIC.N0000,quarterly,Interim Financial Statements for the Quarter ended 31st March 2026,2026-03-31,2026-05-12T09:30:21Z,https://cdn.cse.lk/cmt/upload_report_file/364_1778578221397.pdf,18,7065,ok,2026-10-07T18:07:03Z
48654,ABAN,ABAN.N0000,quarterly,QUARTERLY FINANCIAL STATEMENT AS OF 30TH JUNE 2025,2025-06-30,2025-08-13T11:44:54Z,https://cdn.cse.lk/cmt/upload_report_file/642_1755085494490.pdf,9,1479,ok,2026-10-07T18:07:05Z
49473,ABAN,ABAN.N0000,quarterly,Interim Financial Statements for the Quarter ended 30th September 2025,2025-09-30,2025-11-13T09:35:44Z,https://cdn.cse.lk/cmt/upload_report_file/642_1763026544505.09.2025_Final.pdf,9,1478,ok,2026-10-07T18:07:08Z
50214,ABAN,ABAN.N0000,quarterly,Interim Financial Statements for the Quarter ended 31st December 2025,2025-12-31,2026-02-11T10:32:02Z,https://cdn.cse.lk/cmt/upload_report_file/642_1770805922769.12.2025_Final.pdf,9,1499,ok,2026-10-07T18:07:11Z
51450,ABAN,ABAN.N0000,quarterly,Interim Financial Statements for the Quarter ended 31st March 2026,2026-03-31,2026-05-28T09:37:52Z,https://cdn.cse.lk/cmt/upload_report_file/642_1779961072679.03.2026.pdf,9,1513,ok,2026-10-07T18:07:13Z
48673,ABL,ABL.N0000,quarterly,INTERIM FINANCIAL STATEMENTS AS AT 30TH JUNE 2025,2025-06-30,2025-08-14T09:26:05Z,https://cdn.cse.lk/cmt/upload_report_file/1303_1755163565816.pdf,16,5004,ok,2026-10-07T18:07:16Z
49396,ABL,ABL.N0000,quarterly,Interim Financial Statements for the Quarter ended 30th September 2025,2025-09-30,2025-11-12T11:10:25Z,https://cdn.cse.lk/cmt/upload_report_file/1303_1762945825720.pdf,16,5339,ok,2026-10-07T18:07:18Z
50612,ABL,ABL.N0000,quarterly,Interim Financial Statements for the Quarter ended 31st December 2025,2025-12-31,2026-02-26T11:49:02Z,https://cdn.cse.lk/cmt/upload_report_file/1303_1772106542773.pdf,16,5283,ok,2026-10-07T18:07:21Z
51109,ABL,ABL.N0000,quarterly,Interim Financial Statements for the Quarter ended 31st March 2026,2026-03-31,2026-05-14T12:38:10Z,https://cdn.cse.lk/cmt/upload_report_file/1303_1778762290403.pdf,16,5028,ok,2026-10-07T18:07:24Z
48827,ACAP,ACAP.N0000,quarterly,Interim Financial Statement - 30.06.2025,2025-06-30,2025-08-20T04:30:50Z,https://cdn.cse.lk/cmt/upload_report_file/363_1755664250892.%20ACAP%20Q2%20-%20CSE%20V2.pdf,10,2746,ok,2026-10-07T18:07:25Z
49703,ACAP,ACAP.N0000,quarterly,Interim Financial Statements for the Quarter ended 30th September 2025,2025-09-30,2025-11-17T06:21:07Z,https://cdn.cse.lk/cmt/upload_report_file/363_1763360467848.%20ACAP%20CSE%20Q2%20-%20%2030.09.2025%20V%2004.pdf,11,3053,ok,2026-10-07T18:07:28Z
50528,ACAP,ACAP.N0000,quarterly,Interim Financial Statements for the Quarter ended 31st December 2025,2025-12-31,2026-02-13T11:24:46Z,https://cdn.cse.lk/cmt/upload_report_file/363_1770981886775.%20ACAP%20CSE%20Q3%20-%2031.12.2025%20V%2001.pdf,11,2921,ok,2026-10-07T18:07:30Z
51696,ACAP,ACAP.N0000,quarterly,Interim Financial Statements for the Quarter ended 31st March 2026,2026-03-31,2026-06-01T03:23:39Z,https://cdn.cse.lk/cmt/upload_report_file/363_1780284219403.03.2026%20V%2002.pdf,11,2845,ok,2026-10-07T18:07:33Z
48742,ACL,ACL.N0000,quarterly,Quarterly Financial Statements for the period ended 30th June 2025,2025-06-30,2025-08-15T09:20:35Z,https://cdn.cse.lk/cmt/upload_report_file/644_1755249635619.06.2025%20-%20ACL%20Cables%20PLC.pdf,10,2590,ok,2026-10-07T18:07:35Z
49610,ACL,ACL.N0000,quarterly,Interim Financial Statements for the Quarter ended 30th September 2025,2025-09-30,2025-11-14T09:41:35Z,https://cdn.cse.lk/cmt/upload_report_file/644_1763113295605.09.2025.pdf,11,2872,ok,2026-10-07T18:07:38Z
50368,ACL,ACL.N0000,quarterly,Interim Financial Statements for the Quarter ended 31st December 2025,2025-12-31,2026-02-13T09:14:23Z,https://cdn.cse.lk/cmt/upload_report_file/644_1770974063006.12.2025.pdf,11,2898,ok,2026-10-07T18:07:40Z
51535,ACL,ACL.N0000,quarterly,Interim Financial Statements for the Quarter ended 31st March 2026,2026-03-31,2026-05-29T09:05:29Z,https://cdn.cse.lk/cmt/upload_report_file/644_1780045529078.03.2026.pdf,11,2884,ok,2026-10-07T18:07:42Z
48604,ACME,ACME.N0000,quarterly,Interim Financial Statements for the Quarter ended 30th June 2025,2025-06-30,2025-08-12T09:08:27Z,https://cdn.cse.lk/cmt/upload_report_file/661_1754989707564.pdf,9,2373,ok,2026-10-07T18:07:44Z
49415,ACME,ACME.N0000,quarterly,Interim Financial Statements for the Quarter ended 30th September 2025,2025-09-30,2025-11-12T09:29:57Z,https://cdn.cse.lk/cmt/upload_report_file/661_1762939797739.pdf,10,2890,ok,2026-10-07T18:07:47Z
50423,ACME,ACME.N0000,quarterly,Interim Financial Statements for the Quarter ended 31st December 2025,2025-12-31,2026-02-13T10:02:30Z,https://cdn.cse.lk/cmt/upload_report_file/661_1770976950085.pdf,10,2883,ok,2026-10-07T18:07:50Z
51692,ACME,ACME.N0000,quarterly,Interim Financial Statements for the Quarter ended 31st March 2026,2026-03-31,2026-06-01T02:38:20Z,https://cdn.cse.lk/cmt/upload_report_file/661_1780281500771.pdf,10,3259,ok,2026-10-07T18:07:53Z
48700,AEL,AEL.N0000,quarterly,Interim Financial Statements - 30.06.2025,2025-06-30,2025-08-14T10:42:28Z,https://cdn.cse.lk/cmt/upload_report_file/1141_1755168148195.pdf,11,3653,ok,2026-10-07T18:07:55Z
49644,AEL,AEL.N0000,quarterly,Interim Financial Statements for the Quarter ended 30th September 2025,2025-09-30,2025-11-14T11:14:09Z,https://cdn.cse.lk/cmt/upload_report_file/1141_1763118849399.pdf,12,4391,ok,2026-10-07T18:07:57Z
50218,AEL,AEL.N0000,quarterly,Interim Financial Statements for the Quarter ended 31st December 2025,2025-12-31,2026-02-11T10:58:56Z,https://cdn.cse.lk/cmt/upload_report_file/1141_1770807536303.pdf,12,4391,ok,2026-10-07T18:07:59Z
51413,AEL,AEL.N0000,quarterly,Interim Financial Statements for the Quarter ended 31st March 2026,2026-03-31,2026-05-27T12:05:39Z,https://cdn.cse.lk/cmt/upload_report_file/1141_1779883539555.pdf,12,4490,ok,2026-10-07T18:08:02Z
48728,AFS,AFS.N0000,quarterly,Quarterly Financial Statement for the period ended 30.06.2025,2025-06-30,2025-08-15T02:51:22Z,https://cdn.cse.lk/cmt/upload_report_file/2774_1755226282961.06.2025%20Signed.pdf,8,1483,ok,2026-10-07T18:08:04Z
49495,AFS,AFS.N0000,quarterly,Interim Financial Statements for the Quarter ended 30th September 2025,2025-09-30,2025-11-13T09:20:00Z,https://cdn.cse.lk/cmt/upload_report_file/2774_1763025600606.09.2025_FINAL.pdf,8,1597,ok,2026-10-07T18:08:07Z
50212,AFS,AFS.N0000,quarterly,Interim Financial Statements for the Quarter ended 31st December 2025,2025-12-31,2026-02-11T10:24:21Z,https://cdn.cse.lk/cmt/upload_report_file/2774_1770805461873.12.2025%20AFS%20FS_V4-CSE_NEW%2010.02.2026ALL.pdf,10,2285,ok,2026-10-07T18:08:10Z
51461,AFS,AFS.N0000,quarterly,Interim Financial Statements for the Quarter ended 31st March 2026,2026-03-31,2026-05-28T15:17:37Z,https://cdn.cse.lk/cmt/upload_report_file/2774_1779981457692.03.2026%20AFS_Print_V1.pdf,9,2295,ok,2026-10-07T18:08:13Z
48454,AFSL,AFSL.N0000,quarterly,QUARTERLY FINANCIAL STATEMENT AS OF 30TH JUNE 2025,2025-06-30,2025-07-29T11:24:44Z,https://cdn.cse.lk/cmt/upload_report_file/1069_1753788284573.pdf,10,2591,ok,2026-10-07T18:08:16Z
49162,AFSL,AFSL.N0000,quarterly,Interim Financial Statements for the Quarter ended 30th September 2025,2025-09-30,2025-11-03T10:38:27Z,https://cdn.cse.lk/cmt/upload_report_file/1069_1762166307191.pdf,12,3081,ok,2026-10-07T18:08:19Z
50004,AFSL,AFSL.N0000,quarterly,Interim Financial Statements for the Quarter ended 31st December 2025,2025-12-31,2026-01-30T09:25:34Z,https://cdn.cse.lk/cmt/upload_report_file/1069_1769765134754.pdf,10,2571,ok,2026-10-07T18:08:22Z
51646,AFSL,AFSL.N0000,quarterly,Interim Financial Statements for the Quarter ended 31st March 2026,2026-03-31,2026-05-29T11:05:45Z,https://cdn.cse.lk/cmt/upload_report_file/1069_1780052745525.pdf,10,3018,ok,2026-10-07T18:08:26Z
48732,AGAL,AGAL.N0000,quarterly,INTERIM FINANCIAL STATEMENTS FOR THE QUARTER ENDED 30TH JUNE 2025,2025-06-30,2025-08-15T02:42:12Z,https://cdn.cse.lk/cmt/upload_report_file/704_1755225732022.pdf,12,2258,ok,2026-10-07T18:08:29Z
49247,AGAL,AGAL.N0000,quarterly,Interim Financial Statements for the Quarter ended 30th September 2025,2025-09-30,2025-11-06T15:11:37Z,https://cdn.cse.lk/cmt/upload_report_file/704_1762441897802.pdf,12,2191,ok,2026-10-07T18:08:32Z
50603,AGAL,AGAL.N0000,quarterly,Interim Financial Statements for the Quarter ended 31st December 2025,2025-12-31,2026-02-26T09:08:52Z,https://cdn.cse.lk/cmt/upload_report_file/704_1772096932960.Quarterly%20Financial%20%20Statements%20-%2031st%20December%202025.pdf,12,2253,ok,2026-10-07T18:08:34Z
51081,AGAL,AGAL.N0000,quarterly,Interim Financial Statements for the Quarter ended 31st March 2026,2026-03-31,2026-05-13T12:49:43Z,https://cdn.cse.lk/cmt/upload_report_file/704_1778676583322.Quarterly%20Financial%20%20Statements%20-%2031st%20Mar%202026%20.pdf,12,2098,ok,2026-10-07T18:08:37Z
48682,AGPL,AGPL.N0000,quarterly,Interim Financial Statements for the period ended 30.06.2025,2025-06-30,2025-08-14T09:43:52Z,https://cdn.cse.lk/cmt/upload_report_file/3027_1755164632325.pdf,11,2499,ok,2026-10-07T18:08:39Z
49474,AGPL,AGPL.N0000,quarterly,Interim Financial Statements for the Quarter ended 30th September 2025,2025-09-30,2025-11-13T09:40:04Z,https://cdn.cse.lk/cmt/upload_report_file/3027_1763026804267.pdf,11,2680,ok,2026-10-07T18:08:42Z
50144,AGPL,AGPL.N0000,quarterly,Interim Financial Statements for the Quarter ended 31st December 2025,2025-12-31,2026-02-09T12:10:43Z,https://cdn.cse.lk/cmt/upload_report_file/3027_1770639043555.pdf,11,2791,ok,2026-10-07T18:08:45Z
51412,AGPL,AGPL.N0000,quarterly,Interim Financial Statements for the Quarter ended 31st March 2026,2026-03-31,2026-05-27T12:07:04Z,https://cdn.cse.lk/cmt/upload_report_file/3027_1779883624346.03.2026%20Consolidated%20Interim%20Financial%20Statements%2031.03.2026.pdf,11,2852,ok,2026-10-07T18:08:48Z
48735,AGST,AGST.N0000,quarterly,Interim Financial Statements as of 30/06/2025,2025-06-30,2025-08-15T04:27:55Z,https://cdn.cse.lk/cmt/upload_report_file/1121_1755232075652.pdf,12,2726,ok,2026-10-07T18:08:51Z
49364,AGST,AGST.N0000,quarterly,Interim Financial Statements for the Quarter ended 30th September 2025,2025-09-30,2025-11-11T09:22:51Z,https://cdn.cse.lk/cmt/upload_report_file/1121_1762852971983.pdf,12,3143,ok,2026-10-07T18:08:53Z
50437,AGST,AGST.N0000,quarterly,Interim Financial Statements for the Quarter ended 31st December 2025,2025-12-31,2026-02-13T10:48:18Z,https://cdn.cse.lk/cmt/upload_report_file/1121_1770979698238.pdf,11,2941,ok,2026-10-07T18:08:56Z
51469,AGST,AGST.N0000,quarterly,Interim Financial Statements for the Quarter ended 31st March 2026,2026-05-31,2026-05-29T02:39:27Z,https://cdn.cse.lk/cmt/upload_report_file/1121_1780022367251.pdf,12,2996,ok,2026-10-07T18:08:59Z
48458,AHPL,AHPL.N0000,quarterly,Interim Financial Statements as @ 30th June 2025,2025-07-30,2025-07-30T09:12:52Z,https://cdn.cse.lk/cmt/upload_report_file/690_1753866772705.pdf,12,3420,ok,2026-10-07T18:09:02Z
49173,AHPL,AHPL.N0000,quarterly,Interim Financial Statements for the Quarter ended 30th September 2025,2025-11-04,2025-11-04T09:06:33Z,https://cdn.cse.lk/cmt/upload_report_file/690_1762247193084.pdf,12,3769,ok,2026-10-07T18:09:05Z
49979,AHPL,AHPL.N0000,quarterly,Interim Financial Statements for the Quarter ended 31st December 2025,2026-01-28,2026-01-28T09:36:09Z,https://cdn.cse.lk/cmt/upload_report_file/690_1769592969275.pdf,12,3917,ok,2026-10-07T18:09:07Z
51331,AHPL,AHPL.N0000,quarterly,Interim Financial Statements for the Quarter ended 31st March 2026,2026-05-26,2026-05-26T12:14:22Z,https://cdn.cse.lk/cmt/upload_report_file/690_1779797662742.pdf,12,4027,ok,2026-10-07T18:09:10Z
48688,AHUN,AHUN.N0000,quarterly,Interim Financial Statements for the three months ended 30th June 2025,2025-06-30,2025-08-14T09:54:02Z,https://cdn.cse.lk/cmt/upload_report_file/521_1755165242556.pdf,14,3231,ok,2026-10-07T18:09:13Z
49561,AHUN,AHUN.N0000,quarterly,Interim Financial Statements for the Quarter ended 30th September 2025,2025-09-30,2025-11-14T09:06:56Z,https://cdn.cse.lk/cmt/upload_report_file/521_1763111216891.pdf,16,3595,ok,2026-10-07T18:09:15Z
50261,AHUN,AHUN.N0000,quarterly,Interim Financial Statements for the Quarter ended 31st December 2025,2025-12-31,2026-02-12T09:14:56Z,https://cdn.cse.lk/cmt/upload_report_file/521_1770887696562.pdf,16,3653,ok,2026-10-07T18:09:17Z
51485,AHUN,AHUN.N0000,quarterly,Interim Financial Statements for the Quarter ended 31st March 2026,2026-03-31,2026-05-29T03:04:06Z,https://cdn.cse.lk/cmt/upload_report_file/521_1780023846306.pdf,16,3582,ok,2026-10-07T18:09:20Z
48778,AINS,AINS.N0000,quarterly,Interim Financial Statements as of 30/06/2025,2025-06-30,2025-08-15T11:24:00Z,https://cdn.cse.lk/cmt/upload_report_file/1405_1755257040454.pdf,14,2613,ok,2026-10-07T18:09:22Z
49509,AINS,AINS.N0000,quarterly,Interim Financial Statements for the Quarter ended 30th September 2025,2025-09-30,2025-11-13T09:59:48Z,https://cdn.cse.lk/cmt/upload_report_file/1405_1763027988226.pdf,14,2601,ok,2026-10-07T18:09:25Z
50725,AINS,AINS.N0000,quarterly,Interim Financial Statements for the Quarter ended 31st December 2025,2025-12-31,2026-03-06T10:10:52Z,https://cdn.cse.lk/cmt/upload_report_file/1405_1772791852043.pdf,14,2687,ok,2026-10-07T18:09:28Z
51070,AINS,AINS.N0000,quarterly,Interim Financial Statements for the Quarter ended 31st March 2026,2026-03-31,2026-05-13T09:53:26Z,https://cdn.cse.lk/cmt/upload_report_file/1405_1778666006696.pdf,12,2377,ok,2026-10-07T18:09:31Z
50682,ALHP,ALHP.N0000,quarterly,Interim Financial Statements for the Quarter ended 30th June 2025,2025-06-30,2026-03-03T03:22:58Z,https://cdn.cse.lk/cmt/upload_report_file/1283_1772508178434.06.2025%20%281%29.pdf,9,1695,ok,2026-10-07T18:09:33Z
50683,ALHP,ALHP.N0000,quarterly,Interim Financial Statements for the Quarter ended 30th September 2025,2025-09-30,2026-03-03T03:23:42Z,https://cdn.cse.lk/cmt/upload_report_file/1283_1772508222927.09.2025%20%281%29.pdf,9,1793,ok,2026-10-07T18:09:36Z
50684,ALHP,ALHP.N0000,quarterly,Interim Financial Statements for the Quarter ended 31st December 2025,2025-12-31,2026-03-03T03:24:12Z,https://cdn.cse.lk/cmt/upload_report_file/1283_1772508252197.12.2025%20%281%29.pdf,9,1795,ok,2026-10-07T18:09:39Z
51593,ALHP,ALHP.N0000,quarterly,Interim Financial Statements for the Quarter ended 31st March 2026,2026-03-31,2026-05-29T10:33:36Z,https://cdn.cse.lk/cmt/upload_report_file/1283_1780050816450.pdf,9,1797,ok,2026-10-07T18:09:42Z
48754,ALLI,ALLI.N0000,quarterly,INTERIM FINANCIAL STATEMENTS AS AT 30/06/2025,2025-06-30,2025-08-15T09:48:21Z,https://cdn.cse.lk/cmt/upload_report_file/341_1755251301045.Interim%20FS%20Q1%202025-Published%20Format%20_%2030_06_2025%20%2814.08.2025%29-With%20Signature.pdf,14,4264,ok,2026-10-07T18:09:44Z
49620,ALLI,ALLI.N0000,quarterly,Interim Financial Statements for the Quarter ended 30th September 2025,2025-09-30,2025-11-14T10:38:30Z,https://cdn.cse.lk/cmt/upload_report_file/341_1763116710642..Interim%20FS%20Q2%202025-Published%20Format%20_%2030_09_2025%20%2814.11.2025%29.pdf,16,4925,ok,2026-10-07T18:09:46Z
50436,ALLI,ALLI.N0000,quarterly,Interim Financial Statements for the Quarter ended 31st December 2025,2025-12-31,2026-02-13T10:34:52Z,https://cdn.cse.lk/cmt/upload_report_file/341_1770978892475.Interim%20FS%20Q3%202025-Published%20Format%20_%2031_12_2025%20PDF%20%281%29.pdf,16,4930,ok,2026-10-07T18:09:49Z
51633,ALLI,ALLI.N0000,quarterly,Interim Financial Statements for the Quarter ended 31st March 2026,2026-03-31,2026-05-29T11:03:20Z,https://cdn.cse.lk/cmt/upload_report_file/341_1780052600210.pdf,16,5256,ok,2026-10-07T18:09:52Z
48526,ALUM,ALUM.N0000,quarterly,Interim Financial Statements as at 30th June 2025,2025-06-30,2025-08-04T13:14:11Z,https://cdn.cse.lk/cmt/upload_report_file/1323_1754313251411.pdf,9,2772,ok,2026-10-07T18:09:55Z
49105,ALUM,ALUM.N0000,quarterly,Interim Financial Statements as at 30th September 2025,2025-09-30,2025-10-30T09:03:30Z,https://cdn.cse.lk/cmt/upload_report_file/1323_1761815010905.pdf,9,2848,ok,2026-10-07T18:09:57Z
50141,ALUM,ALUM.N0000,quarterly,Interim Financial Statements for the Quarter ended 31st December 2025,2025-12-31,2026-02-09T14:07:08Z,https://cdn.cse.lk/cmt/upload_report_file/1323_1770646028536.26%20Q03%20%28CSE%29%20_Final.pdf,9,2822,ok,2026-10-07T18:10:00Z
51082,ALUM,ALUM.N0000,quarterly,Interim Financial Statements for the Quarter ended 31st March 2026,2026-03-31,2026-05-13T13:48:23Z,https://cdn.cse.lk/cmt/upload_report_file/1323_1778680103613.26%20Q04%20%28CSE%29.pdf,9,2521,ok,2026-10-07T18:10:02Z
48571,AMCL,AMCL.N0000,quarterly,Interim Financial Statements as of 30.06.2025,2025-06-30,2025-08-07T11:35:52Z,https://cdn.cse.lk/cmt/upload_report_file/1065_1754566552291..pdf,8,1413,ok,2026-10-07T18:10:05Z
49132,AMCL,AMCL.N0000,quarterly,Interim Financial Statements as of 30.09.2025,2025-09-30,2025-10-31T11:13:19Z,https://cdn.cse.lk/cmt/upload_report_file/1065_1761909199975.pdf,8,1418,ok,2026-10-07T18:10:07Z
50661,AMCL,AMCL.N0000,quarterly,Interim Financial Statements for the Quarter ended 31st December 2025,2025-12-31,2026-02-27T14:13:55Z,https://cdn.cse.lk/cmt/upload_report_file/1065_1772201635667.pdf,8,1446,ok,2026-10-07T18:10:09Z
51105,AMCL,AMCL.N0000,quarterly,Interim Financial Statements for the Quarter ended 31st March 2026,2026-03-31,2026-05-14T10:10:43Z,https://cdn.cse.lk/cmt/upload_report_file/1065_1778753443329.pdf,10,2231,ok,2026-10-07T18:10:12Z
48602,AMSL,AMSL.N0000,quarterly,Interim Financial Statement for the period ended 30th June 2025,2025-06-30,2025-08-12T11:23:38Z,https://cdn.cse.lk/cmt/upload_report_file/513_1754997818624.pdf,9,2819,ok,2026-10-07T18:10:15Z
49629,AMSL,AMSL.N0000,quarterly,Interim Financial Statements for the Quarter ended 30th September 2025,2025-09-30,2025-11-14T09:06:11Z,https://cdn.cse.lk/cmt/upload_report_file/513_1763111171819.pdf,11,3077,ok,2026-10-07T18:10:17Z
50079,AMSL,AMSL.N0000,quarterly,Interim Financial Statements for the Quarter ended 31st December 2025,2025-12-31,2026-02-06T04:27:26Z,https://cdn.cse.lk/cmt/upload_report_file/513_1770352046299.pdf,11,3106,ok,2026-10-07T18:10:20Z
50984,AMSL,AMSL.N0000,quarterly,Interim Financial Statements for the Quarter ended 31st March 2026,2026-03-31,2026-04-30T11:09:23Z,https://cdn.cse.lk/cmt/upload_report_file/513_1777547363551..pdf,12,3341,ok,2026-10-07T18:10:22Z
48636,APLA,APLA.N0000,quarterly,Quarterly Financial Statements for the period ended 30th June 2025,2025-06-30,2025-08-13T10:04:02Z,https://cdn.cse.lk/cmt/upload_report_file/643_1755079442770.pdf,6,1975,ok,2026-10-07T18:10:24Z
49498,APLA,APLA.N0000,quarterly,Interim Financial Statements for the Quarter ended 30th September 2025,2025-09-30,2025-11-13T09:55:32Z,https://cdn.cse.lk/cmt/upload_report_file/643_1763027732442.pdf,7,2269,ok,2026-10-07T18:10:27Z
50375,APLA,APLA.N0000,quarterly,Interim Financial Statements for the Quarter ended 31st December 2025,2025-12-31,2026-02-13T09:19:41Z,https://cdn.cse.lk/cmt/upload_report_file/643_1770974381263.pdf,7,2360,ok,2026-10-07T18:10:30Z
51590,APLA,APLA.N0000,quarterly,Interim Financial Statements for the Quarter ended 31st March 2026,2026-03-31,2026-05-29T10:51:38Z,https://cdn.cse.lk/cmt/upload_report_file/643_1780051898453.pdf,7,2381,ok,2026-10-07T18:10:32Z
48445,ASCO,ASCO.N0000,quarterly,Interim Financial Statements as at 30th June 2025,2025-06-30,2025-07-28T11:14:03Z,https://cdn.cse.lk/cmt/upload_report_file/401_1753701243218.%20LRI%20Quarterly%20Interim%20Report%2030th%20June%202025%20upload.pdf,13,3841,ok,2026-10-07T18:10:35Z
49827,ASCO,ASCO.N0000,quarterly,Interim Financial Statements for the Quarter ended 30th September 2025,2025-09-30,2025-12-29T02:29:41Z,https://cdn.cse.lk/cmt/upload_report_file/401_1766975381582.12.25%20v9.pdf,12,2848,ok,2026-10-07T18:10:38Z
50140,ASCO,ASCO.N0000,quarterly,Interim Financial Statements for the Quarter ended 31st December 2025,2025-12-31,2026-02-09T15:32:16Z,https://cdn.cse.lk/cmt/upload_report_file/401_1770651136647.pdf,18,5510,ok,2026-10-07T18:10:40Z
51020,ASCO,ASCO.N0000,quarterly,Interim Financial Statements for the Quarter ended 31st March 2026,2026-03-31,2026-05-07T11:18:39Z,https://cdn.cse.lk/cmt/upload_report_file/401_1778152719610.pdf,15,3619,ok,2026-10-07T18:10:43Z
48585,ASHO,ASHO.N0000,quarterly,Interim Financial Statements for the Quarter Ended 30.06.2025,2025-06-30,2025-08-11T11:01:45Z,https://cdn.cse.lk/cmt/upload_report_file/695_1754910105611.06.2025.pdf,8,2397,ok,2026-10-07T18:10:47Z
49060,ASHO,ASHO.N0000,quarterly,Interim Fincial Statements for the Quarter Ended 30.09.2025,2025-09-30,2025-10-15T09:18:30Z,https://cdn.cse.lk/cmt/upload_report_file/695_1760519910761.09.2025.pdf,8,2445,ok,2026-10-07T18:10:48Z
50475,ASHO,ASHO.N0000,quarterly,Interim Financial Statements for the Quarter ended 31st December 2025,2025-12-31,2026-02-13T11:43:43Z,https://cdn.cse.lk/cmt/upload_report_file/695_1770983023315.12.2025.pdf,8,2457,ok,2026-10-07T18:10:51Z
51289,ASHO,ASHO.N0000,quarterly,Interim Financial Statements for the Quarter ended 31st March 2026,2026-03-31,2026-05-25T11:15:57Z,https://cdn.cse.lk/cmt/upload_report_file/695_1779707757704.03.2026.pdf,8,2419,ok,2026-10-07T18:10:54Z
48599,ASIR,ASIR.N0000,quarterly,Interim Financial Statements as 30th June 2025,2025-06-30,2025-08-12T11:26:27Z,https://cdn.cse.lk/cmt/upload_report_file/512_1754997987503.pdf,9,2973,ok,2026-10-07T18:10:55Z
49633,ASIR,ASIR.N0000,quarterly,Interim Financial Statements for the Quarter ended 30th September 2025,2025-09-30,2025-11-14T09:04:59Z,https://cdn.cse.lk/cmt/upload_report_file/512_1763111099568.pdf,11,3348,ok,2026-10-07T18:10:57Z
50078,ASIR,ASIR.N0000,quarterly,Interim Financial Statements for the Quarter ended 31st December 2025,2025-12-31,2026-02-06T04:28:02Z,https://cdn.cse.lk/cmt/upload_report_file/512_1770352082851.pdf,11,3373,ok,2026-10-07T18:11:00Z
50982,ASIR,ASIR.N0000,quarterly,Interim Financial Statements for the Quarter ended 31st March 2026,2026-03-31,2026-04-30T10:44:38Z,https://cdn.cse.lk/cmt/upload_report_file/512_1777545878665.pdf,12,3612,ok,2026-10-07T18:11:02Z
49859,ASIY,ASIY.N0000,quarterly,Errata to the Interim Financial Statements for the Quarter ended 30th June 2025,2025-06-30,2026-01-05T03:06:44Z,https://cdn.cse.lk/cmt/upload_report_file/1205_1767582404949.pdf,10,2963,ok,2026-10-07T18:11:04Z
49858,ASIY,ASIY.N0000,quarterly,Errata to the Interim Financial Statements for the Quarter ended 30th September 2025,2025-09-30,2026-01-05T03:08:21Z,https://cdn.cse.lk/cmt/upload_report_file/1205_1767582501630.pdf,11,3125,ok,2026-10-07T18:11:07Z
50195,ASIY,ASIY.N0000,quarterly,Interim Financial Statements for the Quarter ended 31st December 2025,2025-12-31,2026-02-11T09:03:44Z,https://cdn.cse.lk/cmt/upload_report_file/1205_1770800624254.pdf,9,3042,ok,2026-10-07T18:11:10Z
51356,ASIY,ASIY.N0000,quarterly,Interim Financial Statements for the Quarter ended 31st March 2026,2026-03-31,2026-05-27T09:23:51Z,https://cdn.cse.lk/cmt/upload_report_file/1205_1779873831543.pdf,9,3082,ok,2026-10-07T18:11:13Z
48560,ASPH,ASPH.N0000,quarterly,Interim Financial Statements - 30 June 2025,2025-06-30,2025-08-07T09:25:18Z,https://cdn.cse.lk/cmt/upload_report_file/495_1754558718460.pdf,11,2229,ok,2026-10-07T18:11:16Z
49096,ASPH,ASPH.N0000,quarterly,Interim Financial Statements - 30 September 2025,2025-09-30,2025-10-29T02:56:58Z,https://cdn.cse.lk/cmt/upload_report_file/495_1761706618775.pdf,11,2274,ok,2026-10-07T18:11:19Z
50153,ASPH,ASPH.N0000,quarterly,Interim Financial Statements for the Quarter ended 31st December 2025,2025-12-31,2026-02-10T02:59:11Z,https://cdn.cse.lk/cmt/upload_report_file/495_1770692351251.pdf,11,2274,ok,2026-10-07T18:11:21Z
52860,ASPH,ASPH.N0000,quarterly,Errata to the Interim Financial Statements for the Quarter ended 31st March 2026,2026-03-31,2026-08-28T10:37:48Z,https://cdn.cse.lk/cmt/upload_report_file/495_1787913468899.pdf,12,2478,ok,2026-10-07T18:11:24Z
48765,ATL,ATL.N0000,quarterly,Quarterly Financial Statement as at 30.06.2025,2025-06-30,2025-08-15T10:47:29Z,https://cdn.cse.lk/cmt/upload_report_file/361_1755254849343.06.2025%20-%20with%20names.pdf,14,5023,ok,2026-10-07T18:11:26Z
49673,ATL,ATL.N0000,quarterly,Interim Financial Statements for the Quarter ended 30th September 2025,2025-09-30,2025-11-14T09:38:58Z,https://cdn.cse.lk/cmt/upload_report_file/361_1763113138895.09.2025.pdf,14,5401,ok,2026-10-07T18:11:27Z
50642,ATL,ATL.N0000,quarterly,Interim Financial Statements for the Quarter ended 31st December 2025,2025-12-31,2026-02-27T09:18:41Z,https://cdn.cse.lk/cmt/upload_report_file/361_1772183921528.12.2025.pdf,14,5437,ok,2026-10-07T18:11:29Z
51143,ATL,ATL.N0000,quarterly,Interim Financial Statements for the Quarter ended 31st March 2026,2026-03-24,2026-05-15T10:18:35Z,https://cdn.cse.lk/cmt/upload_report_file/361_1778840315341.pdf,14,5008,ok,2026-10-07T18:11:33Z
48743,ATLL,ATLL.N0000,quarterly,Interim Financial Statement - 30th June 2025,2025-06-30,2025-08-15T09:20:47Z,https://cdn.cse.lk/cmt/upload_report_file/1484_1755249647026.pdf,15,3382,ok,2026-10-07T18:11:35Z
49676,ATLL,ATLL.N0000,quarterly,Interim Financial Statements for the Quarter ended 30th September 2025,2025-09-30,2025-11-14T09:37:51Z,https://cdn.cse.lk/cmt/upload_report_file/1484_1763113071296.pdf,15,3287,ok,2026-10-07T18:11:38Z
50638,ATLL,ATLL.N0000,quarterly,Interim Financial Statements for the Quarter ended 31st December 2025,2025-12-31,2026-02-27T09:17:23Z,https://cdn.cse.lk/cmt/upload_report_file/1484_1772183843734.pdf,15,3282,ok,2026-10-07T18:11:41Z
51151,ATLL,ATLL.N0000,quarterly,Interim Financial Statements for the Quarter ended 31st March 2026,2026-03-31,2026-05-15T10:19:51Z,https://cdn.cse.lk/cmt/upload_report_file/1484_1778840391344.pdf,16,3878,ok,2026-10-07T18:11:44Z
48447,AUTO,AUTO.N0000,quarterly,INTERIM ACCOUNTS FOR THE QUARTER ENDING 30TH JUNE 2025,2025-06-30,2025-07-28T10:45:35Z,https://cdn.cse.lk/cmt/upload_report_file/692_1753699535914.pdf,10,2608,ok,2026-10-07T18:11:46Z
49093,AUTO,AUTO.N0000,quarterly,INTERIM ACCOUNTS FOR THE QUARTER ENDING 30TH SEPTEMBER 2025,2025-09-30,2025-10-28T11:05:54Z,https://cdn.cse.lk/cmt/upload_report_file/692_1761649554223.pdf,10,2698,ok,2026-10-07T18:11:49Z
49952,AUTO,AUTO.N0000,quarterly,Interim Financial Statements for the Quarter ended 31st December 2025,2025-12-31,2026-01-27T09:07:19Z,https://cdn.cse.lk/cmt/upload_report_file/692_1769504839691.pdf,10,2698,ok,2026-10-07T18:11:52Z
50957,AUTO,AUTO.N0000,quarterly,Interim Financial Statements for the Quarter ended 31st March 2026,2026-03-31,2026-04-28T11:03:15Z,https://cdn.cse.lk/cmt/upload_report_file/692_1777374195584.pdf,10,2490,ok,2026-10-07T18:11:55Z
48749,BALA,BALA.N0000,quarterly,Interim Financial Statements as at 30-06-2025,2025-06-30,2025-08-15T10:57:20Z,https://cdn.cse.lk/cmt/upload_report_file/705_1755255440954.pdf,9,2082,ok,2026-10-07T18:11:57Z
49631,BALA,BALA.N0000,quarterly,Interim Financial Statements for the Quarter ended 30th September 2025,2025-09-30,2025-11-14T09:15:15Z,https://cdn.cse.lk/cmt/upload_report_file/705_1763111715876.pdf,9,2110,ok,2026-10-07T18:12:00Z
50643,BALA,BALA.N0000,quarterly,Interim Financial Statements for the Quarter ended 31st December 2025,2025-12-31,2026-02-27T09:20:07Z,https://cdn.cse.lk/cmt/upload_report_file/705_1772184007522.pdf,9,2228,ok,2026-10-07T18:12:03Z
51135,BALA,BALA.N0000,quarterly,Interim Financial Statements for the Quarter ended 31st March 2026,2026-03-31,2026-05-15T09:27:08Z,https://cdn.cse.lk/cmt/upload_report_file/705_1778837228129.pdf,9,1873,ok,2026-10-07T18:12:06Z
48680,BBH,BBH.N0000,quarterly,Interim Financial Statements for the three months ended 30th June 2025,2025-06-30,2025-08-14T09:42:19Z,https://cdn.cse.lk/cmt/upload_report_file/525_1755164539255.pdf,10,2270,ok,2026-10-07T18:12:09Z
49556,BBH,BBH.N0000,quarterly,Interim Financial Statements for the Quarter ended 30th September 2025,2025-09-30,2025-11-14T09:05:11Z,https://cdn.cse.lk/cmt/upload_report_file/525_1763111111535.pdf,11,2494,ok,2026-10-07T18:12:11Z
50255,BBH,BBH.N0000,quarterly,Interim Financial Statements for the Quarter ended 31st December 2025,2025-12-31,2026-02-12T09:13:48Z,https://cdn.cse.lk/cmt/upload_report_file/525_1770887628231.pdf,11,2474,ok,2026-10-07T18:12:14Z
48699,BERU,BERU.N0000,quarterly,Interim Financial Statements for the period ended 30th June 2025,2025-06-30,2025-08-14T10:54:44Z,https://cdn.cse.lk/cmt/upload_report_file/1201_1755168884778.06.2025._.pdf,8,2220,ok,2026-10-07T18:12:16Z
49504,BERU,BERU.N0000,quarterly,Interim Financial Statements for the Quarter ended 30th September 2025,2025-09-30,2025-11-13T11:14:14Z,https://cdn.cse.lk/cmt/upload_report_file/1201_1763032454984.09.2025%20to%20CSE.pdf,8,2190,ok,2026-10-07T18:12:19Z
51015,BERU,BERU.N0000,quarterly,Errata to the Interim Financial Statements for the Quarter ended 31st December 2025,2025-12-31,2026-05-07T11:34:40Z,https://cdn.cse.lk/cmt/upload_report_file/1201_1778153680701.pdf,4,648,ok,2026-10-07T18:12:22Z
51217,BERU,BERU.N0000,quarterly,Interim Financial Statements for the Quarter ended 31st March 2026,2026-03-31,2026-05-21T10:52:11Z,https://cdn.cse.lk/cmt/upload_report_file/1201_1779360731587.03.2026%20.pdf,8,2144,ok,2026-10-07T18:12:24Z
48546,BFL,BFL.N0000,quarterly,Interim Financial Statements as at 30th June 2025,2025-06-30,2025-08-06T11:26:27Z,https://cdn.cse.lk/cmt/upload_report_file/452_1754479587108.06.2025.pdf,9,2383,ok,2026-10-07T18:12:27Z
49082,BFL,BFL.N0000,quarterly,Interim Financial Statements as at 30th September 2025,2025-09-30,2025-10-23T02:42:34Z,https://cdn.cse.lk/cmt/upload_report_file/452_1761187354438.pdf,10,2773,ok,2026-10-07T18:12:29Z
49988,BFL,BFL.N0000,quarterly,Interim Financial Statements for the Quarter ended 31st December 2025,2025-12-31,2026-01-29T09:12:05Z,https://cdn.cse.lk/cmt/upload_report_file/452_1769677925641.12.2025.pdf,9,2588,ok,2026-10-07T18:12:32Z
51329,BFL,BFL.N0000,quarterly,Interim Financial Statements for the Quarter ended 31st March 2026,2026-03-31,2026-05-26T13:25:57Z,https://cdn.cse.lk/cmt/upload_report_file/452_1779801957494.03.2026.pdf,9,2787,ok,2026-10-07T18:12:35Z
48706,BFN,BFN.N0000,quarterly,Interim Financial Statements for the period ended 30th June 2025,2025-06-30,2025-08-14T11:04:30Z,https://cdn.cse.lk/cmt/upload_report_file/1072_1755169470621.pdf,9,2480,ok,2026-10-07T18:12:37Z
49123,BFN,BFN.N0000,quarterly,Interim Financial Statements for the period ended 30th September 2025,2025-09-30,2025-10-31T09:11:59Z,https://cdn.cse.lk/cmt/upload_report_file/1072_1761901919316.pdf,9,2601,ok,2026-10-07T18:12:40Z
49955,BFN,BFN.N0000,quarterly,Interim Financial Statements for the Quarter ended 31st December 2025,2025-12-31,2026-01-27T10:56:07Z,https://cdn.cse.lk/cmt/upload_report_file/1072_1769511367842.pdf,9,2605,ok,2026-10-07T18:12:43Z
51701,BFN,BFN.N0000,quarterly,Interim Financial Statements for the Quarter ended 31st March 2026,2026-03-31,2026-06-01T11:21:53Z,https://cdn.cse.lk/cmt/upload_report_file/1072_1780312913896.pdf%20-%20RECOMMENDED%20BY%20BAC.pdf,9,2607,ok,2026-10-07T18:12:46Z
48776,BIL,BIL.N0000,quarterly,INTERIM FINANCIAL STATEMENTS AS OF 06/30/2025,2025-06-30,2025-08-15T10:55:14Z,https://cdn.cse.lk/cmt/upload_report_file/1077_1755255314609.pdf,12,4168,ok,2026-10-07T18:12:49Z
49647,BIL,BIL.N0000,quarterly,Interim Financial Statements for the Quarter ended 30th September 2025,2025-09-30,2025-11-14T09:20:07Z,https://cdn.cse.lk/cmt/upload_report_file/1077_1763112007987.pdf,12,4595,ok,2026-10-07T18:12:51Z
50421,BIL,BIL.N0000,quarterly,Interim Financial Statements for the Quarter ended 31st December 2025,2025-12-31,2026-02-13T10:32:21Z,https://cdn.cse.lk/cmt/upload_report_file/1077_1770978741176.pdf,13,5311,ok,2026-10-07T18:12:54Z
51579,BIL,BIL.N0000,quarterly,Interim Financial Statements for the Quarter ended 31st March 2026,2026-03-31,2026-05-29T10:37:00Z,https://cdn.cse.lk/cmt/upload_report_file/1077_1780051020977.pdf,13,5915,ok,2026-10-07T18:12:56Z
48842,BLUE,BLUE.N0000,quarterly,INTERIM FINANCIAL STATEMENTS FOR THE THREE MONTHS ENDED 30TH JUNE 2025,2025-06-30,2025-08-28T03:05:07Z,https://cdn.cse.lk/cmt/upload_report_file/663_1756350307286.pdf,11,2544,ok,2026-10-07T18:12:58Z
49721,BLUE,BLUE.N0000,quarterly,Interim Financial Statements for the Quarter ended 30th September 2025,2025-09-30,2025-11-18T09:04:02Z,https://cdn.cse.lk/cmt/upload_report_file/663_1763456642675.pdf,11,0,no_text,2026-10-07T18:13:01Z
50641,BLUE,BLUE.N0000,quarterly,Interim Financial Statements for the Quarter ended 31st December 2025,2025-12-31,2026-02-27T10:33:54Z,https://cdn.cse.lk/cmt/upload_report_file/663_1772188434349.pdf,11,2736,ok,2026-10-07T18:13:04Z
51857,BLUE,BLUE.N0000,quarterly,Interim Financial Statements for the Quarter ended 31st March 2026,2026-03-31,2026-06-09T02:59:39Z,https://cdn.cse.lk/cmt/upload_report_file/663_1780973979797.pdf,10,2511,ok,2026-10-07T18:13:07Z
48594,BOGA,BOGA.N0000,quarterly,Interim financial statements as at 30th June 2025,2025-06-30,2025-08-12T03:09:56Z,https://cdn.cse.lk/cmt/upload_report_file/664_1754968196655.pdf,12,2548,ok,2026-10-07T18:13:10Z
49425,BOGA,BOGA.N0000,quarterly,Interim Financial Statements for the Quarter ended 30th September 2025,2025-09-30,2025-11-12T12:33:22Z,https://cdn.cse.lk/cmt/upload_report_file/664_1762950802732.pdf,12,2744,ok,2026-10-07T18:13:13Z
50563,BOGA,BOGA.N0000,quarterly,Interim Financial Statements for the Quarter ended 31st December 2025,2025-12-31,2026-02-19T11:03:02Z,https://cdn.cse.lk/cmt/upload_report_file/664_1771498982613.pdf,12,2303,ok,2026-10-07T18:13:16Z
51174,BOGA,BOGA.N0000,quarterly,Interim Financial Statements for the Quarter ended 31st March 2026 (Extractable Version),2026-03-31,2026-05-19T03:36:24Z,https://cdn.cse.lk/cmt/upload_report_file/664_1779161784842.pdf,12,2471,ok,2026-10-07T18:13:18Z
48701,BOPL,BOPL.N0000,quarterly,Interim Financial Statements for the Quarter ended 30th June 2025,2025-06-30,2025-08-14T11:06:51Z,https://cdn.cse.lk/cmt/upload_report_file/706_1755169611569.pdf,10,2478,ok,2026-10-07T18:13:20Z
49626,BOPL,BOPL.N0000,quarterly,Interim Financial Statements for the Quarter ended 30th September 2025,2025-09-30,2025-11-14T09:23:57Z,https://cdn.cse.lk/cmt/upload_report_file/706_1763112237622..pdf,10,2542,ok,2026-10-07T18:13:22Z
50329,BOPL,BOPL.N0000,quarterly,Interim Financial Statements for the Quarter ended 31st December 2025,2025-12-31,2026-02-13T09:07:57Z,https://cdn.cse.lk/cmt/upload_report_file/706_1770973677923..pdf,10,2686,ok,2026-10-07T18:13:25Z
51611,BOPL,BOPL.N0000,quarterly,Interim Financial Statements for the Quarter ended 31st March 2026,2026-03-31,2026-05-29T11:13:29Z,https://cdn.cse.lk/cmt/upload_report_file/706_1780053209352.pdf,10,2481,ok,2026-10-07T18:13:27Z
48487,BPPL,BPPL.N0000,quarterly,Interim Financial Statements as of 30-06-2025,2025-06-30,2025-08-01T04:24:52Z,https://cdn.cse.lk/cmt/upload_report_file/1524_1754022292111.N.pdf,14,3402,ok,2026-10-07T18:13:30Z
49251,BPPL,BPPL.N0000,quarterly,Interim Financial Statements for the Quarter ended 30th September 2025,2025-09-30,2025-11-07T02:05:48Z,https://cdn.cse.lk/cmt/upload_report_file/1524_1762481148384.pdf,14,3361,ok,2026-10-07T18:13:32Z
50020,BPPL,BPPL.N0000,quarterly,Interim Financial Statements for the Quarter ended 31st December 2025,2025-12-31,2026-02-02T02:26:35Z,https://cdn.cse.lk/cmt/upload_report_file/1524_1769999195695.pdf,14,3354,ok,2026-10-07T18:13:35Z
51491,BPPL,BPPL.N0000,quarterly,Interim Financial Statements for the Quarter ended 31st March 2026,2026-03-31,2026-05-29T02:53:55Z,https://cdn.cse.lk/cmt/upload_report_file/1524_1780023235196.pdf,14,3426,ok,2026-10-07T18:13:38Z
48704,BREW,BREW.N0000,quarterly,Quarterly Financial Report as of 30-06-2025,2025-06-30,2025-08-14T11:20:20Z,https://cdn.cse.lk/cmt/upload_report_file/458_1755170420821.pdf,12,4273,ok,2026-10-07T18:13:40Z
49661,BREW,BREW.N0000,quarterly,Interim Financial Statements for the Quarter ended 30th September 2025,2025-09-30,2025-11-14T10:14:57Z,https://cdn.cse.lk/cmt/upload_report_file/458_1763115297885.09.2025%20%28final%29.pdf,13,4528,ok,2026-10-07T18:13:42Z
50402,BREW,BREW.N0000,quarterly,Interim Financial Statements for the Quarter ended 31st December 2025,2025-12-31,2026-02-13T10:12:18Z,https://cdn.cse.lk/cmt/upload_report_file/458_1770977538864.pdf,12,4607,ok,2026-10-07T18:13:45Z
51155,BREW,BREW.N0000,quarterly,Interim Financial Statements for the Quarter ended 31st March 2026,2026-03-31,2026-05-15T11:14:04Z,https://cdn.cse.lk/cmt/upload_report_file/458_1778843644786.pdf,11,4567,ok,2026-10-07T18:13:48Z
48412,BRR,BRR.N0000,quarterly,Interim Financial Statements as at 30.06.25,2025-06-30,2025-07-23T10:56:08Z,https://cdn.cse.lk/cmt/upload_report_file/1322_1753268168697.pdf,9,1542,ok,2026-10-07T18:13:50Z
49274,BRR,BRR.N0000,quarterly,Interim Financial Statements for the Quarter ended 30th September 2025,2025-09-30,2025-11-07T10:13:43Z,https://cdn.cse.lk/cmt/upload_report_file/1322_1762510423593.pdf,9,1653,ok,2026-10-07T18:13:53Z
50096,BRR,BRR.N0000,quarterly,Interim Financial Statements for the Quarter ended 31st December 2025,2025-12-31,2026-02-06T09:21:51Z,https://cdn.cse.lk/cmt/upload_report_file/1322_1770369711215.pdf,9,1654,ok,2026-10-07T18:13:56Z
51029,BRR,BRR.N0000,quarterly,Interim Financial Statements for the Quarter ended 31st March 2026,2026-03-31,2026-05-08T09:06:27Z,https://cdn.cse.lk/cmt/upload_report_file/1322_1778231187289.pdf,9,1663,ok,2026-10-07T18:13:59Z
48793,BRWN,BRWN.N0000,quarterly,Interim Financial Statements as of 30/06/2025,2025-06-30,2025-08-18T02:46:06Z,https://cdn.cse.lk/cmt/upload_report_file/764_1755485166509.pdf,14,5005,ok,2026-10-07T18:14:02Z
49682,BRWN,BRWN.N0000,quarterly,Interim Financial Statements for the Quarter ended 30th September 2025,2025-09-30,2025-11-14T12:44:24Z,https://cdn.cse.lk/cmt/upload_report_file/764_1763124264161.pdf,15,5193,ok,2026-10-07T18:14:04Z
50432,BRWN,BRWN.N0000,quarterly,Interim Financial Statements for the Quarter ended 31st December 2025,2025-12-31,2026-02-13T10:53:03Z,https://cdn.cse.lk/cmt/upload_report_file/764_1770979983458.pdf,15,5647,ok,2026-10-07T18:14:06Z
51658,BRWN,BRWN.N0000,quarterly,Interim Financial Statements for the Quarter ended 31st March 2026,2026-03-31,2026-05-29T12:47:30Z,https://cdn.cse.lk/cmt/upload_report_file/764_1780058850137.pdf,15,5807,ok,2026-10-07T18:14:09Z
48717,BUKI,BUKI.N0000,quarterly,Interim Financial Statements as at 30th June 2025,2025-06-30,2025-08-14T11:52:10Z,https://cdn.cse.lk/cmt/upload_report_file/456_1755172330938.pdf,22,5250,ok,2026-10-07T18:14:12Z
