key,name,type,symbol,holdings,direct_value,lookthrough_value,companies_controlled,controlled_market_cap,companies_influenced,names_as_filed
AXIATAINVESTMENTSLABUAN,Axiata Investments (Labuan) Limited,company,,1,301943748042.5,310627375766.4809,2,421301643665.5,0,Axiata Investments (Labuan) Limited
LISTED:MELS,MELSTACORP PLC,listed,MELS,9,300305886700.85,0,6,320419119325.15,0,MELSTACORP PLC | Melstacorp PLC
BRITISHAMERICANTOBACCOINTERNATIONALHOLDINGSBV,British American Tobacco International Holdings B.V.,company,,1,280511857180,280511857180,1,333436276780,0,British American Tobacco International Holdings B.V.
EMPLOYEESPROVIDENTFUND,Employees Provident Fund,institution,,47,183949272187.13336,228511668469.92914,0,0,0,Employee's Provident Fund | Employees Provident Fund | EMPLOYEE'S PROVIDENT FUND | Employees' Provident Fund | Employee'S Provident Fund
KDDPERERA,Mr. K.D.D. Perera,individual,,7,173651820199.4,317340262124.96326,14,617566505310.4,4,Mr. K.A.D.D. Perera | Mr. K.D.D. Perera | K. A. D. D. Perera | MR. K.A.D.D. PERERA
LISTED:JKH,JOHN KEELLS HOLDINGS PLC,listed,JKH,7,159286854399.6,0,7,210871096800,0,John Keells Holdings PLC
LOLCCEYLONHOLDINGS,LOLC Ceylon Holdings PLC,company,,2,143841046270,143841046270,1,147800735805,0,LOLC Ceylon Holdings PLC | LOLC Ceylon Holdings Limited | Hatton National Bank PLC / LOLC Ceylon Holdings Limited
LISTED:HAYL,HAYLEYS PLC,listed,HAYL,11,134449561324.80002,0,0,0,0,Hayleys PLC | HAYLEYS PLC | Hayleys PLC No 3 Share Investment Account | HAYLEYS PLC NO 3 SHARE INVESTMENT ACCOUNT
LISTED:CTHR,C T HOLDINGS PLC,listed,CTHR,5,126683223052.95,0,0,0,0,C T Holdings PLC | CT Holdings PLC | CT Holdings PLC*
MILFORDEXPORTSCEYLON,MILFORD EXPORTS (CEYLON) (PVT) LIMITED,company,,6,122925091396.5,302561357472.6742,0,0,2,MILFORD EXPORTS (CEYLON) (PVT) LIMITED | Milford Exports (Ceylon) (Private) Limited
ISHARACHINTHAKANANAYAKKARA,Ishara Chinthaka Nanayakkara,individual,,4,96765182435.4,124524632544.39117,0,0,1,Sampath Bank PLC/ Ishara Chinthaka Nanayakkara | Sampath Bank PLC/Ishara Chinthaka Nanayakkara | Mr. I.C. Nanayakkara | Commercial Bank of Ceylon PLC/ I C Nanayakkara | Mr. I C Nanayakkara
LISTED:VONE,VALLIBEL ONE PLC,listed,VONE,4,92792829666.4,0,0,0,0,Vallibel One PLC | VALLIBEL ONE PLC
HWICASIAFUND,HWIC Asia Fund,institution,,1,86481304044.8,129620621877.88959,0,0,1,HWIC Asia Fund
SECRETARYTOTHETREASURY,SECRETARY TO THE TREASURY,institution,,6,79513442330.5841,79582133019.0119,0,0,1,SECRETARY TO THE TREASURY | Secretary to the Treasury | The Secretary to the Treasury
LISTED:BREW,CEYLON BEVERAGE HOLDINGS PLC,listed,BREW,1,75237818400,0,0,0,0,CEYLON BEVERAGE HOLDINGS PLC
GLOBALTELECOMMUNICATIONSHOLDINGSNV,Global Telecommunications Holdings NV,company,,1,67294727340.1,67294727340.1,0,0,0,Global Telecommunications Holdings NV
LISTED:BUKI,BUKIT DARAH PLC,listed,BUKI,2,63003973963.75,0,0,0,1,Bukit Darah PLC A/C No.2 | BUKIT DARAH PLC A/C NO 2
YSHISILVA,Mr. Y. S. H. I. Silva,individual,,6,61391972703.48892,63284211819.985214,0,0,0,Mr. Y.S.H.I. Silva | Mr. Y. S. H. I. Silva | MR. Y. S. H. I. SILVA | MR. Y.S.H.I. SILVA | Mr Y S H I Silva
LOLCCAPITAL,LOLC Capital (Private) Limited,company,,1,61152199440.74999,78699004732.74405,0,0,0,LOLC Capital (Private) Limited | Sampath Bank PLC/LOLC Capital (Private) Limited
LISTED:CARS,CARSON CUMBERBATCH PLC,listed,CARS,3,57026422930.25,0,4,224073483352,0,CARSON CUMBERBATCH PLC A/C NO.2 | CARSON CUMBERBATCH PLC A/C NO.01 | CARSON CUMBERBATCH PLC - A/C NO.02 | Carson Cumberbatch PLC A/C No.02 | Carson Cumberbatch PLC A/C No.01
ODEONHOLDINGSCEYLON,Odeon Holdings (Ceylon) (Private) Ltd,company,,1,53184641848,117671455279.26978,3,281469710012.25,2,Odeon Holdings (Ceylon) (Private) Ltd
SRILANKAINSURANCECORPORATIONLIFEFUND,Sri Lanka Insurance Corporation Ltd-Life Fund,institution,,22,52309912629.04087,57276789251.15199,0,0,0,Sri Lanka Insurance Corporation Ltd-Life Fund | SRI LANKA INSURANCE CORPORATION LTD-LIFE FUND | Sri Lanka Insurance Corporation Ltd - Life Fund | Sri Lanka Insurance Corporation Ltd. - Life Fund | Sri Lanka Insurance Corporation Ltd-Life fund
INDIANOILCORPORATIONINDIA,"Indian Oil Corporation Limited, India",company,,1,50600000632.5,50600000632.5,1,67356911682.5,0,"Indian Oil Corporation Limited, India"
MAYASEEN,Mr. M.A. Yaseen,individual,,8,46627382620.44716,111158811751.20137,0,0,0,Mr. M.A. Yaseen | MR. M.A. YASEEN | Mr. M.A.Yaseen | COMMERCIAL BANK OF CEYLON PLC/M.A.YASEEN | Mr. M. A. Yaseen
PHANTOMINVESTMENTS,Phantom Investments (Private) Limited,company,,21,44853771792.96023,56997968998.56908,0,0,0,Hatton National Bank PLC/Phantom Investments (Private) Limited | SEYLAN BANK PLC/PHANTOM INVESTMENTS (PVT) LTD | Commercial Bank of Ceylon PLC/ Phantom Investments (Pvt) Ltd | Seylan Bank PLC/Phantom Investments (Pvt) Ltd | Seylan Bank Plc/Phantom Investments (Pvt) Ltd
BHARTIAIRTEL,Bharti Airtel Limited,company,,1,42394913660.5,43614152839.99868,0,0,0,Bharti Airtel Limited
PGPGLASS,PGP GLASS PRIVATE LIMITED,company,,1,41172738368.1,41172738368.1,1,52349743008,0,DEUTSCHE BANK AG COLOMBO BRANCH/ DB INTERNATIONAL TRUST (SINGAPORE) LIMITED/PGP GLASS PRIVATE LIMITED
LISTED:TAP,AMBEON CAPITAL PLC,listed,TAP,2,38682603764,0,0,0,0,AMBEON CAPITAL PLC | SEYLAN BANK PLC/AMBEON CAPITAL PLC (COLLATERAL) | COMMERCIAL BANK OF CEYLON PLC/ AMBEON CAPITAL PLC | DFCC BANK PLC/ AMBEON CAPITAL PLC | PAN ASIA BANKING CORPORATION PLC/AMBEON CAPITAL PLC
LISTED:BRWN,BROWN & COMPANY PLC,listed,BRWN,3,38280113516.5,0,0,0,0,Brown & Company PLC A/C No.1 | Hatton National Bank PLC/ Brown & Company PLC | Brown & Company PLC A/C No: 01 | Commercial Bank of Ceylon PLC/ Brown & Company PLC | Sampath Bank PLC/Brown and Company PLC
CARGILLSDAIRIES,Cargills Dairies (Pvt) Ltd,company,,1,37430954400,37430954400,1,37680000000,0,Cargills Dairies (Pvt) Ltd
AKBARBROTHERS,Akbar Brothers Pvt Ltd,company,,14,36977388143.974,37555144159.70204,0,0,1,Akbar Brothers Pvt Ltd | Akbar Brothers (Pvt) Ltd | AKBAR BROTHERS PVT LTD | Akbar Brothers (Pvt) Ltd A/C No 1 | Akbar Brothers (Private) Limited
DPPIERIS,Mr. D. P. Pieris,individual,,5,36803888355.074646,38461505198.38035,0,0,0,Mr. D. P. Pieris | Mr. D.P. Pieris | Mr D P Pieris
CARLSBERGBREWERYMALAYSIABERHAD,CARLSBERG BREWERY MALAYSIA BERHAD,company,,1,36001234800,36001234800,0,0,0,CARLSBERG BREWERY MALAYSIA BERHAD
SUNSHINEWILMAR,SUNSHINE WILMAR (PRIVATE) LIMITED,company,,1,35693309290.38756,35693309290.38756,1,46456022640.5,0,SUNSHINE WILMAR (PRIVATE) LIMITED
SRILANKAINSURANCECORPORATIONGENERALFUND,Sri Lanka Insurance Corporation Ltd-General Fund,institution,,18,33832290750.47022,35427796277.40204,0,0,0,Sri Lanka Insurance Corporation Ltd-General Fund | SRI LANKA INSURANCE CORPORATION LTD-GENERAL FUND | Sri Lanka Insurance Corporation Ltd - General Fund | Sri Lanka Insurance Corporation Ltd- General Fund | Sri Lanka Insurance Corporation Ltd.-General Fund
PAINTSANDGENERALINDUSTRIES,Paints & General Industries Limited,company,,3,33502727256.8,52137531453.22535,2,50953848097.25,0,Paints & General Industries Limited
LISTED:DFCC,DFCC BANK PLC,listed,DFCC,14,32587625470.529934,0,0,0,0,DFCC Bank PLC A/C 1 | DFCC Bank PLC A/C No.02 | DFCC BANK PLC A/C NO.02 | DFCC Bank PLC A/C No .02 | DFCC Bank PLC A/C 2
LISTED:JXG,JANASHAKTHI PLC,listed,JXG,5,30793551378,0,0,0,0,COMMERCIAL BANK OF CEYLON PLC/JANASHAKTHI LIMITED | JANASHAKTHI LTD | PEOPLE'S BANK/ JANASHAKTHI LTD | BANK OF CEYLON/ JANASHAKTHI PLC | SANASA DEVELOPMENT BANK PLC/ JANASHAKTHI LIMITED
LAMUREPINVESTMENTS,Lamurep Investments Limited,company,,1,30728608534.800003,30728608534.800003,1,55691414802.8,0,Lamurep Investments Limited
PEOPLESBANK,PEOPLES' BANK,company,,4,30454391885.34862,30508975779.300976,1,39037706692,0,Peoples Bank | PEOPLES' BANK | People's Bank
LISTED:LMF,LANKA MILK FOODS (CWE) PLC,listed,LMF,3,29664803257,0,0,0,0,LANKA MILK FOODS (CWE) LIMITED
LISTED:RCL,ROYAL CERAMICS LANKA PLC,listed,RCL,6,29191151046.658386,0,0,0,0,Royal Ceramics Lanka PLC. | Royal Ceramics Lanka PLC | ROYAL CERAMICS LANKA PLC
LISTED:LOLC,LOLC HOLDINGS PLC,listed,LOLC,3,28909308315.75,0,2,31368356233.5,1,LOLC Holdings PLC | Sampath Bank PLC/ LOLC Holdings PLC | Seylan Bank PLC/LOLC Holdings PLC (Collateral) | Hatton National Bank PLC/LOLC Holdings PLC
BROWNSHOTELSANDRESORTS,Browns Hotels And Resorts Limited,company,,2,27798815618.5,40188587461.27957,5,46296398792.2,0,Browns Hotels And Resorts Limited | Browns Hotels and Resorts Ltd
PHILIPMORRISBRANDSARL,Philip Morris Brand SARL,company,,1,27742919800,27742919800,0,0,0,Philip Morris Brand SARL
PRIMELANDS,Prime Lands (Pvt) Ltd,company,,1,25784698902,25784698902,1,34312500000,0,Prime Lands (Pvt) Ltd
UGMADANAYAKE,Mr. U. G. Madanayake,individual,,1,24674993280,28352424280.207134,0,0,1,Mr. U. G. Madanayake
SHINGKWANINVESTMENTCO,SHING KWAN INVESTMENT COMPANY LIMITED 1,company,,1,23882755800,23882755800,0,0,1,SHING KWAN INVESTMENT COMPANY LIMITED 1
SECAPTAIN,Mr S E Captain,individual,,1,23529677488,35266945408.23274,0,0,0,Mr S E Captain
MAZAGONDOCKSHIPBUILDERS,MAZAGON DOCK SHIPBUILDERS LIMITED,company,,1,23482380749.999996,23482380749.999996,1,46043605553,0,MAZAGON DOCK SHIPBUILDERS LIMITED
INTERNATIONALFINANCECORPORATION,International Finance Corporation,institution,,1,21961199938.020813,22256150203.745403,0,0,0,CB NY S/A International Finance Corporation
LISTED:SHL,SOFTLOGIC HOLDINGS PLC,listed,SHL,3,21526608227.700005,0,5,69132776609.6,0,Softlogic Holdings PLC | SOFTLOGIC HOLDINGS PLC
SENTHILVERLHOLDINGS,Senthilverl Holdings (Pvt) Ltd,company,,27,21161607021.321445,27104636897.251778,0,0,2,SAMPATH BANK PLC/SENTHILVERL HOLDINGS (PVT) LTD | Sampath Bank PLC/Senthilverl Holdings (Pvt) Ltd | Sampath Bank PLC / Senthilverl Holdings (Pvt) Ltd | SENTHILVERL HOLDINGS (PVT) LTD | Cargills Bank Limited / Senthilverl Holdings (Pvt) Ltd
LISTED:HNB,HATTON NATIONAL BANK PLC,listed,HNB,3,20775886314,0,1,21375000000,0,Hatton National Bank PLC A/C No 1 | Hatton National Bank PLC A/C No.01 | HATTON NATIONAL BANK PLC A/C NO 1
LEMYASEEN,Mrs. L. E. M Yaseen,individual,,6,19737267004.410835,51915652077.0835,0,0,0,MRS. L.E.M. YASEEN | Mrs. L.E.M. Yaseen | Mrs. L. E. M Yaseen | COMMERCIAL BANK OF CEYLON PLC/L.E.M.YASEEN
VALLIBELINVESTMENTS,Vallibel Investments (Pvt) Limited,company,,2,19695135003,29156093185.87087,1,21985461225,0,Vallibel Investments (Pvt) Limited | Vallibel Investments (Private) Ltd
MJFTEAS,MJF Teas (Pvt) Ltd,company,,2,19661567976.831696,19779639312.014236,1,29105081250,0,MJF Teas (Pvt) Ltd | MJF Teas Private Limited
SUMALJSPERERA,Mr Sumal.J.S. Perera,individual,,1,19475000000,21258129109.0625,0,0,1,Mr Sumal.J.S. Perera
LISTED:SPEN,AITKEN SPENCE PLC,listed,SPEN,1,19397286027,0,0,0,0,AITKEN SPENCE PLC-A/C NO.1
TRUSTEESOFTHEDSJAYASUNDERATRUST,Trustees of the D.S. Jayasundera Trust,trust,,1,19396577910,34982806946.22249,0,0,0,Trustees of the D.S. Jayasundera Trust
LISTED:RIL,R I L PROPERTY PLC,listed,RIL,3,18322814317,0,2,31610746484,0,R I L Property PLC | RIL PROPERTY PLC
PORTELET,PORTELET LIMITED,company,,3,18196776337.5,38953156125.11501,0,0,0,PORTELET LIMITED | Portelet Limited
RUBBERINVESTMENTTRUST,RUBBER INVESTMENT TRUST LTD,company,,4,18151741395,42446328717.67649,0,0,1,RUBBER INVESTMENT TRUST LTD - A/C NO.03 | Rubber Investment Trust Ltd A/C No.1 | RUBBER INVESTMENT TRUST LTD A/C NO 01 | Rubber Investment Trust Ltd Account 1
LISTED:CIC,CIC HOLDINGS PLC,listed,CIC,2,17899493917.13997,0,0,0,0,CIC Holdings PLC | Amana Bank PLC / CIC Holdings PLC
JBCOCOSHELL,J.B. COCOSHELL (PVT) LTD,company,,47,17614454189.85267,18975783352.097588,0,0,0,J.B. Cocoshell (Pvt) Ltd | J.B. COCOSHELL (PVT) LTD | J. B. Cocoshell (Pvt) Ltd | J.B.Cocoshell (Pvt) Ltd | J.B. Cocoshell (PVT) LTD
JZHASSEN,J.Z. Hassen,individual,,1,17457300000,17457300000,0,0,1,J.Z. Hassen
CEYLONSTEELCORPORATION,CEYLON STEEL CORPORATION LIMITED,company,,1,17441591749,19495245848.475723,0,0,0,CEYLON STEEL CORPORATION LIMITED
EWBALASURIYAANDCO,E.W. Balasuriya & Co.(Pvt) Ltd.,company,,4,17128816327,18714036645.597576,1,28559703646.5,0,E.W. Balasuriya & Co.(Pvt) Ltd. A/C No.01 | E.W. Balasuriya & Company (Private) Limited Account No.01 | E.W. Balasuriya & Co. (Pvt) Ltd A/C No.01 | E. W. Balasuriya & Co. (Pvt) Limited
NEWGREENS,NEWGREENS LIMITED,company,,3,16786786837.5,35754989799.637054,0,0,0,NEWGREENS LIMITED | Newgreens Limited
GFCAPITALGLOBAL,GF CAPITAL GLOBAL LIMITED,company,,16,15630007256.3,26356416121.691048,0,0,0,GF Capital Global Limited | GF CAPITAL GLOBAL LIMITED | GF Capital Global Ltd
LANKAOLEXCABLES,Lanka Olex Cables (Private) Ltd,company,,1,15466483208,15466483208,1,20622800000,0,Lanka Olex Cables (Private) Ltd
HOSTPLUSPOOLEDSUPERANNUATIONTRUST,HOSTPLUS POOLED SUPERANNUATION TRUST,institution,,9,15117659236.3,19876313703.966866,0,0,0,Citibank Hong Kong S/A Hostplus Pooled Superannuation Trust | CITIBANK HONG KONG S/A HOSTPLUS POOLED SUPERANNUATION TRUST | Hostplus Pooled Superannuation Trust
AMBEONCONSOLIDATED,AMBEON CONSOLIDATED (PRIVATE) LIMITED,company,,1,14975192289.199999,40185748049.13778,4,82424366826.6,0,AMBEON CONSOLIDATED (PRIVATE) LIMITED
BGINVESTMENTS,B G INVESTMENTS (PVT) LIMITED,company,,1,14944308362.5,14944308362.500002,1,29739953127.5,0,B G INVESTMENTS (PVT) LIMITED | LOLC FINANCE PLC/B.G.INVESTMENTS (PVT) LTD | PEOPLE S LEASING AND FINANCE PLC/B G INVESTMENTS (PVT) LIMITED
PRIMASINGAPORE,"Prima Limited, Singapore",company,,2,14738717415.75,18517698146.6329,0,0,1,"Prima Limited, Singapore"
VNATARAJ,MR. V. NATARAJ,individual,,2,14728986121,32181012872.39818,0,0,0,MR. V. NATARAJ | Mr. V. Nataraj
STASSENEXPORTS,STASSEN EXPORTS (PVT) LIMITED,company,,7,14716928499.9,19057694561.09049,0,0,0,STASSEN EXPORTS (PVT) LIMITED | Stassen Exports (Pvt) Limited | Stassen Exports (Private) Limited
AZHOLDINGS,A Z Holdings (Pvt) Ltd.,company,,1,14396122664.999998,14398424394.008995,0,0,0,A Z Holdings (Pvt) Ltd.
SURENMADANAYAKE,Mr. Suren Madanayake,individual,,1,14366587680,16507708218.600033,0,0,0,Mr. Suren Madanayake
LISTED:SCAP,SOFTLOGIC CAPITAL PLC,listed,SCAP,2,14324426237.599998,0,0,0,0,"Softlogic Capital PLC | SOFTLOGIC CAPITAL PLC, PAN ASIA BANKING CORPORATION PLC/SOFTLOGIC CAPITAL PLC"
TOWERINVESTMENTS,Tower Investments (Pvt) Ltd,company,,1,14253065627.5,27933879546.082596,0,0,0,Tower Investments (Pvt) Ltd
FIRSTCAPITAL,FIRST CAPITAL LIMITED,company,,4,14044116909.9,14281807474.84446,1,14158800000,0,First Capital Limited | FIRST CAPITAL LIMITED
AMAGROUP,Amagroup (Pvt) Ltd.,company,,1,13988381949,13990618486.244797,0,0,0,Amagroup (Pvt) Ltd.
SCHAFFTERS,Schaffters (Private) Limited,company,,1,13871000000,35658249913.68276,4,65343407751.5,0,Schaffters (Private) Limited
SKYWORLDOVERSEASHOLDINGS,Skyworld Overseas Holdings Limited,company,,1,13787575353,15344859046.411358,0,0,1,Skyworld Overseas Holdings Limited
SARAZINVESTMENTS,Saraz Investments (Pvt) Ltd.,company,,1,13703487381,13705678367.779097,0,0,0,Saraz Investments (Pvt) Ltd.
VRPAGE,Mr. V.R. Page,individual,,1,13633249849.999998,13857135138.834976,0,0,0,Mr. V.R. Page
BLUEBERRYINVESTMENTS,Blueberry Investments (Pvt) Ltd.,company,,1,13605974820.000002,13608150215.949844,0,0,0,Blueberry Investments (Pvt) Ltd.
RRTAKAHASHI,MRS. R.R. TAKAHASHI,individual,,3,13507493585,28592374865.924007,0,0,1,MRS. R.R. TAKAHASHI | Ms. R. R. Takahashi
POLYPAKSECCO,Polypak Secco Ltd,company,,1,13423378808.8,20119339412.34043,0,0,0,Polypak Secco Ltd
FULCRUM,Fulcrum (Private) Limited,company,,1,13005003648.75,25487864499.80493,0,0,0,Fulcrum (Private) Limited
RPCPLANTATIONMANAGEMENTSERVICES,RPC Plantation Management Services (Pvt) Ltd,company,,2,12908728386.535305,13700971583.858707,2,18436250000,1,RPC Plantation Management Services (Pvt) Ltd
GLOBALRUBBERINDUSTRIES,Global Rubber Industries (Private) Limited,company,,1,12903166432.5,12903166432.5,0,0,1,Global Rubber Industries (Private) Limited | Seylan Bank PLC/Global Rubber Industries (Private) Limited
ALMASHOLDINGS,Almas Holdings (Private) Limited,company,,13,12686258249.746752,15071774612.898674,0,0,0,HATTON NATIONAL BANK PLC/ALMAS HOLDINGS (PRIVATE) LIMITED | Hatton National Bank PLC/Almas Holdings (Private) Limited | Almas Holdings (Private) Limited | Hatton National Bank PLC/Almas Holdings (Pvt) Ltd | Hatton National Bank Plc/Almas Holdings (Pvt) Ltd
BIHOLDINGS,BI Holdings (Pvt) Ltd,company,,1,12489312791.8,13357910979.370361,0,0,0,BI Holdings (Pvt) Ltd | People's Bank / BI Holdings (Private) Limited
ASIANDEVELOPMENTBANK,Asian Development Bank,institution,,1,11967729104,17937570507.9909,0,0,0,Asian Development Bank
WHITTALLBOUSTEAD,Whittall Boustead (Pvt) Ltd,company,,1,11918922120,11918922120,0,0,0,Whittall Boustead (Pvt) Ltd
EMPLOYEESTRUSTFUNDBOARD,Employees' Trust Fund Board,institution,,40,11823883719.435638,13077339006.503393,0,0,0,Employees Trust Fund Board | EMPLOYEES TRUST FUND BOARD | Employees' Trust Fund Board | Employees Trust Fund
LISTED:DIAL,DIALOG AXIATA PLC,listed,DIAL,1,11774400570,0,0,0,0,Dialog Axiata PLC
LISTED:CALH,CAPITAL ALLIANCE HOLDINGS PLC,listed,CALH,2,11601943710.5,0,1,13341424302,0,Capital Alliance Holdings PLC | CAPITAL ALLIANCE HOLDINGS LTD
UNITYBUILDER,UNITY BUILDER LIMITED 2,company,,1,11597554500,11597554500,0,0,0,UNITY BUILDER LIMITED 2
MMPAGE,Miss M.M. Page,individual,,4,11391103179.75,18224947549.632263,0,0,0,Miss M.M. Page | Miss. M.M. Page | Ms. M.M. Page | Mrs. M. M Page
IFCEMERGINGASIAFUNDLP,IFC Emerging Asia Fund. LP,institution,,1,11321712606.396051,11473769058.28111,0,0,0,CB NY S/A IFC Emerging Asia Fund. LP
IFCFINANCIALINSTITUTIONSGROWTHFUNDLP,IFC Financial Institutions Growth Fund LP,institution,,1,11321712606.396051,11473769058.28111,0,0,0,CB NY S/A IFC Financial Institutions Growth Fund LP
KUAMARASINGHE,MRS. K.U. AMARASINGHE,individual,,2,11235628324,14066642555.832336,0,0,0,MRS. K.U. AMARASINGHE | Mrs. K U Amarasinghe | Seylan Bank PLC/ K U Amarasinghe (Collateral)
SERENITYLAKELEISURE,SERENITY LAKE LEISURE (PVT) LTD,company,,1,10991764756.8,10991764756.8,1,12226032000,0,CARGILLS BANK LIMITED/SERENITY LAKE LEISURE (PVT) LTD | SERENITY LAKE LEISURE (PVT) LTD | NATIONAL DEVELOPMENT BANK PLC/SERENITY LAKE LEISURE (PVT) LTD
HIRDARAMANI,Hirdaramani Private Limited,company,,1,10895223115.047832,10895223115.047832,0,0,0,Hirdaramani Private Limited
LISTED:GREG,AMBEON HOLDINGS PLC,listed,GREG,3,10763543767,0,0,0,0,Ambeon Holdings PLC | Commercial Bank of Ceylon PLC/Ambeon Holdings PLC | Sampath Bank PLC/Ambeon Holdings PLC | SEYLAN BANK PLC/ AMBEON HOLDINGS PLC (COLLATERAL) | AMBEON HOLDINGS PLC
AWGUNAWARDENE,Mr. A.W. Gunawardene,individual,,1,10736799039.7,10736799039.7,1,16874698174.8,0,Mr. A.W. Gunawardene
LISTED:CFLB,THE COLOMBO FORT LAND & BUILDING PLC,listed,CFLB,6,10401739762.6,0,8,33854235094.5,1,The Colombo Fort Land & Building PLC | Commercial Bank of Ceylon PLC / The Colombo Fort Land & Building PLC | The Colombo Fort Land and Building PLC | Commercial Bank of Ceylon PLC/The Colombo Fort Land & Building PLC | Commercial Bank of Ceylon PLC/ The Colombo Fort Land & Building PLC
TUNDRASUSTAINABLEFRONTIERFUND,Tundra Sustainable Frontier Fund,institution,,7,10351698494.304928,10525709530.9375,0,0,0,BBH-Tundra Sustainable Frontier Fund | BBH - Tundra Sustainable Frontier Fund
LAUGFSHOLDINGS,LAUGFS HOLDINGS LTD,company,,1,10142384045,10142384045,1,15225103517.4,0,LAUGFS HOLDINGS LTD
RANJITPAGE,Mr. Ranjit Page,individual,,1,10094959567,22335180645.367973,0,0,0,Mr. Ranjit Page
CAMILLECONSULTINGCORP,CAMILLE CONSULTING CORP.,company,,2,10092924971.199999,11231431462.89591,0,0,0,CAMILLE CONSULTING CORP. | Camille Consulting Corp.
ALLANGRAYFRONTIERMARKETSEQUITYFUNDCARSONCUMBERBATCHCARSONCUMBERBATCH,ALLAN GRAY FRONTIER MARKETS EQUITY FUND CARSON CUMBERBATCH PLC CARSON CUMBERBATCH PLC,institution,,1,10060660800,10060660800,0,0,0,CB NY S/A ALLAN GRAY FRONTIER MARKETS EQUITY FUND CARSON CUMBERBATCH PLC A/C NO.2 CARSON CUMBERBATCH PLC A/C NO.01
RUBICONDENTERPRISES,RUBICOND ENTERPRISES LIMITED,company,,2,9930557551,14890787255.794853,0,0,0,RUBICOND ENTERPRISES LIMITED | Rubicond Enterprises Limited
LISTED:RCH,RENUKA HOTELS PLC,listed,RCH,11,9836953203.659218,0,1,4980500000,0,Renuka Hotels PLC | RENUKA HOTELS PLC | Renuka Hotels Plc
LISTED:ACL,ACL CABLES PLC,listed,ACL,5,9635132016.5,0,2,12900790800,0,ACL Cables PLC | ACL CABLES PLC
LISTED:SINS,SINGER (SRI LANKA) PLC,listed,SINS,1,9549458189,0,0,0,0,Singer (Sri Lanka) PLC
FINCOHOLDINGS,Finco Holdings (Pvt) Ltd,company,,13,9283378650.712362,12642178543.355862,0,0,1,Finco Holdings (Private) Limited | Finco Holdings (Pvt) Ltd | Finco Holdings (Private) Ltd
LATEANTHONYAPAGE,The late Mr. Anthony A. Page,estate,,1,9223178249,20406357345.8237,0,0,0,The late Mr. Anthony A. Page
BANKOFCEYLONNO1,Bank of Ceylon-No. 1,company,,9,9084493162.499697,9275769484.031399,1,4563494841.9,0,BANK OF CEYLON NO. 1 ACCOUNT | Bank Of Ceylon No. 1 Account | Bank of Ceylon-No. 1 Account | Bank of Ceylon No. 1 Account | Bank of Ceylon No 1 Account
GROUPLEASEHOLDINGSPTEINLIQUIDATION,GROUP LEASE HOLDINGS PTE LTD (IN LIQUIDATION),company,,1,8919011750,8919011750,0,0,0,GROUP LEASE HOLDINGS PTE LTD (IN LIQUIDATION)
METROCORP,METROCORP (PVT) LTD,company,,9,8726686703.811962,10149198668.050915,0,0,0,COMMERCIAL BANK OF CEYLON PLC/METROCORP (PVT) LTD | Metrocorp (Pvt) Ltd | Commercial Bank Of Ceylon PLC / Metrocorp (Pvt) Ltd | Commercial Bank of Ceylon PLC/ Metrocorp (Pvt) Ltd | COMMERCIAL BANK OF CEYLON PLC/ METROCORP (PVT)LTD
LYNEARWEALTHDYNAMICOPPORTUNITIESFUND,Lynear Wealth Dynamic Opportunities Fund,institution,,14,8721896318.13137,11444565969.22345,0,0,0,Deutsche Bank AG Trustee to Lynear Wealth Dynamic Opportunities Fund | DEUTSCHE BANK AG TRUSTEE TO LYNEAR WEALTH DYNAMIC OPPORTUNITIES FUND | Deutsche Bank Ag Trustee To Lynear Wealth Dynamic Opportunities Fund | Deutsche Bank Ag Trustee to Lynear Wealth Dynamic Opportunities Fund | DEUTSCHE BANK AG TRUSTEE TO LYNEAR WEALTH DYNAMIC OPPORTUNITIES FUND.
MITSUISUMITOMOINSURANCECO,Mitsui Sumitomo Insurance Company Limited,company,,1,8698500000,8698500000,0,0,0,Mitsui Sumitomo Insurance Company Limited
SONETTOHOLDINGS,SONETTO HOLDINGS LIMITED,company,,1,8572696129,9582085226.178585,0,0,0,SONETTO HOLDINGS LIMITED
HAYLEYSADVANTIS,Hayleys Advantis Limited,company,,2,8502299208,9413253981.427818,0,0,0,Hayleys Advantis Limited | HAYLEYS ADVANTIS LIMITED
LISTED:LWL,LANKA WALLTILES PLC,listed,LWL,2,8497804509.383411,0,0,0,0,LANKA WALLTILES PLC | Lanka Walltiles PLC
CULTUREFINANCIALHOLDINGS,Culture Financial Holdings Ltd,company,,1,8443147768,12320092166.050608,2,18276112452,0,Culture Financial Holdings Ltd
GOODHOPEHOLDINGS,GOODHOPE HOLDINGS (PVT) LIMITED,company,,2,8401795833.25,19557995133.123158,0,0,0,GOODHOPE HOLDINGS (PVT) LIMITED | Goodhope Holdings (Pvt) Limited
VALLIBELLEISURE,Vallibel Leisure (Private) Ltd,company,,1,8383265973.000001,17840377885.588715,0,0,0,Vallibel Leisure (Private) Ltd
LISTED:GRAN,CEYLON GRAIN ELEVATORS PLC,listed,GRAN,1,8314345155,0,1,14533151250,0,Ceylon Grain Elevators PLC
SUNSUPERSUPERANNUATIONFUND,SUNSUPER SUPERANNUATION FUND,institution,,7,8298327565,10249406745.062145,0,0,0,SSBT-Sunsuper Pty. Ltd. As Trustee For Sunsuper Superannuation Fund | SSBT-SUNSUPER PTY. LTD. AS TRUSTEE FOR SUNSUPER SUPERANNUATION FUND | SSBT-Sunsuper PTY. LTD. as Trustee for Sunsuper Superannuation Fund | SSBT-Sunsuper Pty. Ltd. as Trustee for Sunsuper Superannuation Fund
LISTED:GUAR,CEYLON GUARDIAN INVESTMENT TRUST PLC,listed,GUAR,4,8237103377.5,0,0,0,0,Ceylon Guardian Investment Trust PLC A/C No.02 | Ceylon Guardian Investment Trust PLC A/C No.03 | Ceylon Guardian Investment Trust Plc
ROSEWOOD,Rosewood (Pvt) Limited,company,,6,8219848884.499999,8219865381.828982,0,0,0,Rosewood (Pvt) Limited | Rosewood (Pvt) Ltd | Rosewood (Pvt) Limited-Account No.1 | ROSEWOOD (PVT) LIMITED-ACCOUNT NO.1 | Rosewood (Private) Limited -Account No.1
MERRILLLYNCHPIERCEFENNERANDSMITHTPGGROWTHIIISFPTE,Merrill Lynch Pierce Fenner & Smith-Tpg Growth Iii Sf Pte Ltd,company,,1,8173632367.2,9619411420.830471,0,0,0,Merrill Lynch Pierce Fenner & Smith-Tpg Growth Iii Sf Pte Ltd
ORTHOPAEDICCLINICPTE,ORTHOPAEDIC CLINIC (PTE.) LTD 3,company,,1,8151619300,8151619300,0,0,0,ORTHOPAEDIC CLINIC (PTE.) LTD 3
SKANINVESTMENTS,SKAN INVESTMENTS (PVT) LIMITED,company,,2,8101349465.75,19048408127.693623,0,0,0,SKAN INVESTMENTS (PVT) LIMITED | Skan Investments (Pvt) Limited
JCJOSHUA,Mr J.C. Joshua,individual,,1,7945799999.999999,8673316676.4975,0,0,0,Mr J.C. Joshua
NATIONALSAVINGSBANK,NATIONAL SAVINGS BANK,company,,5,7703045345.155138,8297199761.00764,0,0,0,National Savings Bank | NATIONAL SAVINGS BANK
WAYAMBAPLANTATION,Wayamba Plantation (Private) Limited,company,,1,7702080372,7702080372,1,12166596947.7,0,Wayamba Plantation (Private) Limited
AITKENSPENCEPLANTATIONMANAGEMENTS,Aitken Spence Plantation Managements Ltd,company,,1,7647179308.60418,7647179308.60418,1,12405509367,0,Aitken Spence Plantation Managements Ltd
ARRCCAPITAL,ARRC Capital (Pvt) Ltd,company,,12,7631487459.8,18764236646.560783,0,0,0,SEYLAN BANK PLC/ARRC CAPITAL (PVT) LTD | Seylan Bank PLC/ARRC Capital (Pvt) Ltd | Seylan Bank PLC/ ARRC Capital (Private) Limited | Seylan Bank PLC / ARRC Capital (Pvt) Ltd | Seylan Bank Plc/Arrc Capital (Pvt) Ltd
PEELI,PEELI LIMITED 4,company,,1,7591799650,7591799650,0,0,0,PEELI LIMITED 4
LISTED:PALM,PALM GARDEN HOTELS PLC,listed,PALM,1,7583110007.2,0,0,0,0,Palm Garden Hotels Plc
LUXFIDELITYFUNDSPACIFICFUND,Lux fidelity Funds-Pacific Fund,institution,,2,7575217193.75,7739568536.209163,0,0,0,BBH Lux fidelity Funds-Pacific Fund | BBH Luxfidelity Funds-Pacific Fund
MUTHOOTFINANCE,MUTHOOT FINANCE LIMITED,company,,1,7453657899.08367,7453657899.08367,1,10222211871.9,0,MUTHOOT FINANCE LIMITED
CORPORATESERVICES,Corporate Services (Pvt) Ltd.,company,,1,7325019200,7671074896.220736,0,0,0,Corporate Services (Pvt) Ltd. A/C No.01
LISTED:AEL,ACCESS ENGINEERING PLC,listed,AEL,1,7132516436.25,0,1,8448579205.5,0,Access Engineering PLC
ASHTHIHOLDINGS,Ashthi Holdings (Private) Limited,company,,3,7092633555.8,10213052160.00595,0,0,2,M/S. Ashthi Holdings (Private) Limited | Ashthi Holdings (Private) Limited | ASHTHI HOLDINGS (PRIVATE) LIMITED
FORTISHEALTHCAREINTERNATIONALPTE,Fortis Healthcare International Pte Ltd,company,,1,7085361107.5,7085361107.5,0,0,1,Fortis Healthcare International Pte Ltd
LISTED:LCEY,LANKEM CEYLON PLC,listed,LCEY,7,7030160185.2,0,0,0,0,LANKEM CEYLON PLC | Lankem Ceylon PLC | UNION BANK OF COLOMBO PLC/LANKEM CEYLON PLC | Union Bank of Colombo PLC/Lankem Ceylon PLC | Hatton National Bank PLC/ Lankem Ceylon PLC
EHWIJENAIKE,E.H. Wijenaike,individual,,1,7007948400,7339024728.460816,0,0,0,E.H. Wijenaike
JETWINGTRAVELS,Jetwing Travels (Pvt) Ltd,company,,3,6796976199.800001,9865868823.471878,0,0,0,JETWING TRAVELS (PVT) LTD | M/S. Jetwing Travels (Pvt) Ltd
BRANDIXLANKANUMBER1,Brandix Lanka Ltd-Number 1,company,,1,6792601676,6792601676,0,0,1,Brandix Lanka Ltd-Number 1 Account
ICONICTRUST,Iconic Trust (Private) Limited,company,,2,6667794771.2,6667794771.2,0,0,1,Iconic Trust (Private) Limited
SCHRODERINTERNATIONALSELECTIONFUND,Schroder International Selection Fund,institution,,1,6622314909.6,9925712688.246471,0,0,0,Schroder International Selection Fund
INTERKRISHINVESTMENTCO,INTERKRISH INVESTMENT COMPANY (PVT) LIMITED,company,,2,6613230310.25,15753542717.68334,0,0,0,INTERKRISH INVESTMENT COMPANY (PVT) LIMITED | Interkrish Investment Company (Pvt) Limited
CEYLINCOLIFEINSURANCESHAREHOLDERSFUND,CEYLINCO LIFE INSURANCE LIMITED SHAREHOLDER'S FUND,institution,,1,6600135625.3661,7247714984.354651,0,0,1,CEYLINCO LIFE INSURANCE LIMITED ACCOUNT NO.3 SHAREHOLDER'S FUND
HHABDULHUSEIN,MR. H. H. ABDULHUSEIN,individual,,1,6443000000,7201628773.8721285,0,0,0,MR. H. H. ABDULHUSEIN
MONAEXPORTS,MONA EXPORTS (PVT) LIMITED,company,,3,6384030335.662142,6384030335.662142,0,0,0,MONA EXPORTS (PVT) LIMITED | MONA EXPORTS (PVT) LTD | Mona Exports (PVT) Limited
KULAPPUARACHCHIGEDONDHAMMIKAPERERA,Mr. Kulappu Arachchige Don Dhammika Perera,individual,,4,6361883571.3,6532061359.381179,0,0,0,Mr. Kulappu Arachchige Don Dhammika Perera | MR. KULAPPU ARACHCHIGE DON DHAMMIKA PERERA | Mr. Kulappuarachchige Don Dhammika Perera
DONANDDONHOLDINGS,Don and Don Holdings (Pvt) Ltd,company,,2,6350327519.2,6751645267.280909,0,0,0,People's Leasing & Finance PLC / Don and Don Holdings (Private) Limited | LOLC Finance PLC / Don and Don Holdings (Pvt) Ltd | Don and Don Holdings (Private) Limited
KRISHINVESTMENTCO,KRISH INVESTMENT COMPANY (PVT) LTD.,company,,1,6195923550,14931604135.403217,0,0,0,KRISH INVESTMENT COMPANY (PVT) LTD.
MJFEXPORTS,M J F Exports Ltd,company,,3,6184722248,6411556247.244407,0,0,0,M J F Exports Ltd | MJF Exports (Pvt) Ltd | First Capital Asset Management / M.J.F. Exports (Pvt) Limited
LISTED:RICH,RICHARD PIERIS AND COMPANY PLC,listed,RICH,4,6131239059.65,0,1,3469133758.75,0,Richard Pieris & Co Ltd - Account No.01 | RICHARD PIERIS AND CO LTD - ACCOUNT NO.01 | RICHARD PIERIS AND CO LTD A/C NO.01 | Richard Pieris & Company PLC
DEUTSCHEBANKAGSINGAPOREDCSCLTACC,Deutsche Bank AG Singapore (DCS CLT ACC),company,,2,5991628070.9346,6669523454.325081,0,0,0,Deutsche Bank AG Singapore A/c 02 (DCS CLT ACC) | Deutsche Bank AG Singapore A/C 2 (DCS CLT ACC)
SEZEKA,Sezeka Limited,company,,4,5988962238.325028,6663343938.6405525,0,0,0,Sezeka Limited
CHITTAMPALAMAGARDINERTRUST,Sir Chittampalam A Gardiner Trust,trust,,5,5867052125.5,12340718591.523058,0,0,0,Sir Chittampalam A Gardiner Trust | SIR CHITTAMPALAM A GARDINER TRUST | Sir Chittampalam A.Gardiner Trust
BANKOFCEYLONBOCPTF,Bank of Ceylon- (BOC PTF),company,,3,5817461262,9329273028.344666,0,0,0,Bank of Ceylon-No. 2 A/C (BOC PTF) | Bank of Ceylon-No2 A/C (BOC PTF) | Bank Of Ceylon-No2 A/C (BOC PTF)
JNLANKAHOLDINGSCO,JN LANKA HOLDINGS COMPANY (PVT) LTD,company,,21,5751672205.459989,6563052124.380472,0,0,0,Seylan Bank PLC/JN Lanka Holdings Company (Pvt) Ltd | JN Lanka Holdings Company (Pvt) Ltd | SEYLAN BANK PLC/JN LANKA HOLDINGS COMPANY (PVT) LTD | Hatton National Bank PLC/JN Lanka Holdings Company (Pvt) Ltd | Seylan Bank PLC/ JN Lanka Holdings Company (Private) Limited
CAPITALALLIANCEQUANTITATIVEEQUITYFUND,CAPITAL ALLIANCE QUANTITATIVE EQUITY FUND,institution,,13,5729244111.83415,7110352592.223034,0,0,0,Hatton National Bank PLC - Capital Alliance Quantitative Equity Fund | HATTON NATIONAL BANK PLC - CAPITAL ALLIANCE QUANTITATIVE EQUITY FUND | Hatton National Bank Plc - Capital Alliance Quantitative Equity Fund | Hatton National Bank PLC- Capital Alliance Quantitative Equity Fund
YSHRSSILVA,Y. S. H. R. S. Silva,individual,,6,5686009882.245728,6348559359.19441,0,0,0,MR. Y.S.H.R.S. SILVA | Mr. Y.S.H.R.S. Silva | DFCC Bank PLC/Y. S. H. R. S. Silva | MR. Y.S.H.R.S. Silva
PACIFICTEXTUREDJERSEYHOLDINGS,Pacific Textured Jersey Holdings Limited,company,,1,5681860293,5681860293,0,0,0,Pacific Textured Jersey Holdings Limited
LRPDOSSA,MRS L.R.P. DOSSA,individual,,1,5626959000,5626959000,1,7717500000,0,MRS L.R.P. DOSSA
LISTED:ASCO,LANKA REALTY INVESTMENTS PLC,listed,ASCO,2,5583236617.8,0,2,10956180712.7,0,LANKA REALTY INVESTMENTS PLC | Pan Asia Banking Corporation PLC/ Lanka Realty Investments PLC
KASHYAPACAPITAL,Kashyapa Capital (Pvt) Ltd,company,,1,5556053305,7150288449.873792,0,0,0,Kashyapa Capital (Pvt) Ltd
HAYLEYSPLANTATIONSERVICES,Hayleys Plantation Services (Private) Limited,company,,2,5515274972.154001,5515274972.154001,2,7813125000,0,Hayleys Plantation Services (Private) Limited | HAYLEYS PLANTATION SERVICES (PRIVATE) LIMITED
LISTED:UBC,UNION BANK OF COLOMBO PLC,listed,UBC,1,5473059454,0,0,0,0,Union Bank of Colombo PLC
RMNJOSHUA,Mrs R.M.N. Joshua,individual,,1,5453000000.000001,5952276150.537501,0,0,0,Mrs R.M.N. Joshua
VOLANKA,Volanka (Private) Limited,company,,2,5404445313.5,5688955548.166061,0,0,0,Volanka (Private) Limited | VOLANKA (PVT) LIMITED
SOFTLOGICRETAILHOLDINGS,SOFTLOGIC RETAIL HOLDINGS (PRIVATE) LIMITED,company,,1,5371601533.599999,5371601533.599999,1,5437536333.4,0,SOFTLOGIC RETAIL HOLDINGS (PRIVATE) LIMITED
LANKAFLOORTILES,LANKA FLOORTILES PLC,company,,1,5371466390,5371466390,0,0,1,LANKA FLOORTILES PLC
NAMADANAYAKE,N.A. MADANAYAKE,individual,,2,5295478862.75,5715751438.686532,0,0,0,COMMERCIAL BANK OF CEYLON PLC/ N.A. MADANAYAKE | MR. N.A. MADANAYAKE | Mr N A Madanayake
WJINADASA,W. Jinadasa,individual,,26,5294038594.017113,5544465790.053518,0,0,0,Commercial Bank of Ceylon PLC/W. Jinadasa | COMMERCIAL BANK OF CEYLON PLC/W. JINADASA | Commercial Bank of Ceylon PLC / W. Jinadasa | Commercial Bank of Ceylon PLC/W.Jinadasa | DFCC Bank PLC/W.Jinadasa
PATRICKSCHEGG,Patrick Schegg,individual,,1,5277319060.5,5277319060.5,0,0,0,CB Europe PLC Lux S/A Patrick Schegg
DEEPCAR,Deepcar Limited,company,,1,5237093403.200001,5237093403.200001,0,0,0,Deepcar Limited
WATFERNANDO,Mr. W A T Fernando,individual,,2,5168624013.6,7414114135.43356,0,0,0,Seylan Bank PLC/Mr. W A T Fernando | SEYLAN BANK PLC/W.A.T.FERNANDO
LOLCASSETHOLDINGS,LOLC Asset Holdings Limited,company,,1,5125500000,5125500000,1,8040000000,0,LOLC Asset Holdings Limited
AIDOMINIC,Mr. A.I. Dominic,individual,,2,5085368217.5,6082831589.537961,0,0,0,Mr. A.I. Dominic
NILAVELIBEACHHOTELS,Nilaveli Beach Hotels (Pvt) Ltd,company,,4,5012568366.9,5994986630.301537,0,0,1,Nilaveli Beach Hotels (Pvt) Ltd | Nilaveli Beach Hotels (Pvt) Limited
LISTED:ASIR,ASIRI HOSPITAL HOLDINGS PLC,listed,ASIR,2,5010146295.2,0,0,0,0,Cargills Bank PLC / Asiri Hospital Holdings PLC | Asiri Hospital Holdings PLC | Cargills Bank PLC/Asiri Hospital Holdings PLC
AMBEONESSENTIALS,Ambeon Essentials(Private)Limited,company,,1,4915401180,4915401180,1,9617196000,0,Ambeon Essentials(Private)Limited
DURDANSMANAGEMENTSERVICESSRILANKA,Durdans Management Services Ltd Sri Lanka,company,,1,4875941638,4875941638,1,9091630230,0,Durdans Management Services Ltd Sri Lanka
HKJDHARMADASA,Mr. H K J Dharmadasa,individual,,2,4858729911,4858729911,0,0,1,Mr. H K J Dharmadasa | Mr. H.K.J. Dharmadasa
UNIONASSURANCEUNIVERSALLIFEFUND,Union Assurance Plc-Universal Life Fund,institution,,10,4857848618.534995,5890813662.957619,0,0,0,Union Assurance PLC - Universal Life Fund | Union Assurance Plc-Universal Life Fund | UNION ASSURANCE PLC-UNIVERSAL LIFE FUND | Union Assurance PLC-Universal Life Fund
HALLSVILLEFRONTIEREQUITIES,Hallsville Frontier Equities Limited,company,,2,4851296370.5,5185040274.481218,0,0,0,Hallsville Frontier Equities Limited | Hallsville Frontier Equities Ltd
RIYAZMSANGANI,Mr. Riyaz M. Sangani,individual,,1,4790744487.5,4790744487.5,0,0,1,Mr. Riyaz M. Sangani | Amana Bank PLC / Riyaz M. Sangani | National Development Bank PLC / Riyaz M. Sangani
LISTED:BIL,BROWNS INVESTMENTS PLC,listed,BIL,1,4697063843.599999,0,0,0,0,Browns Investments PLC
GALADARIBROTHERSCO,GALADARI BROTHERS CO.(LLC),company,,1,4680413908.8,4680413908.8,1,7362194590.8,0,GALADARI BROTHERS CO.(LLC)
NAWALOKACONSTRUCTIONCO,Nawaloka Construction Company (Private) Limited,company,,1,4638678240,4638678240,0,0,0,Nawaloka Construction Company (Private) Limited
DAMROMANUFACTURING,DAMRO MANUFACTURING (PRIVATE) LIMITED,company,,1,4615750000,4615750000,1,7796875000,0,DAMRO MANUFACTURING (PRIVATE) LIMITED
AYENKAHOLDINGS,Ayenka Holdings (Private) Limited,company,,3,4615127942.440169,4642538982.079602,0,0,0,Ayenka Holdings (Private) Limited | Commercial Bank of Ceylon PLC/Ayenka Holdings (Pvt) Ltd | Ayenka Holdings Private Limited
ALLANGRAYFRONTIERMARKETSEQUITYFUND,Allan Gray Frontier Markets Equity Fund Limited,institution,,2,4579941147.2,5986659890.698032,0,0,0,CB NY S/A Allan Gray Frontier Markets Equity Fund Limited | Allan Gray Frontier Markets Equity Fund Limited
LISTED:COCO,RENUKA FOODS PLC,listed,COCO,1,4567761403.328027,0,1,8612927186.2,0,Renuka Foods Plc
NORFUND,NORFUND,individual,,1,4555511438,4555511438,0,0,0,STANDARD CHARTERED BANK MAURITIUS S/A NORFUND
BROWNSPOWERHOLDINGS,Browns Power Holdings (Private) Limited,company,,2,4547826508.4,5223795382.707649,3,6044409696.8,0,LOLC Finance PLC/Browns Power Holdings (Private) Limited
CEYBANKUNITTRUST,Ceybank Unit Trust,institution,,23,4528372490.969793,5468094567.534702,0,0,0,BANK OF CEYLON A/C CEYBANK UNIT TRUST | Bank of Ceylon A/C Ceybank Unit Trust | Bank Of Ceylon A/C Ceybank Unit Trust | Bank of Ceylon A/C Ceybank Unit Trust.
METROPOLITANRESOURCEHOLDINGS,Metropolitan Resource Holdings Limited,company,,1,4467706556,4467706556,1,5695000000,0,Metropolitan Resource Holdings Limited | Commercial Bank Of Ceylon PLC / Metropolitan Resource Holdings PLC
MILFORDCEYLON,Milford Ceylon (Pvt) Ltd,company,,1,4464884250,4464884250,0,0,0,Milford Ceylon (Pvt) Ltd
EIGHTHWONDER,EIGHTH WONDER,individual,,2,4401862632,6030649395.210936,0,0,1,EIGHTH WONDER | Eighth Wonder
ASIAMANAGEMENTCAPITALVENTURES,ASIA MANAGEMENT CAPITAL VENTURES (PVT) LTD,company,,1,4318011631.295863,4741677956.204842,0,0,0,ASIA MANAGEMENT CAPITAL VENTURES (PVT) LTD | PEOPLE S LEASING AND FINANCE PLC/ASIA MANAGEMENT CAPITAL VENTURES (PVT)LTD | SANASA DEVELOPMENT BANK PLC/ASIA MANAGEMENT CAPITAL VENTURES (PVT) LTD
LOTUSRENEWABLEENERGY,LOTUS RENEWABLE ENERGY (PVT) LTD,company,,2,4312848876.8,4312848876.8,2,7091120295.200001,0,LOTUS RENEWABLE ENERGY (PVT) LTD | Lotus Renewable Energy (Private) Limited
VALLIBELPOWER,Vallibel Power Limited,company,,1,4311731952,4311731952,0,0,1,Vallibel Power Limited
CARLSBERGAS,CARLSBERG A/S,company,,1,4212474610,10222153827.04624,0,0,0,CARLSBERG A/S
AKPATHIRAGE,Mr. A K Pathirage,individual,,1,4191569850.8000007,19310361833.961563,0,0,1,Mr. A K Pathirage
HRSWIJERATNE,Mr. H.R.S. Wijeratne,individual,,2,4184942304,4184942304,1,7394856161.6,0,Mr. H.R.S. Wijeratne
LISTED:COMB,COMMERCIAL BANK OF CEYLON PLC,listed,COMB,10,4124406258.9,0,1,3522000000,0,COMMERCIAL BANK OF CEYLON PLC A/C NO.03 | COMMERCIAL BANK OF CEYLON PLC A/C NO.04 | Commercial Bank of Ceylon PLC A/C No.04 | Commercial Bank of Ceylon PLC A/C No.03 | Commercial Bank of Ceylon PLC
OSMANKASSIM,MR.OSMAN KASSIM,individual,,2,4101287453,4237787557.6252904,0,0,0,AMANA BANK PLC/MR.OSMAN KASSIM | Amana Bank PLC /Mr. Osman Kassim | Amana Bank Plc/Mr.Osman Kassim
RENUKAENTERPRISES,Renuka Enterprises (Private) Limited,company,,2,4096267106.3476734,6149336380.478565,0,0,1,Renuka Enterprises (Private) Limited | Renuka Enterprises (Private) Ltd | Renuka Enterprises (Pvt) Ltd
LISTED:AHPL,ASIAN HOTELS & PROPERTIES PLC,listed,AHPL,1,4063317710.4,0,0,0,0,Asian Hotels And Properties PLC
SWYRIEBALENDRA,MRS. SWYRIE BALENDRA,individual,,2,4017202649,5886711938.074753,0,0,0,MRS. SWYRIE BALENDRA | Mrs Swyrie Balendra
LISTED:DIST,DISTILLERIES COMPANY OF SRI LANKA PLC,listed,DIST,1,4009910581,0,0,0,0,DISTILLERIES COMPANY OF SRI LANKA PLC
SHAMALJSPERERA,Mr Shamal J.S. Perera,individual,,1,3985314533.5,4350209545.230613,0,0,0,Mr Shamal J.S. Perera
SMCHRYSOSTOM,MRS. S.M. CHRYSOSTOM,individual,,3,3903291758,7371489622.220495,0,0,0,MRS. S.M. CHRYSOSTOM | Mrs. S. M. Chrysostom
HLBANKSINGAPOREBRANCH,HL BANK SINGAPORE BRANCH,company,,2,3899813756,4285281247.045275,0,0,0,STANDARD CHARTERED BANK SINGAPORE S/A HL BANK SINGAPORE BRANCH | Standard Chartered Bank Singapore S/A HL Bank Singapore Branch
DPLPLANTATIONS,DPL PLANTATIONS (PRIVATE) LIMITED,company,,1,3886124820,3886124820,1,5365200000,0,DPL PLANTATIONS (PRIVATE) LIMITED
AJITDAMONGUNEWARDENE,Ajit Damon Gunewardene,individual,,1,3825000000,3825000000,0,0,0,Nations Trust Bank / Ajit Damon Gunewardene
LISTED:MERC,MERCANTILE INVESTMENTS AND FINANCE PLC,listed,MERC,8,3786852719.2999997,0,0,0,1,Mercantile Investments and Finance PLC | MERCANTILE INVESTMENTS AND FINANCE PLC | Mercantile Investments And Finance PLC
LISTED:LDEV,LANKEM DEVELOPMENTS PLC,listed,LDEV,1,3775798301.8,0,1,6550000000,0,LANKEM DEVELOPMENTS PLC
RKEPDESILVA,Mr.R.K.E.P. de Silva,individual,,1,3733360915,3793358571.811322,0,0,1,Mr.R.K.E.P. de Silva
LISTED:EDEN,EDEN HOTEL LANKA PLC,listed,EDEN,1,3715480896.4,0,0,0,0,Eden Hotel Lanka PLC
DHSJAYAWARDENA,MR. D.H.S. JAYAWARDENA,individual,,1,3703332143,9950844446.808376,0,0,0,MR. D.H.S. JAYAWARDENA
SHRIRAMFINANCE,Shriram Finance Limited,company,,1,3666330765,3666330765,0,0,0,Shriram Finance Limited
KDHPERERA,Mr. K.D.H. Perera,individual,,6,3653414290.5,4649694803.184729,0,0,0,Mr. K.D.H. Perera | Mr K.D.H. Perera | K. D. H. Perera | MR. K.D.H. PERERA
CARBOTELS,Carbotels (Pvt) Limited,company,,2,3646953177.2999997,3884480062.358026,0,0,0,Carbotels (Pvt) Limited | CARBOTELS (PVT) LIMITED
JBVANTAGEVALUEEQUITYFUND,Jb Vantage Value Equity Fund,institution,,15,3644945805.5499997,4834866673.153482,0,0,0,DEUTSCHE BANK AG AS TRUSTEE FOR JB VANTAGE VALUE EQUITY FUND | Deutsche Bank AG as Trustee for JB Vantage Value Equity Fund | Deutsche Bank AG As Trustee for JB Vantage Value Equity Fund | Deutsche Bank Ag As Trustee For Jb Vantage Value Equity Fund | Deutsche Bank AG as trustee for JB Vantage Value Equity Fund
INVENCOCAPITAL,Invenco Capital (Private) Limited,company,,16,3618348841.4977193,4106680415.030876,0,0,0,Invenco Capital Private Limited | INVENCO CAPITAL PRIVATE LIMITED | Invenco Capital (Private) Limited Account No.03 | Invenco Capital (Private) Limited - Account No.03 | Invenco capital private limited
LISTED:JINS,JANASHAKTHI INSURANCE PLC,listed,JINS,1,3602784044.3999996,0,0,0,0,Seylan Bank PLC/Janashakthi Insurance PLC
LINKNATURALPRODUCTS,Link Natural Products (Private) Limited,company,,1,3602311188.8,5399245786.673725,0,0,0,Link Natural Products (Private) Limited
NEPHELE,Nephele Private Limited,company,,1,3562865007,3562865007,0,0,0,Nephele Private Limited
DRSMALALASEKERA,Mrs D.R.S. Malalasekera,individual,,1,3505500000,3826463239.63125,0,0,0,Mrs D.R.S. Malalasekera
TUNDRASHIKARIGLOBAL,Tundra Shikari Global,individual,,3,3439757660.194788,3439860157.676304,0,0,0,BBH -Tundra Shikari Global | BBH - Tundra Shikari Global
IBGROWTHFUNDLABUANLLP,IB Growth Fund (Labuan) LLP,institution,,1,3418203400.5,3669757892.2605705,0,0,1,IB Growth Fund (Labuan) LLP
ROCKPORT,Rockport Limited,company,,2,3405980041.99908,3790064816.4684343,0,0,0,Rockport Limited
LISTED:CABO,CARGO BOAT DEVELOPMENT COMPANY PLC,listed,CABO,5,3403309040.262712,3694713472.56586,0,0,0,Cargo Boat Development Company PLC | CARGO BOAT DEVELOPMENT COMPANY PLC
DSKAMARASEKERA,Mr. D.S.K. Amarasekera,individual,,1,3393400000,3629401863.2599616,0,0,0,Mr. D.S.K. Amarasekera
EDPIERIS,E.D.Pieris,individual,,2,3360000000,3374662141.537958,0,0,0,E.D.Pieris | Mr. E.D. Pieris
AUERBACHGRAYSONANDCO,AUERBACH GRAYSON AND COMPANY LLC,company,,4,3302032785.75,4941224767.597286,0,0,0,Auerbach Grayson and Company LLC | AUERBACH GRAYSON AND COMPANY LLC
LISTED:CIT,COLOMBO INVESTMENT TRUST PLC,listed,CIT,13,3285680979.6,0,0,0,1,Colombo Investment Trust PLC | COLOMBO INVESTMENT TRUST PLC | HNB Investment Bank (Pvt) Ltd./Colombo Investment Trust PLC | HNB INVESTMENT BANK (PVT) LTD/COLOMBO INVESTMENT TRUST PLC | Colombo Investment Trust PLC.
ABERDEENHOLDINGS,ABERDEEN HOLDINGS (PRIVATE) LIMITED,company,,3,3285192263.6000004,3399129729.1415997,1,3533333329.8,0,ABERDEEN HOLDINGS (PRIVATE) LIMITED | Aberdeen Holdings (Private) Limited
RENUKAGROUP,Renuka Group Ltd,company,,1,3256200977.7147937,3560961754.21202,1,7075628943.3,0,Renuka Group Ltd
LISTED:CHMX,CHEMANEX PLC,listed,CHMX,1,3254459832.8,0,0,0,0,Chemanex PLC A/c No.1
CSDEFONSEKA,Mrs C S De Fonseka,individual,,1,3239686344,4855733423.966985,0,0,0,Mrs C S De Fonseka
EMREVIVALMASTERFUNDLP,Emrevival Master Fund LP,institution,,1,3234968767.9999995,4848662587.771459,0,0,0,Emrevival Master Fund LP
THURSTONINVESTMENTS,THURSTON INVESTMENTS LIMITED,company,,5,3214823238.5,3869444415.0586615,0,0,0,Thurston Investments Limited | THURSTON INVESTMENTS LIMITED
ATXPARTNERS,ATX PARTNERS PVT LTD,company,,3,3208738270.7,8133002123.758367,0,0,0,DFCC BANK PLC/ATX PARTNERS PVT LTD
SENFINGROWTHFUND,Senfin Growth Fund,institution,,12,3206731387.15,4824065552.613542,0,0,0,Hatton National Bank PLC-Senfin Growth Fund | Hatton National Bank Plc-Senfin Growth Fund | Hatton National Bank PLC - Senfin Growth Fund | HATTON NATIONAL BANK PLC-SENFIN GROWTH FUND
HAYLEYSGROUPSERVICES,Hayleys Group Services (Private) Limited,company,,1,3171700902,5720338961.885763,0,0,0,Hayleys Group Services (Private) Limited No. 02 A/c
SILVERSTOCK,SILVERSTOCK LIMITED,company,,1,3159545434,3159545434,0,0,1,SILVERSTOCK LIMITED
GGONDAATJIE,G G Ondaatjie,individual,,4,3159458067.7999997,3830423717.247114,0,0,0,G G Ondaatjie | Mr. G G Ondaatjie
GEEGEESPROPERTIES,GEE GEES PROPERTIES (PVT) LTD,company,,1,3147947459.9999995,7586262956.999856,0,0,0,GEE GEES PROPERTIES (PVT) LTD
PMPGNPRIYADARSHANI,MRS. P.M.P.G.N. PRIYADARSHANI,individual,,1,3145040393.25,8450715875.2462435,0,0,0,MRS. P.M.P.G.N. PRIYADARSHANI
LISTED:CFI,COLOMBO FORT INVESTMENTS PLC,listed,CFI,13,3140504214.5,0,0,0,0,Colombo Fort Investments PLC | COLOMBO FORT INVESTMENTS PLC | HNB Investment Bank (Pvt) Ltd/Colombo Fort Investments PLC | HNB Investment Bank (Pvt) Ltd./Colombo Fort Investments PLC | HNB INVESTMENT BANK (PVT) LTD/COLOMBO FORT INVESTMENTS PLC
FINANCIALTRUST,FINANCIAL TRUST LIMITED,company,,8,3128834195.1,10697152119.304316,0,0,1,FINANCIAL TRUST LIMITED | Financial Trust Limited | Financial Trust Ltd
SATTARKASSIMSSKASSIM,Mr. Sattar Kassim / Mrs. S.S. Kassim,joint,,3,3100578750,3203904678.92634,0,0,0,Mr. Sattar Kassim / Mrs. S.S. Kassim | MR.SATTAR KASSIM / MS.S. S. KASSIM | Mr. Sattar Kassim / Ms S. S. Kassim
TJONDAATJIE,T J Ondaatjie,individual,,4,3096347612,3767382340.221932,0,0,0,T J Ondaatjie | Mr. T J Ondaatjie
HANIFYUSOOF,Mr. Hanif Yusoof,individual,,14,3092012538.7803655,3564382961.1514525,0,0,0,Lynear Wealth Management/Mr. Hanif Yusoof | Mr. Hanif Yusoof | Lynear Wealth Management / Mr. Hanif Yusoof | LYNEAR WEALTH MANAGEMENT/MR. HANIF YUSOOF | MR. HANIF YUSOOF
AMONDAATJIE,A M Ondaatjie,individual,,4,3065911852.2000003,3730924750.569701,0,0,0,A M Ondaatjie | Ms. A M Ondaatjie
EUROCORPINVESTMENTS,Eurocorp Investments (Pvt) Ltd,company,,1,3038971749,3038971749,0,0,0,Eurocorp Investments (Pvt) Ltd
TSELVARATNAM,Mrs. T. Selvaratnam,individual,,3,2962197391.25,3678777272.881234,0,0,0,Mrs. T. Selvaratnam
ESTOFLATEMJFERNANDO,Est. of Late M. J. Fernando,estate,,1,2951067732.0482464,2990702096.937022,0,0,0,Est. of Late M. J. Fernando
RANAVAVHOLDINGS,Ranavav Holdings (Private) Limited,company,,24,2944595557.114736,3708223017.7850366,0,0,0,Ranavav Holdings (Pvt) Ltd | RANAVAV HOLDINGS (PVT) LTD | Ranavav Holdings (Private) Limited | Ranavav Holdings (pvt) Ltd | Ranavav Holdings (Private) Limited Account No.04
CONSOLIDATEDTEAPLANTATIONS,CONSOLIDATED TEA PLANTATIONS LIMITED,company,,2,2887616060.3,4745496033.585152,1,3088926562.5,1,CONSOLIDATED TEA PLANTATIONS LIMITED
SENAYADDEHIGE,Dr. Sena Yaddehige,individual,,1,2845342905,3166719651.4310594,0,0,0,Dr. Sena Yaddehige
STERLINGCAPITALINVESTMENTS,Sterling Capital Investments (Private) Limited,company,,1,2843619773.2,2843619773.2,1,3485595050,0,Sterling Capital Investments (Private) Limited
LISTED:CARG,CARGILLS (CEYLON) PLC,listed,CARG,2,2829872354.2,0,0,0,0,Cargills (Ceylon) PLC* | Cargills (Ceylon) PLC
JAMBANI,J AMBANI,individual,,1,2810029066.3999996,4211750957.097352,0,0,0,People's Leasing And Finance PLC/J AMBANI
PERERAANDSONSBAKERS,Perera and Sons Bakers Pvt Ltd,company,,9,2779322908.1795235,2940636098.7012787,0,0,0,PERERA AND SONS BAKERS PVT LIMITED | Perera And Sons Bakers Pvt Limited | Perera and Sons Bakers Pvt Ltd | Perera and Sons Bakers (Pvt) Limited | Perera and Sons Bakers Pvt Limited
RENUKACONSULTANTSANDSERVICES,Renuka Consultants & Services Limited,company,,5,2741400190.3724966,2952283635.1598377,0,0,0,Renuka Consultants & Services Limited | Renuka Consultants & Services Limited. | RENUKA CONSULTANTS & SERVICES LIMITED.
RPCMANAGEMENTSERVICES,R.P.C Management Services (Pvt) Ltd,company,,1,2722402968.04167,2722402968.04167,1,3264186084.5,0,R.P.C Management Services (Pvt) Ltd
ABERDEENASIAFOCUS,Aberdeen Asia Focus PLC,company,,1,2697984695.2000003,4043815687.9282193,0,0,0,Aberdeen Asia Focus PLC
SERENDIPINVESTMENTS,SERENDIP INVESTMENTS LIMITED,company,,3,2678355925,4997498928.550232,0,0,0,Serendip Investments Limited | SERENDIP INVESTMENTS LIMITED
CICCROPGUARD,CIC Cropguard (Private) Limited,company,,1,2665934673.6,3995778210.0377407,0,0,0,CIC Cropguard (Private) Limited
LISTED:CITH,HIKKADUWA BEACH RESORT PLC,listed,CITH,2,2632230756.8,0,0,0,0,National Development Bank PLC/Hikkaduwa Beach Resort PLC | Hikkaduwa Beach Resort PLC | HIKKADUWA BEACH RESORT PLC
INFINITYCAPITAL,INFINITY CAPITAL (PVT) LTD,company,,1,2624507209,2624507209,1,5216337069,0,INFINITY CAPITAL (PVT) LTD
SEAFELDINTERNATIONAL,Seafeld International Limited,company,,1,2613242380,4238233473.2749825,0,0,0,Seafeld International Limited
MAGNAUMBRELLAFUND,Magna Umbrella Fund PLC,institution,,1,2605040067.212981,2640027101.7200274,0,0,0,BNYMSANV Re-Magna Umbrella Fund PLC
BANSEISECURITIESCO,BANSEI SECURITIES COMPANY LIMITED,company,,2,2590895348.7,2590895348.7,0,0,1,BANSEI SECURITIES COMPANY LIMITED | Bansei Securities Co. Ltd
MCLARENSHOLDINGS,McLarens Holdings Ltd,company,,1,2587736823,4667127269.907174,0,0,0,McLarens Holdings Ltd
ARCASIAINVESTMENTSANDTRADING,ARCASIA INVESTMENTS & TRADING (PVT) LTD,company,,3,2581689611.1,6424167374.976042,0,0,1,SEYLAN BANK PLC/ARCASIA INVESTMENTS & TRADING (PVT) LTD
CFFUHRER,Mr. C.F Fuhrer,individual,,1,2566189991,2566189991,0,0,0,Mr. C.F Fuhrer
PROPERTYANDINVESTMENTHOLDINGS,Property & Investment Holdings (Pvt) Ltd,company,,3,2562760205.7,7292719141.76193,0,0,0,Property & Investment Holdings (Pvt) Ltd | Property and Investment Holdings (Private) Limited | Property and Investment Holdings (Pvt) Limited
ABANS,ABANS PLC,company,,1,2553413115,2553413115,0,0,1,ABANS PLC
SUPRAHONGKONG,"Supra Limited, Hong Kong",company,,2,2545157478.75,3262934480.263892,0,0,0,"Supra Limited, Hong Kong"
LOLCINVESTMENTS,LOLC Investments Ltd,company,,1,2541817038,2667988157.769744,0,0,0,Sampath Bank PLC/ LOLC Investments Ltd
ACCESSINTERNATIONAL,Access International (Pvt) Limited,company,,1,2508380000,2738047029.24725,0,0,0,Access International (Pvt) Limited
LISTED:SHOT,SERENDIB HOTELS PLC,listed,SHOT,2,2471930637.3,0,0,0,0,Serendib Hotels PLC
COLOMBOFORTHOTELS,COLOMBO FORT HOTELS LIMITED,company,,3,2457598238.7,2503166801.1424646,2,2971469596.5,1,COLOMBO FORT HOTELS LIMITED
CHACRACAPITALHOLDINGS,Chacra Capital Holdings (Private) Limited,company,,1,2432138700,3873102652.6066813,0,0,0,Sampath Bank PLC/ Chacra Capital Holdings (Private) Limited
LISTED:SEYB,SEYLAN BANK PLC,listed,SEYB,1,2430938209.6000004,0,1,3254737343.4,0,Seylan Bank PLC
FIDELITYFUNDS,Fidelity Funds,institution,,1,2383448836,2451994657.945836,0,0,0,BBH - Fidelity Funds
LISTED:HAYC,HAYCARB PLC,listed,HAYC,1,2359872680,0,0,0,0,Haycarb PLC
PROPERTYDEVELOPMENT,Property Development PLC,company,,1,2356854500,2356854500,0,0,0,Property Development PLC A/C No.1
SHSMENDIS,Mr. S.H.S. Mendis,individual,,1,2348685000,2563730370.5529375,0,0,0,Mr. S.H.S. Mendis
DARFERNANDO,Mr. D.A.R. Fernando,individual,,1,2348685000,2563730370.5529375,0,0,0,Mr. D.A.R. Fernando
SDMUNASINGHE,Mr. S.D. Munasinghe,individual,,1,2348685000,2563730370.5529375,0,0,0,Mr. S.D. Munasinghe
LANKACREDITANDBUSINESS,Lanka Credit and Business Limited,company,,1,2346507392.4,2346507392.4,1,4266911412,0,Lanka Credit and Business Limited
HAYLEYSAVENTURA,HAYLEYS AVENTURA (PRIVATE) LIMITED,company,,1,2341244704.5,2599653078.272709,0,0,0,HAYLEYS AVENTURA (PRIVATE) LIMITED
CEYLINCOHOLDINGSEMPLOYEESGRATUITYTRUSTFUND,Ceylinco Holdings PLC (Employees’ Gratuity Trust Fund),institution,,1,2334375852,2334375852,0,0,0,Ceylinco Holdings PLC A/C No. 03 (Employees’ Gratuity Trust Fund)
AAPAGE,Mr. A.A. Page,individual,,7,2328119002.6191444,2956020076.8369703,0,0,0,Mr. A.A. Page | MR. A A PAGE
LISTED:EBCR,E B CREASY & COMPANY PLC,listed,EBCR,3,2317551074.1,0,0,0,0,E.B. Creasy & Company PLC | Amana Bank PLC/E.B. Creasy & Company PLC | E.B. CREASY & COMPANY PLC | AMANA BANK PLC/E.B. CREASY & COMPANY PLC
RENUKALAND,Renuka Land (Pvt) Ltd,company,,1,2300414355.790112,2300414355.790112,0,0,1,Renuka Land (Pvt) Ltd
ASIASECURITIESTRADING,Asia Securities (Private) Limited - Trading,company,,3,2278041734.5,2669901087.728209,0,0,0,Asia Securities (Private) Limited - Trading Account | Asia Securities (Pvt) Ltd (Trading Account) | ASIA SECURITIES (PVT) LTD (TRADING ACCOUNT)
HAYLEYSAGRICULTUREHOLDINGS,Hayleys Agriculture Holdings Limited,company,,2,2276284791.3,2508591304.1793556,0,0,0,Hayleys Agriculture Holdings Limited | HAYLEYS AGRICULTURE HOLDINGS LIMITED
NTMSCOORAY,Ms. N T M S Cooray,individual,,4,2272386879.2000003,3261333940.2319007,0,0,0,N T M S Cooray | Ms. N T M S Cooray | MISS N.T.M.S. COORAY
LISTED:CDB,CITIZENS DEVELOPMENT BUSINESS FINANCE PLC,listed,CDB,11,2252509260.8999996,0,0,0,0,CITIZENS DEVELOPMENT BUSINESS FINANCE ACCOUNT NO.01 | Citizens Development Business Finance Account No.02 | CITIZENS DEVELOPMENT BUSINESS FINANCE ACCOUNT NO.02 | Citizens Development Business Finance Account No.01 | CITIZENS DEVELOPMENT BUSINESS FINANCE ACCOUNT NO. 02
ESNAHOLDINGS,Esna Holdings (Pvt) Ltd,company,,1,2230020000,2230204057.9560733,0,0,0,Hatton National Bank PLC/Esna Holdings (Pvt) Ltd
ODYSSEYCAPITALPARTNERS,Odyssey Capital Partners (Private) Limited,company,,9,2224461129.215796,2275424127.5908947,0,0,0,ODYSSEY CAPITAL PARTNERS (PRIVATE) LIMITED | Odyssey Capital Partners (Private) Limited | Odyssey Capital Partners (Pvt) Limited
SAMENACEYLONHOLDINGS,Samena Ceylon Holdings Ltd,company,,1,2219887070.8,10226913565.450787,0,0,0,Samena Ceylon Holdings Ltd
LISTED:LVEN,LANKA VENTURES PLC,listed,LVEN,1,2208589846.3999996,0,0,0,0,LANKA VENTURES PLC
KUTRALA,Kutrala Private Limited,company,,1,2199369333,2199369333,0,0,0,Kutrala Private Limited
RANJANMATHER,Mr. Ranjan Mather,individual,,1,2197625350.4,2197625350.4,0,0,0,Mr. Ranjan Mather
HNBINVESTMENTBANK,HNB INVESTMENT BANK (PVT) LTD,company,,1,2195908412.5,3953888339.3835974,2,7050346845.2,0,HNB INVESTMENT BANK (PVT) LTD
FIDELITYASIANVALUES,Fidelity Asian Values PLC,company,,2,2192379884.5,2229378267.7513785,0,0,0,JPMCB NA- Fidelity Asian Values PLC | JPMCB NA - Fidelity Asian Values PLC
EGNG,MR. E.G. NG,individual,,1,2189441839.2000003,2189441839.2000003,0,0,1,MR. E.G. NG
HPDVHERATH,MR. H.P.D.V. HERATH,individual,,1,2153391504,2153391504,1,2691737904,0,MR. H.P.D.V. HERATH
LISTED:CFIN,CENTRAL FINANCE COMPANY PLC,listed,CFIN,1,2148180216,0,0,0,1,CENTRAL FINANCE COMPANY PLC A/C NO 03
FRONTAURAGLOBALFRONTIERFUND,Frontaura Global Frontier Fund PLC,institution,,1,2106198000,2106198000,0,0,0,BNYM RE-Frontaura Global Frontier Fund PLC
JOSEPHPAGE,Mr. Joseph Page,individual,,1,2091753644,4628022053.408857,0,0,0,Mr. Joseph Page
PDASBERUWALAGE,Mrs. P.D.A.S. Beruwalage,individual,,3,2027645925.2,2076430120.2179716,0,0,0,Mrs. P.D.A.S. Beruwalage | Ms P D A S Beruwalage | Mrs. P. D. A. S Beruwalage
LISTED:WAPO,GALLE FACE CAPITAL PARTNERS PLC,listed,WAPO,2,2012965916,2223794385.7865915,0,0,0,GALLE FACE CAPITAL PARTNERS PLC
ENGINEERINGSERVICES,Engineering Services (Pvt) Limited,company,,1,1994822680.4999998,5164810193.542798,0,0,0,Engineering Services (Pvt) Limited
GMADANMOHAN,Dr. (Mrs.) G. Madan Mohan,individual,,1,1961818404.0000002,2146288811.3608093,0,0,0,Dr. (Mrs.) G. Madan Mohan
RBALASURIYA,Mr. R. Balasuriya,individual,,1,1961817773.4999998,2146288121.574694,0,0,0,Mr. R. Balasuriya
KDAPERERA,MR. K.D.A. PERERA,individual,,5,1956559924.95,1956611706.1577778,0,0,0,MR. K.D.A. PERERA | Mr K D A Perera | Mr. K.D.A. Perera | K. D. A. Perera | Mr K.D.A. Perera
ACSENANKA,A.C. Senanka,individual,,9,1945459512.3984494,2026565864.8483715,0,0,0,Seylan Bank PLC/A.C.Senanka | SEYLAN BANK PLC/A.C.SENANKA | Citizens Development Business Finance PLC/ A.C. Senanka | Seylan Bank Plc / A.C.Senanka | Seylan Bank PLC/ A.C. Senanka
CEYLONSECURITIESANDINVESTMENTS,CEYLON SECURITIES AND INVESTMENTS (PRIVATE) LIMITED,company,,2,1934356893.75,4172757352.5790477,0,0,0,CEYLON SECURITIES AND INVESTMENTS (PRIVATE) LIMITED | Ceylon Securities and Investments (Private) Limited
AMALIYA,AMALIYA PRIVATE LIMITED,company,,3,1932751266.3687675,1932751266.3687677,0,0,0,Amaliya Private Limited | AMALIYA PRIVATE LIMITED
MHJAMALDEEN,Mr. M.H. Jamaldeen,individual,,5,1924483725.2682216,2918466882.7130117,0,0,0,Mr. M.H. Jamaldeen | LOLC FINANCE PLC/M.H.JAMALDEEN | LOLC Finance PLC/M.H.Jamaldeen | Lolc Finance Plc/M.H.Jamaldeen
SHINGKWANINVESTMENTSINGAPOREPTE,SHING KWAN INVESTMENT (SINGAPORE) PTE LTD 5,company,,1,1916176100,1916176100,0,0,0,SHING KWAN INVESTMENT (SINGAPORE) PTE LTD 5
CAPITALTRUSTHOLDINGS,Capital Trust Holdings Ltd,company,,2,1913880703.35,2390014064.5839386,0,0,0,People's Leasing & Finance PLC / Capital Trust Holdings Limited | People's Leasing & Finance PLC / Capital Trust Holdings Ltd
NEF,NEF,institution,,2,1898080211.75,1940021899.6428022,0,0,0,"CACEIS Bank, Luxembourg Branch-NEF"
YADENCAPITAL,YADEN CAPITAL (PRIVATE) LIMITED,company,,8,1893392103.450182,2024119356.5909715,0,0,0,SAMPATH BANK PLC/YADEN CAPITAL (PRIVATE) LIMITED | Sampath Bank PLC/Yaden Capital (Private) Limited | People's Leasing and Finance PLC / Yaden Capital (Private) Limited | Yaden Capital (Private) Limited | Peoples Leasing and Finance PLC / Yaden Capital (Pvt) Ltd
SARVODAYAECONOMICENTERPRISESDEVELOPMENTSERVICESGTE,Sarvodaya Economic Enterprises Development Services (GTE) Ltd,company,,1,1890000000,1890000000,0,0,1,Sarvodaya Economic Enterprises Development Services (GTE) Ltd
NATIONALHOUSINGDEVELOPMENTAUTHORITY,National Housing Development Authority,institution,,1,1888966000,1888966000,0,0,1,National Housing Development Authority
HADUGGUNASEKARA,Mr. H.A.D.U.G. Gunasekara,individual,,1,1873228100,1873228100,1,3450000000,0,Mr. H.A.D.U.G. Gunasekara | People'S Leasing & Finance PLC. /Mr. H.A.D.U.G. Gunasekara
WATUTHANTHRIGECHAKRINEJAGATHALWIS,Dr. Watuthanthrige Chakrine Jagath Alwis,individual,,1,1862486884.5,1862486884.5,0,0,0,Dr. Watuthanthrige Chakrine Jagath Alwis
LISTED:CFVF,FIRST CAPITAL HOLDINGS PLC,listed,CFVF,2,1845735399,0,0,0,0,First Capital Holdings PLC | FIRST CAPITAL HOLDINGS PLC
SIMONASTRUSTSERVICE,Simonas Trust Service (Pvt) Ltd,company,,3,1840107608.1000001,2049131255.4083285,0,0,0,Simonas Trust Service (Pvt) Ltd | SIMONAS TRUST SERVICE PVT LTD | Simonas Trust Service Pvt Ltd
EMPLOYEESGRATUITYTRUSTFUND,Employees Gratuity Trust Fund,institution,,1,1804257395,1893817411.5065815,0,0,0,Seylan Bank PLC A/C No.04-Employees Gratuity Trust Fund
SKANAPATHYCHETTY,S KANAPATHY CHETTY (PRIVATE) LIMITED,company,,1,1803954246,4347363304.644356,0,0,0,S KANAPATHY CHETTY (PRIVATE) LIMITED
URBANDEVELOPMENTAUTHORITY,Urban Development Authority,institution,,2,1771776385.9999998,1771776385.9999998,0,0,0,Urban Development Authority | URBAN DEVELOPMENT AUTHORITY
LANKACOMMODITYBROKERS,Lanka Commodity Brokers Limited,company,,1,1724820032.0000002,1724820032.0000002,1,3380000000,0,Lanka Commodity Brokers Limited
RAIGAMDISTRIBUTORS,RAIGAM DISTRIBUTORS (PVT) LTD,company,,1,1718762220.0000002,1718762220.0000002,0,0,0,RAIGAM DISTRIBUTORS (PVT) LTD
RAIGAMMARKETINGSERVICES,RAIGAM MARKETING SERVICES (PVT) LTD,company,,1,1718762220.0000002,1718762220.0000002,0,0,1,RAIGAM MARKETING SERVICES (PVT) LTD
TANGERINETOURS,TANGERINE TOURS (PVT) LIMITED,company,,6,1707981390.3000002,1996051894.253494,0,0,0,Tangerine Tours (Pvt) Ltd | TANGERINE TOURS (PVT) LIMITED
CITIZENSDEVELOPMENTBUSINESSFINANCECDBEMPLOYEEGRATUITYFUND,CITIZENS DEVELOPMENT BUSINESS FINANCE PLC (CDB EMPLOYEE GRATUITY FUND),institution,,1,1689498507.6005232,1855265458.8672822,0,0,0,CITIZENS DEVELOPMENT BUSINESS FINANCE PLC A/C 02 (CDB EMPLOYEE GRATUITY FUND)
KBMIPERERA,Mr. K.B.M.I. Perera,individual,,1,1682797631.364403,1682797631.364403,0,0,0,Mr. K.B.M.I. Perera
MASONSMIXTURE,Masons Mixture Limited,company,,1,1651348998,4275519935.3505077,0,0,0,Masons Mixture Limited
GOVERNMENTINSTITUTIONSPENSIONFUND,Government Institutions Pension Fund,institution,,2,1649891957,1801930497.7282133,0,0,0,JPMCB NA - Government Institutions Pension Fund
SAMPATHBANKSAMPATHBANKPENSIONFUND,Sampath Bank PLC (Sampath Bank Pension Fund),institution,,1,1647670194.25,1647670194.25,0,0,0,Sampath Bank PLC Account No 04 (Sampath Bank Pension Fund)
GEORGESTEUARTANDCO,GEORGE STEUART & CO LTD,company,,2,1632755286.6999998,3305037815.7272515,4,7049214456.4,0,GEORGE STEUART & CO LTD A/C NO 01 | George Steuart & Co Ltd A/C No 01
PRABHASHSUBASINGHE,Mr. Prabhash Subasinghe,individual,,1,1632363409.5,1632363409.5,0,0,0,Mr. Prabhash Subasinghe
AANDMPROPERTIES,A & M PROPERTIES (PRIVATE) LIMITED,company,,1,1621750000,1621750000,0,0,0,A & M PROPERTIES (PRIVATE) LIMITED
REDWHEELFRONTIERMARKETSEQUITYMASTERFUND,Redwheel Frontier Markets Equity Master Fund Limited,institution,,2,1618543398.5,3120022411.8295803,0,0,0,BBH-Redwheel Frontier Markets Equity Master Fund Limited | BBH-REDWHEEL FRONTIER MARKETS EQUITY MASTER FUND LIMITED
MOBITEL,Mobitel (Pvt) Ltd,company,,1,1615316731.8,1620547242.3577664,1,1844184366.5,0,Mobitel (Pvt) Ltd
MESURBANDEVELOPMENTAUTHORITYOFSRILANKA,MES URBAN DEVELOPMENT AUTHORITY OF SRI LANKA,institution,,1,1611117585,1611117585,0,0,0,MES URBAN DEVELOPMENT AUTHORITY OF SRI LANKA
RBTHAMBIAYAHNATHAMBIAYAHSRTHAMBIAYAH,Mr.R.B.Thambiayah / Mrs.N.A. Thambiayah/ Ms.S.R.Thambiayah,joint,,1,1603275950.25,4076716827.479783,0,0,1,Mr.R.B.Thambiayah / Mrs.N.A. Thambiayah/ Ms.S.R.Thambiayah
RBTHAMBIAYAHNATHAMBIAYAHALTHAMBIAYAH,Mr.R.B.Thambiayah / Mrs.N.A. Thambiayah/ Ms.A.L.Thambiayah,joint,,1,1603275765,4076716356.4368587,0,0,0,Mr.R.B.Thambiayah / Mrs.N.A. Thambiayah/ Ms.A.L.Thambiayah
LPHAPANGAMA,L.P.HAPANGAMA,individual,,29,1595012325.9,1711954123.8723743,0,0,0,PEOPLE S LEASING AND FINANCE PLC/L.P.HAPANGAMA | People S Leasing And Finance PLC/L.P.Hapangama | People'S Leasing And Finance PLC/L.P.Hapangama | People's Leasing & Finance PLC/L.P. Hapangama | Peoples' Leasing and Finance PLC/L.P.Hapangama
SARATHKUMARAWIJEKOON,Sarath Kumara Wijekoon,individual,,5,1588194231.0133677,1635256767.2248838,0,0,0,Seylan Bank PLC./Sarath Kumara Wijekoon | Seylan Bank PLC/ Sarath Kumara Wijekoon | Mr Sarath Kumara Wijekoon | Seylan Bank PLC /Sarath Kumara Wijekoon
GABHARISCHANDRA,G.A.B.HARISCHANDRA,individual,,3,1571777695.1934185,2663349086.002656,0,0,0,COMMERCIAL BANK OF CEYLON PLC/G.A.B.HARISCHANDRA | Commercial Bank of Ceylon Plc / G.A.B.Harischandra | COMMERCIAL BANK OF CEYLON PLC/ G.A.B. HARISCHANDRA
LISTED:REEF,CITRUS LEISURE  PLC,listed,REEF,1,1557738603,0,0,0,0,Citrus Leisure PLC
SYADDEHIGE,Dr. S. Yaddehige,individual,,4,1549072076,1585347474.4734387,0,0,0,Dr. S. Yaddehige | DR S. YADDEHIGE | DR. S. YADDEHIGE
RGABDULHUSSEIN,Mrs. R.G. Abdulhussein,individual,,1,1531784286,1532029195.855845,0,0,0,Mrs. R.G. Abdulhussein
SRFERNANDO,S.R. Fernando,individual,,5,1531690659.6037116,1624513354.392545,0,0,0,SEYLAN BANK PLC/S.R. FERNANDO | Seylan Bank Plc/S.R. Fernando | Seylan Bank PLC / S.R. Fernando
PEOPLESBANKMANAGERTREASURYOPS6,PEOPLES BANK MANAGER-TREASURY-OPS 6,institution,,1,1526910150,1526910150,0,0,0,PEOPLES BANK MANAGER-TREASURY-OPS 6
CASTLEREALTY,Castle Realty (Private) Limited,company,,1,1523397300,1523397300,0,0,0,Castle Realty (Private) Limited
EQUITYONE,EQUITY ONE LIMITED,company,,1,1512465134.3999999,1512465134.3999999,1,1701900000,0,EQUITY ONE LIMITED A/C NO.1
LODGINGINVESTMENTLABUAN,Lodging Investment (Labuan) Limited,company,,1,1498349104.8,2082821296.8678517,0,0,0,Lodging Investment (Labuan) Limited
PMORGAN,MR. P. MORGAN,individual,,1,1494873840.0000002,2317504915.675601,0,0,0,MR. P. MORGAN
UNIONINVESTMENTS,UNION INVESTMENTS (PRIVATE) LIMITED,company,,12,1487368335.8,2133345245.3682022,0,0,0,UNION INVESTMENTS (PRIVATE) LIMITED | Union Investments (Private) Limited | HNB INVESTMENT BANK (PVT) LTD/UNION INVESTMENTS (PVT) LIMITED | Hnb Investment Bank (Pvt) Ltd/Union Investments (Pvt) Limited | Union Investments Private Ltd
THAVAGNANASUNDR,THAVAGNANA SUNDR,individual,,1,1466787520,1639493901.7831042,0,0,0,THAVAGNANA SUNDR
THREADCAPITAL,THREAD CAPITAL (PRIVATE) LIMITED,company,,7,1461388293.1627731,1468081155.1903987,0,0,0,Thread Capital (Private) Limited | THREAD CAPITAL (PRIVATE) LIMITED | Thread Capital (Pvt) Ltd
TTTALNAKIB,MR T.T.T. AL-NAKIB,individual,,3,1455250848.199532,1467427277.9952354,0,0,0,MR T.T.T. AL-NAKIB | Mr. T.T.T Al Nakib | Mr T.T.T.Al-Nakib
HYUSOOF,Mr. H Yusoof,individual,,6,1450308936,1826474532.0265222,0,0,0,Mr. H. Yusoof | Mr. H Yusoof | H.Yusoof | MR.H. YUSOOF | MR. H. YUSOOF
SAFEHOLDINGS,Safe Holdings (Private) Limited,company,,1,1442978733,1442978733,0,0,0,Safe Holdings (Private) Limited
NATIONALEQUITYFUND,NATIONAL EQUITY FUND,institution,,21,1441637281.6305997,1665388904.6598644,0,0,0,DEUTSCHE BANK AG-NATIONAL EQUITY FUND | Deutsche Bank Ag-National Equity Fund | Deutsche Bank AG-National Equity Fund | Deutsche Bank AG - National Equity Fund | DEUTSCHE BANK AG - NATIONAL EQUITY FUND
QUICKTEA,QUICK TEA PVT LTD,company,,4,1441227250.2159367,1482050244.64144,0,0,0,QUICK TEA PVT LTD | Quick Tea Pvt Ltd | Quick Tea (Pvt) Ltd | Quick Tea (PVT) LTD
CEYLINCOHOLDINGSPENSIONFUND,Ceylinco Holdings PLC (Pension Fund),institution,,1,1420192497,1420192497,0,0,0,Ceylinco Holdings PLC A/C No. 04 (Pension Fund)
AJWIJENAIKE,A.J. Wijenaike,individual,,1,1418295200,1485299684.1496835,0,0,0,A.J. Wijenaike
DARLEYBUTLERANDCO,DARLEY BUTLER & CO LTD,company,,3,1407967412,2735661005.442257,0,0,0,DARLEY BUTLER & CO LTD | Amana Bank PLC/Darley Butler and Company Limited | Darley Butler & Co Ltd. | Darley Butler & Co. Ltd
ARPANDITHAGE,Mr. A.R. Pandithage,individual,,1,1397384085,1397384085,0,0,0,Mr. A.R. Pandithage
MOTORSERVICESTATION,Motor Service Station (Pvt) Ltd.,company,,1,1396463466.5,1418905587.077195,0,0,0,"Motor Service Station (Pvt) Ltd.,"
ASEKIINSURANCEBROKERS,ASEKI INSURANCE BROKERS (PVT) LTD,company,,1,1380765263.0376682,1516240522.1391804,0,0,0,SAMPATH BANK PLC/ASEKI INSURANCE BROKERS (PVT) LTD
RNPONNAMBALAM,Mrs. R.N. Ponnambalam,individual,,1,1379116740,2487313736.246773,0,0,0,Mrs. R.N. Ponnambalam
MERCANTILEFORTUNES,Mercantile Fortunes (Pvt) Ltd,company,,3,1369128105,1738192503.2077827,0,0,0,Mercantile Fortunes (Pvt) Ltd
DILESHJAYANNTHA,Dr. Dilesh Jayanntha,individual,,5,1368686874.38848,1408001704.5425825,0,0,0,Dr. Dilesh Jayanntha | DR. DILESH JAYANNTHA
SNPPALIHENA,S.N.P.Palihena,individual,,2,1357590600,1378339270.3729873,0,0,0,S.N.P.Palihena | Mr. S.N.P. Palihena
DCFERNANDO,Mr. D.C. Fernando,individual,,7,1347592140,1400175644.9865847,0,0,0,Mr. D.C. Fernando | MR. D.C. FERNANDO | First Capital Asset Management/ Mr. D. C. Fernando | Mr. D.C.Fernando | Mr. D C Fernando
JCPANDITHAGE,Mrs. J.C. Pandithage,individual,,1,1321691250,1321691250,0,0,0,Mrs. J.C. Pandithage
LATEMBALASURIYA,Late Dr. M. Balasuriya,estate,,1,1315237501.5,1438909701.324015,0,0,0,Late Dr. M. Balasuriya
PSWRUPASINGHE,Mrs. P.S.W. Rupasinghe,individual,,1,1305293400,1396073053.0031621,0,0,0,Mrs. P.S.W. Rupasinghe
GTVGLOBALHOLDINGS,G.T. V GLOBAL HOLDINGS (PRIVATE) LIMITED,company,,1,1302884992.9309092,1302884992.9309092,1,1990518739.2,0,G.T. V GLOBAL HOLDINGS (PRIVATE) LIMITED
SMYASEEN,MRS. S.M. YASEEN,individual,,1,1295081088,2710342603.8610344,0,0,0,MRS. S.M. YASEEN
KLGUDAYANANDA,K.L.G.UDAYANANDA,individual,,8,1276423391.9314663,1512376108.783431,0,0,0,SEYLAN BANK PLC/K.L.G.UDAYANANDA | Seylan Bank Plc/K.L.G.Udayananda | Senkadagala Finance Plc/K.L.G.Udayananda | Seylan Bank PLC/K.L.G.Udayananda | Mr. K.L.G.Udayananda
SDYASEEN,MR. S.D. YASEEN,individual,,2,1274932200,2605974154.929363,0,0,0,MR. S.D. YASEEN | Mr. S. D. Yaseen
CEYLINEINVESTMENTS,Ceyline Investments (Pvt) Ltd,company,,1,1265789196,1265789196,1,1950635040,0,Hatton National Bank PLC/Ceyline Investments (Pvt) Ltd
KREMDMBJAYASUNDARA,MR. K. R. E. M. D. M. B. JAYASUNDARA,individual,,2,1263284580,1325989159.6943383,0,0,0,COMMERCIAL BANK OF CEYLON PLC/MR. K. R. E. M. D. M. B. JAYASUNDARA | Commercial Bank of Ceylon PLC/ K.R.E.M.D.M.B. Jayasundara
RMSPITTEL,Mrs. R.M. Spittel,individual,,1,1259274310,2271171249.045731,0,0,0,Mrs. R.M. Spittel
ADGUNEWARDENE,MR. A.D. GUNEWARDENE,individual,,3,1255105185,1256845668.7151728,0,0,0,MR. A.D. GUNEWARDENE | A.D. Gunewardene
HIRDARAMANIPOWER,Hirdaramani Power Private Limited,company,,1,1241968593.2631254,1241968593.2631254,0,0,0,Hirdaramani Power Private Limited
EKA,Eka Limited,company,,2,1236509976,1550411564.4233203,0,0,0,Eka Limited
CEYLONBUSINESSDEVELOPMENT,Ceylon Business Development Limited,company,,1,1235677163.2,1235677163.2,0,0,0,Ceylon Business Development Limited
JJHOSKING,Mr. J.J. Hosking,individual,,2,1231093750,1370799681.7161224,0,0,0,Mr. J.J. Hosking
LUXCOELISICAVIFRONTIERMARKETSFUND,LUX - COELI SICAV I-FRONTIER MARKETS FUND,institution,,1,1229608800,1229608800,0,0,0,BBH LUX - COELI SICAV I-FRONTIER MARKETS FUND
RPWEERASOORIYA,Mr. R. P. Weerasooriya,individual,,5,1226965119.6622028,1780749526.9596832,0,0,0,Mr. R.P. Weerasooriya | Mr. R. P. Weerasooriya | MR.R.P. WEERASOORIYA | Mr.R.P. Weerasooriya
MSELVANATHAN,Mr. M. Selvanathan,individual,,1,1220729982.5,2392448416.4062347,0,0,0,Mr. M. Selvanathan
EMFICAPITAL,EMFI Capital Limited,company,,3,1218343774.7822366,3134907401.258664,0,0,0,EMFI CAPITAL LIMITED | EMFI Capital Limited
AMWEERASINGHE,MR. A.M. WEERASINGHE,individual,,15,1216383740.7696872,1231527625.666626,0,0,0,MR. A.M. WEERASINGHE | Mr. A.M. Weerasinghe | Mr. A. M. Weerasinghe | MR. A. M. WEERASINGHE | Mr A.M Weerasinghe
JETWINGHOTELSMANAGEMENTSERVICES,JETWING HOTELS MANAGEMENT SERVICES (PVT) LTD,company,,1,1200828852,1200828852,0,0,1,JETWING HOTELS MANAGEMENT SERVICES (PVT) LTD
CAPITALINVESTMENTS,Capital Investments Ltd,company,,3,1198681342.5,2948280881.3196235,0,0,0,Capital Investments Limited | Capital Investments Ltd
PAWANNANDTEJWANI,Pawan Nand Tejwani,individual,,1,1198599779,1198599779,0,0,0,Pawan Nand Tejwani
TRYDANPARTNERS,Trydan Partners (Pvt) Ltd,company,,1,1191791205,1191791205,0,0,1,Trydan Partners (Pvt) Ltd
GENESIISSOFTWARE,Genesiis Software (Private) Limited,company,,1,1189222482,1189222482,0,0,0,Genesiis Software (Private) Limited
PRPAGE,Mrs. P.R. Page,individual,,1,1188582750,1208101661.1338718,0,0,0,Mrs. P.R. Page
OSENANAYAKEANDDRPEIRISSPPERERA,"MR. O. SENANAYAKE & MR. D.R.PEIRIS,MR. S.P.PERERA",joint,,3,1181633984.8,1328744053.7210276,0,0,0,"MR. O. SENANAYAKE & MR. D.R.PEIRIS,MR. S.P.PERERA | MR. O SENANAYAKE & MR. D R PEIRIS, MR. S P PERERA"
RLMATHERSUJENDRAMATHER,Ms. R. L. Mather / Mr. Sujendra Mather,joint,,1,1181492617.3,1181492617.3,0,0,0,Ms. R. L. Mather / Mr. Sujendra Mather | Ms. R.L. Mather / Mr. Sujendra Mather
INANAYAKKARA,Mrs. I. Nanayakkara,individual,,1,1174305407,1511256629.0068095,0,0,0,Mrs. I. Nanayakkara
SABOORCHATOOR,Saboor Chatoor (Pvt) Ltd,company,,4,1170211614.5788069,1228710976.316801,0,0,0,Saboor Chatoor (Pvt) Ltd | SABOOR CHATOOR (PVT) LTD | Saboor Chatoor (PVT) LTD
HMUDESHI,MR. H.M. UDESHI,individual,,3,1169215495.1953783,1169215495.1953785,0,0,0,MR. H.M. UDESHI | MR. H. M. UDESHI | Mr. H.M. Udeshi
CEYLINCOHOLDINGSTHEPENSIONTRUSTFUNDOFCEYLINCOHOLDINGS,Ceylinco Holdings PLC – (The Pension Trust Fund of Ceylinco Holdings PLC),institution,,1,1168597083,1168597083,0,0,0,Ceylinco Holdings PLC – A/C No. 05 (The Pension Trust Fund of Ceylinco Holdings PLC)
RENUKACITYHOTELS,Renuka City Hotels PLC,company,,2,1145658661,1820957207.757735,0,0,0,Renuka City Hotels PLC
NCMADANAYAKE,Mrs. N.C. Madanayake,individual,,2,1143247110,1309371356.1800942,0,0,0,Mrs. N.C. Madanayake | N. C. Madanayake
JAFFERJEEBROTHERSEXPORTS,Jafferjee Brothers Exports (Private)Limited,company,,9,1142583078.1,1185150999.6412556,0,0,0,JAFFERJEE BROTHERS EXPORTS (PRIVATE)LIMITED | Jafferjee Brothers Exports (Private) Limited | Jafferjee Brothers Exports (Private)Limited | JAFFERJEE BROTHERS EXPORTS (PRIVATE) LIMITED
BRIDGEUCITSFUNDSICAVHOSKINGGLOBALEQUITYFUND,bridge UCITS funds ICAV - Hosking Global Equity Fund,institution,,2,1136214126.75,1240395240.576643,0,0,0,"CACEIS Bank, Ireland branch S/A bridge UCITS funds ICAV - Hosking Global Equity Fund | CACEIS Bank Ireland Branch S/A Bridge UCITS Funds ICAV - Hosking Global Equity Fund"
STARPACKAGING,STAR PACKAGING (PVT) LTD,company,,2,1116454000,1247027399.5499914,0,0,0,STAR PACKAGING (PVT) LTD
PERPETUALTREASURIES,PERPETUAL TREASURIES LIMITED,company,,1,1115602936,1115602936,0,0,0,PERPETUAL TREASURIES LIMITED
LOLCINVESTMENTHOLDINGSONE,LOLC Investment Holdings One (Private) Limited,company,,1,1115510144.3999999,1115510144.3999999,0,0,0,LOLC Investment Holdings One (Private) Limited
CARGOBOATINVESTMENTCO,The Cargo Boat Investment Company Ltd,company,,3,1109973884.000548,1820139344.7968986,0,0,0,The Cargo Boat Investment Company Ltd | The Cargo Boat Investment Company Limited
KULAPPUARACHCHIGEDONHARINDRAPERERA,MR. KULAPPUARACHCHIGE DON HARINDRA PERERA,individual,,4,1109435350.6000001,1109435350.6000001,0,0,0,Mr. Kulappuarachchige Don Harindra Perera | MR. KULAPPUARACHCHIGE DON HARINDRA PERERA
SBIHOLDINGSPTE,SBI VEN HOLDINGS PTE LTD,company,,1,1106938602,1106938602,0,0,0,SBI VEN HOLDINGS PTE LTD
INVESTMENTRESOURCESCO,Investment Resources Company (Private) Limited,company,,1,1102714138.5,1227263865.512484,0,0,0,Investment Resources Company (Private) Limited
JCPAGE,Mr. J.C. Page,individual,,2,1096201334,1113168856.844413,0,0,0,Mr. J.C. Page
SUHADAGASDISTRIBUTORS,SUHADA GAS DISTRIBUTORS (PVT) LTD,company,,7,1090805815.1,1128288594.801753,0,0,0,PEOPLE’S LEASING AND FINANCE PLC/SUHADA GAS DISTRIBUTORS (PVT) LTD | ASSETLINE FINANCE PLC/SUHADA GAS DISTRIBUTORS (PVT) LTD | SUHADA GAS DISTRIBUTORS (PVT) LIMITED | Assetline Finance PLC/Suhada Gas Distributors | Assetline Finance Ltd / Suhada Gas Distributors (Private) Limited
LISTED:SFCL,SENKADAGALA FINANCE PLC,listed,SFCL,5,1090795939.5558188,0,0,0,0,SENKADAGALA FINANCE PLC | Senkadagala Finance PLC | SENKADAGALA FINANCE PLC.
ANDARADENIYAESTATE,Andaradeniya Estate (Pvt) Ltd,company,,15,1089415098.9,1173134650.920309,0,0,0,Seylan Bank PLC/Andaradeniya Estate (Pvt) Ltd | SAMPATH BANK PLC/ANDARADENIYA ESTATE PRIVATE LIMITED | Sampath Bank PLC / Andaradeniya Estate Private Limited | Sampath Bank PLC/Andaradeniya Estate Private Limited | Sampath Bank PLC/Andaradeniya Estate (Pvt) Ltd
PJTAY,P. J. Tay,individual,,1,1084940703,1084940703,0,0,0,P. J. Tay
MCSENRANGE,MCSEN RANGE PRIVATE LIMITED,company,,2,1066645073,2728463933.741844,0,0,0,MCSEN RANGE PRIVATE LIMITED
SDWICKREMASINGHE,Mrs. S.D. Wickremasinghe,individual,,1,1062050434.0000001,1915467020.6345596,0,0,0,Mrs. S.D. Wickremasinghe
KOPERNIKGLOBALALLCAPFUND,Kopernik Global All Cap Fund,institution,,1,1058775605.9999999,1058944888.7008394,0,0,0,BBH-Kopernik Global All Cap Fund
KOPERNIKGLOBALALLCAPEQUITYFUND,Kopernik Global All Cap Equity Fund,institution,,1,1058775605.9999999,1058944888.7008394,0,0,0,BBH-Kopernik Global All Cap Equity Fund
BERNADETTEJALOYSIUS,Ms. Bernadette J. Aloysius,individual,,1,1047884199.9999999,1047884199.9999999,0,0,1,Ms. Bernadette J. Aloysius
EPONG7,MR. E.P. ONG 7,individual,,1,1045744500,1045744500,0,0,0,MR. E.P. ONG 7
FALCONTRADING,Falcon Trading (Pvt) Ltd,company,,2,1043382765.1697192,1043382765.1697192,0,0,0,Falcon Trading (Pvt) Ltd | Falcon Trading (PVT) LTD
JMSPITTEL,Mr. J.M. Spittel,individual,,1,1038201030,1872453294.2037582,0,0,0,Mr. J.M. Spittel
SINARMAJUCO,Sinar Maju Company Limited,company,,1,1035993770,1035993770,0,0,0,Sinar Maju Company Limited
HCAPITAL,H Capital (Private) Limited,company,,1,1034876853,1034876853,0,0,0,H Capital (Private) Limited
CORPORATEHOLDINGS,CORPORATE HOLDINGS (PRIVATE)LIMITED,company,,7,1029599824.5,2068052962.59695,0,0,0,CORPORATE HOLDINGS (PRIVATE)LIMITED A/C NO.01 | Corporate Holdings (Pvt) Ltd A/C No.01 | Corporate Holdings (Pvt) Ltd A/c No.02 | Corporate Holdings (Private) Limited A/c No.01 | Corporate Holdings (Private) Limited Account No.1
SPPERERA,S.P.Perera,individual,,7,1022501778.85,1383434783.8717332,0,0,0,Peoples Leasing & Finance PLC / S.P.Perera | MR. S.P. PERERA | PEOPLE S LEASING AND FINANCE PLC/S.P.PERERA | PEOPLE S LEASING AND FINANCE PLC/ S. P PERERA | Peoples Leasing and Finance PLC / S P Perera
GBDTHILAKARATNE,MR. G.B.D. THILAKARATNE,individual,,5,1018754739.8,1018754739.8,0,0,0,MR. G.B.D. THILAKARATNE | Mr. G.B.D. Thilakaratne | Mr. G. B. D. Thilakaratne
TOSHIYAUEDA,MR. TOSHIYA UEDA,individual,,1,1014374700,1054961901.020908,0,0,0,MR. TOSHIYA UEDA
RHGUNEWARDENEJOINTKYTGUNEWARDENE,R.H. Gunewardene JOINT: K.Y.T Gunewardene,joint,,1,1013543756.9999999,1013543756.9999999,0,0,0,R.H. Gunewardene JOINT: K.Y.T Gunewardene
ACCESSMEDICAL,Access Medical (Pvt) Ltd,company,,1,1012700000,1105422713.67125,0,0,0,Access Medical (Pvt) Ltd
ARUNODHAYAINDUSTRIES,Arunodhaya Industries (Private Limited),company,,7,1011568490,1248326444.8535066,0,0,0,Arunodhaya Industries (Private) Limited | Arunodhaya Industries (Private Limited) | Arunodhaya Industries (Pvt) Ltd | ARUNODHAYA INDUSTRIES (PRIVATE) LIMITED
MAPAGE,Mrs. M.A. Page,individual,,1,1003940797,2221227228.244697,0,0,0,Mrs. M.A. Page
ARUNODHAYA,Arunodhaya (Private) Limited,company,,7,1002915990,1239673944.8535066,0,0,0,Arunodhaya (Private) Limited | Arunodhaya (Pvt) Ltd | ARUNODHAYA (PRIVATE) LIMITED
MAGNAWEALTH,Magna Wealth (Pvt) Ltd,company,,1,995193988.75,995193988.75,0,0,0,Magna Wealth (Pvt) Ltd
CPMUTTUKUMARU,Mrs. C.P Muttukumaru,individual,,2,994810610,1557920978.9076948,0,0,0,Mrs. C.P Muttukumaru
MEAMARASINGHE,M. E. Amarasinghe,individual,,6,994058284.5999999,1122957262.8569872,0,0,0,PEOPLE S LEASING AND FINANCE PLC/M.E.AMARASINGHE | Peoples Leasing & Finance PLC / M. E. Amarasinghe | People S Leasing And Finance Plc/M.E.Amarasinghe | People's Leasing & Finance PLC / M. E. Amarasinghe | Assetline Finance Limited / M. E. Amarasinghe
TRANZDOMINIONLLC,TRANZ DOMINIONL.L.C.,individual,,17,990750827.0725255,1502344090.0654747,0,0,0,"TRANZ DOMINION,L.L.C. | TRANZ DOMINIONL.L.C. | Tranz Dominion,L.L.C. | Tranz Dominion, L.L.C | Tranz Dominion, L.L.C."
ABALASURIYAANDDBALASURIYA,Dr. A. Balasuriya & Mr. D. Balasuriya,joint,,1,980909202.0000001,1073144405.6804047,0,0,0,Dr. A. Balasuriya & Mr. D. Balasuriya
SKBALASURIYA,Mr. S. K. Balasuriya,individual,,1,980909202.0000001,1073144405.6804047,0,0,0,Mr. S. K. Balasuriya
LBALASURIYADECEASEDANDASBALASURIYA,Mr. L. Balasuriya & Ms. A. S. Balasuriya,joint,,1,980908256.25,1073143371.0012318,0,0,0,Mr. L. Balasuriya (Deceased) & Ms. A. S. Balasuriya
ABALASURIYAANDSBALASURIYA,Dr. A. Balasuriya & Mr. S. Balasuriya,joint,,1,980908256.25,1073143371.0012318,0,0,0,Dr. A. Balasuriya & Mr. S. Balasuriya
AKWIKRAMANAYAKE,Mrs. A.K. Wikramanayake,individual,,1,977741270,1763410754.7460878,0,0,0,Mrs. A.K. Wikramanayake
LISTED:CINV,CEYLON INVESTMENT PLC,listed,CINV,3,975093568.6,0,0,0,0,Ceylon Investment PLC A/C No.02 | Ceylon Investment Plc
KULAPPUARACHCHIGEDONANURADAPERERA,Mr. Kulappu Arachchige Don Anurada Perera,individual,,2,972940603.2,972940603.2,0,0,0,Mr. Kulappu Arachchige Don Anurada Perera | Mr. Kulappuarachchige Don Anurada Perera
GRPFERNANDO,MR. G.R.P. FERNANDO,individual,,1,967200000,967200000,0,0,1,MR. G.R.P. FERNANDO
PEMBERTONASIANOPPORTUNITIEDFUND,Pemberton Asian Opportunitied Fund,institution,,1,963900000,963900000,0,0,0,Pemberton Asian Opportunitied Fund
NDBWEALTHGROWTHFUND,NDB WEALTH GROWTH FUND,institution,,8,961254793.6738756,1148232863.0344474,0,0,0,BANK OF CEYLON A/C NDB WEALTH GROWTH FUND | Bank of Ceylon A/C NDB Wealth Growth Fund | Bank Of Ceylon A/C NDB Wealth Growth Fund
DEANFOSTER,DEAN FOSTER (PVT) LTD,company,,2,959388804,959388804,0,0,0,DEAN FOSTER (PVT) LTD A/C NO.1 | Dean Foster (Pvt) Limited
SRIDHAMANRAJENDRAMARUDPRAGASAM,SRI DHAMAN RAJENDRAM ARUDPRAGASAM,individual,,11,955758036.1481172,1239711207.6929536,0,0,0,HATTON NATIONAL BANK PLC/SRI DHAMAN RAJENDRAM ARUDPRAGASAM | Hatton National Bank PLC/Sri Dhaman Rajendram Arudpragasam | Hatton National Bank PLC / Sri Dhaman Rajendram Arudpragasam | Hatton National Bank Plc/Sri Dhaman Rajendram Arudpragasam
ARUNODHAYAINVESTMENTS,Arunodhaya Investments (Private) Limited,company,,6,954808490,1191566444.8535066,0,0,0,Arunodhaya Investments (Private) Limited | Arunodhaya Investments (Pvt) Ltd | ARUNODHAYA INVESTMENTS (PRIVATE) LIMITED
DHANASIRIRECREATION,Dhanasiri Recreation (Pvt) Ltd,company,,2,949095554.8587724,1059635302.2691365,0,0,0,Dhanasiri Recreation (Pvt) Ltd | Dhanasiri Recreation (Pvt) Ltd.
MANDALAVENTURES,MANDALA VENTURES PVT LTD,company,,3,933686691.5,959510079.0408728,0,0,0,MANDALA VENTURES PVT LTD | Mandala Ventures (PVT) LTD | Mandala Ventures Pvt Ltd
DIALOGAXIATADIGITALINNOVATIONFUND,DIALOG AXIATA DIGITAL INNOVATION FUND (PRIVATE) LIMITED,institution,,1,926194011.2453628,926194011.2453628,0,0,1,DIALOG AXIATA DIGITAL INNOVATION FUND (PRIVATE) LIMITED
WSWEERASOORIA,Mr. W S Weerasooria,individual,,1,919506941.5,919506941.5,0,0,0,Mr. W S Weerasooria
NMWEERASOORIA,Mr. N M Weerasooria,individual,,1,919506560,919506560,0,0,0,Mr. N M Weerasooria
ELAYATHAMBYTHAVAGNANASOORIYAMANDELAYATHAMBYTHAVAGNANASUNDRAM,MR. ELAYATHAMBY THAVAGNANASOORIYAM & MR. ELAYATHAMBY THAVAGNANA SUNDRAM,joint,,2,906663884.5,906663884.5,0,0,0,HNB INVESTMENT BANK (PVT) LTD/ MR. ELAYATHAMBY THAVAGNANASOORIYAM & MR. ELAYATHAMBY THAVAGNANA SUNDRAM | HNB Investment Bank (Pvt) Ltd/ Elayathamby Thavagnanasooriyam & Elayathamby Thavagnana Sundram
LISTED:ABL,AMANA BANK PLC,listed,ABL,2,902926222.3036261,0,0,0,0,AMANA BANK PLC | Amana Bank PLC
GOVINDASAMYRAMANAN,MR. GOVINDASAMY RAMANAN,individual,,1,900346505,900346505,0,0,1,MR. GOVINDASAMY RAMANAN
SIDATHFERNANDO,Mr. Sidath Fernando,individual,,1,897546503.5,897546503.5,0,0,0,Mr. Sidath Fernando
ASIAPACIFICINSTITUTEOFINFORMATIONTECHNOLOGYLANKA,Asia Pacific Institute of Information Technology Lanka (Pvt) Ltd,company,,1,896034433.9,896034433.9,0,0,0,Asia Pacific Institute of Information Technology Lanka (Pvt) Ltd
AANDGINVESTMENTS,A & G Investments Pvt Limited,company,,1,895977787.5000001,895977787.5000001,0,0,0,A & G Investments Pvt Limited
SRAMESHAN,Mr. S. Rameshan,individual,,1,893699260,1611836315.9536266,0,0,0,Mr. S. Rameshan
KFERNANDO,MRS. K. FERNANDO,individual,,2,884430517.5,1150603529.2329617,0,0,0,MRS. K. FERNANDO | Mrs. K. Fernando
CHANAKAYATAWARA,Mr. Chanaka Yatawara,individual,,1,864909162,865128954.0754228,0,0,0,Mr. Chanaka Yatawara
OSENANAYAKE,Mr. O. Senanayake,individual,,4,857527443.7,857527443.7,0,0,0,Mr. O. Senanayake | SEYLAN BANK PLC/O.SENANAYAKE | Seylan Bank PLC/ O. Senanayake | O Senanayake
EKTAGLOBALPTE,EKTA GLOBAL PTE LTD,company,,1,852648720,852648720,1,1340179610,0,EKTA GLOBAL PTE LTD
HOSKINGGLOBALFUND,Hosking Global Fund PLC,institution,,1,846651304.0000001,871000225.889001,0,0,0,Northern Trust Company S/A Hosking Global Fund PLC
IUPREMATUNGA,MR. I.U. PREMATUNGA,individual,,1,845215165.5830308,845215165.5830308,0,0,0,MR. I.U. PREMATUNGA
RSVDHARMAPALA,MR. R.S.V. DHARMAPALA,individual,,1,845213410.1343931,845213410.1343931,0,0,0,MR. R.S.V. DHARMAPALA
EASTINDIAHOLDING,EAST INDIA HOLDING (PVT) LTD,company,,5,843776764.3499999,1296880791.9762325,0,0,0,East India Holding (Pvt) Ltd | EAST INDIA HOLDING (PVT) LTD
NKRHDESILVA,Ms. N.K.R.H. De Silva,individual,,3,840143382.5,1442948364.393098,0,0,0,Ms. N.K.R.H. De Silva | Miss N. K. R. H. De Silva | Miss N.K.R.H. De Silva
ASELLIAH,Mrs. A. Selliah,individual,,4,835381660,1005874076.8239198,0,0,0,Mrs. A. Selliah
FABFOODS,FAB Foods (Private) Ltd,company,,1,828921600,952459708.1563277,0,0,0,FAB Foods (Private) Ltd
ISPSECURITIES,ISP Securities Limited,company,,6,826653068.6635332,1519778942.217554,0,0,0,ISP SECURITIES LTD | ISP Securities Ltd | ISP Securities Limited
CEYLINCOLIFEINSURANCE,CEYLINCO LIFE INSURANCE LIMITED,company,,1,820820419.1961608,901356091.6549037,0,0,0,CEYLINCO LIFE INSURANCE LIMITED ACCOUNT NO.1 | CEYLINCO LIFE INSURANCE LIMITED ACCOUNT NO.2
MSRIYAZ,M.S. Riyaz,individual,,1,817573707,817573707,0,0,0,M.S. Riyaz
NUWARAELIYAPROPERTYDEVELOPERS,Nuwara Eliya Property Developers (Private) Limited,company,,6,815772191.95,981660786.1328188,0,0,0,NUWARA ELIYA PROPERTY DEVELOPERS (PVT) LTD | Nuwara Eliya Property Developers (Private) Limited | Nuwara Eliya Property Developers ( Pvt) Ltd | Nuwara Eliya Property Developers (Pvt) Ltd. | Nuwara Eliya Property Developers (Pvt) Ltd
AMLPAGE,Mrs A.M.L. Page,individual,,2,809757205.5,1455430969.0213144,0,0,0,Mrs A.M.L. Page | Mrs. A.M.L. Page
SRILANKAINSURANCECORPORATIONLIFEPARTICIPATINGPORTFOLIO,SRI LANKA INSURANCE CORPORATION LIFE LTD PARTICIPATING PORTFOLIO,institution,,2,808716667.25,1100113085.7006478,0,0,0,SRI LANKA INSURANCE CORPORATION LIFE LTD PARTICIPATING PORTFOLIO A/C 01 | Sri Lanka Insurance Corporation Life Ltd Participating Portfolio A/C 1
JIFFRYZULFERHASSEN,Jiffry Zulfer Hassen,individual,,1,795600000,795600000,0,0,0,Nations Trust Bank PLC / Jiffry Zulfer Hassen
MNMYAKOOTH,Mr. M.N.M. Yakooth,individual,,1,794686498.5,794686498.5,0,0,0,Mr. M.N.M. Yakooth
PDSAMARASINGHE8,MR. P.D. SAMARASINGHE 8,individual,,1,794604650,794604650,0,0,0,MR. P.D. SAMARASINGHE 8
WPCMNANAYAKKARA,MR.W.P.C.M.NANAYAKKARA,individual,,2,794406226.2302839,872075242.2064388,0,0,0,PEOPLE'S LEASING & FINANCE PLC / MR.W.P.C.M.NANAYAKKARA
SCALGAMA,Mr. S.C. Algama,individual,,1,792742222.5,792742222.5,0,0,0,Mr. S.C. Algama
TERRAGLOBALOPPORTUNITYFUNDLP,"TERRA GLOBAL OPPORTUNITY FUND, L.P",institution,,1,791217072,791217072,0,0,0,"BNYM RE-TERRA GLOBAL OPPORTUNITY FUND, L.P"
MJFHOLDINGS,M J F Holdings Ltd,company,,1,787712727.9999999,787712727.9999999,0,0,1,M J F Holdings Ltd
DMEPPERERA,Mrs D.M.E.P. Perera,individual,,1,776450531,788928620.7294809,0,0,0,Mrs D.M.E.P. Perera
MNMMUBARAK,Mr. M.N.M. Mubarak,individual,,1,775560651,775560651,0,0,0,Mr. M.N.M. Mubarak
MERRILLJFERNANDOANDSONS,Merrill J Fernando & Sons (Pvt) Ltd,company,,4,773654600,1351055193.011494,0,0,0,Merrill J Fernando & Sons (Pvt) Ltd | First Capital Asset Management / Merrill J Fernando & Sons (Pvt) Limited | MERRILL J FERNANDO & SONS (PVT) LIMITED | First Capital Asset Management / Merrill J. Fernando & Sons (Pvt) Ltd
HEGODAGAMAGESENARATHRAJITHAKARIYAWASANAND,MR. HEGODAGAMAGE SENARATH RAJITHA KARIYAWASAN & MRS.,individual,,1,771597488.5,802470678.0353632,0,0,0,MR. HEGODAGAMAGE SENARATH RAJITHA KARIYAWASAN & MRS.
LISTED:COLO,C M HOLDINGS PLC,listed,COLO,4,767078622.3,0,0,0,0,C M Holdings PLC | C M HOLDINGS PLC
SRDWIKRAMANAYAKE,Mrs. S.R.D. Wikramanayake,individual,,1,765710417,1381001319.867486,0,0,0,Mrs. S.R.D. Wikramanayake
CSMSAMARASINGHE,Miss. C.S.M.Samarasinghe,individual,,1,761022561,761022561,0,0,0,Miss. C.S.M.Samarasinghe
LISTED:ATL,AMANA TAKAFUL  PLC,listed,ATL,1,755370000,0,1,990000000,0,Amana Takaful PLC
DAVIDPERCIVALPIERIS,Mr. David Percival Pieris,individual,,1,751111516.9000001,751111516.9000001,0,0,0,Mr. David Percival Pieris
LISTED:UDPL,UDAPUSSELLAWA PLANTATIONS PLC,listed,UDPL,1,749699591.6,0,0,0,0,Udapussellawa Plantations PLC
PEMUTTUKUMARU,Mr. P.E. Muttukumaru,individual,,2,749103437.5,1177427911.9552224,0,0,0,Mr. P.E. Muttukumaru
MNMKAMIL,Mr. M.N.M. Kamil,individual,,1,748952142,748952142,0,0,0,Mr. M.N.M. Kamil
AKMOONESINGHE,Mrs. A K Moonesinghe,individual,,1,746595500,746595500,0,0,0,Mrs. A K Moonesinghe
PRIYANIDHARSHINIRATNAGOPAL,MRS.PRIYANI DHARSHINI RATNAGOPAL,individual,,4,744420741.5,802874267.6107799,0,0,0,SAMPATH BANK PLC/MRS.PRIYANI DHARSHINI RATNAGOPAL | MISS A. RADHAKRISHNAN SAMPATH BANK PLC/MRS.PRIYANI DHARSHINI RATNAGOPAL | Sampath Bank PLC/Mrs.Priyani Dharshini Ratnagopal
NV,NV,institution,,1,743670349.2,743670349.2,0,0,0,Belgian Investment Company For Developing Countries SA/NV
PLACIDRANGEHOLDINGS,Placidrange Holdings Limited,company,,1,741261375,1005062257.094998,0,0,0,Placidrange Holdings Limited
TKSALIE,T.K. Salie,individual,,1,734813100,734813100,0,0,0,T.K. Salie
AGPANDITHAGE,Mr. A.G. Pandithage,individual,,1,734140755,734140755,0,0,0,Mr. A.G. Pandithage
DURGAINFRA,Durga Infra (Private) Limited,company,,1,733666683.2,733666683.2,0,0,0,DFCC Bank PLC/ Durga Infra (Private) Limited
TTADESILVAWEERASOORIA,Mrs. T. T. A. De Silva Weerasooria,individual,,4,726931938.3289955,807411819.9498162,0,0,0,Mrs. T.T.A. De Silva Weerasooria | Mrs. T. T. A. De Silva Weerasooria | MRS.T.T.A. DE SILVA WEERASOORIA | Mrs. T.T.A. DE Silva Weerasooria
REGENCYTEAS,Regency Teas (Pvt) Ltd,company,,1,720834890.4000001,720834890.4000001,0,0,0,Regency Teas (Pvt) Ltd
FORBESPLANTATIONS,Forbes Plantations (Private) Ltd,company,,1,718473684.872381,718473684.872381,1,1401634343.1,0,Forbes Plantations (Private) Ltd
DSISAMSONGROUP,D.S.I SAMSON GROUP (PVT) LTD,company,,1,716327892.9999999,716327892.9999999,0,0,1,D.S.I SAMSON GROUP (PVT) LTD
MPRADHAKRISHNAN,MISS M.P. RADHAKRISHNAN,individual,,8,713285595.102594,985341436.4463451,0,0,0,Miss. M.P. Radhakrishnan | Miss. M. P. Radhakrishnan | MISS M.P. RADHAKRISHNAN | Miss. M.P.Radhakrishnan | Miss M.P. Radhakrishnan
MFHASHIM,Mr. M. F. Hashim,individual,,5,711637917.1,763797179.4266083,0,0,0,Mr. M. F. Hashim | Mr. M.F. Hashim | MR. M.F. HASHIM
VISTAKNOWLEDGEPTE,Vista Knowledge Pte Ltd,company,,1,711457703,1038146520.0013849,0,0,0,Vista Knowledge Pte Ltd
MEENAMBIGAIPRIYADARSHINIRADHAKRISHNAN,Miss. Meenambigai Priyadarshini Radhakrishnan,individual,,5,709609328,1145532786.8375504,0,0,0,Miss Meenambigai Priyadarshini Radhakrishnan | Miss. Meenambigai Priyadarshini Radhakrishnan | MISS. MEENAMBIGAI PRIYADARSHINI RADHAKRISHNAN | MEENAMBIGAI PRIYADARSHINI RADHAKRISHNAN
GSNPEIRIS,G.S.N.PEIRIS,individual,,4,707137804,916124392.3656187,0,0,0,COMMERCIAL BANK OF CEYLON PLC/G.S.N.PEIRIS | COMMERCIAL BANK OF CEYLON PLC/G S N PEIRIS | Commercial Bank Of Ceylon Plc/G.S.N.Peiris
GVDESILVA,Mrs. G.V. De Silva,individual,,1,696373027,1255947481.0006618,0,0,0,Mrs. G.V. De Silva
SHDESILVA,Miss S.H. De Silva,individual,,1,696373027,1255947481.0006618,0,0,0,Miss S.H. De Silva
VISVANATHAMOORTHYGOVINDASAMY,Mr. Visvanathamoorthy Govindasamy,individual,,1,688199400,688199400,0,0,0,Mr. Visvanathamoorthy Govindasamy
LAKSHMANSHOUSINGANDCONSTRUCTIONCO,Lakshmans Housing and Construction Co. (Pvt) Ltd,company,,1,681914748.75,681914748.75,0,0,0,Lakshmans Housing and Construction Co. (Pvt) Ltd
ANDALRADHAKRISHNAN,Miss. Andal Radhakrishnan,individual,,5,676664069.3,1111268678.769018,0,0,0,Miss Andal Radhakrishnan | Miss. Andal Radhakrishnan | MISS ANDAL RADHAKRISHNAN | ANDAL RADHAKRISHNAN
CAONDAATJIE,C A Ondaatjie,individual,,2,676278891.4,889982809.5460426,0,0,0,C A Ondaatjie
HATTONNATIONALBANKSHIRANHARSHAAMARASEKARA,Hatton National Bank PLC - Shiran Harsha Amarasekara,company,,1,671456412,671456412,0,0,0,Hatton National Bank PLC - Shiran Harsha Amarasekara
KPMANNAKKARA,Mr. K P Mannakkara,individual,,1,671368522.5,992807144.8578043,0,0,0,Nations Trust Bank PLC/Mr. K P Mannakkara | Mr. K.P Mannakkara
KASRNISSANKA,Mr. K.A.S.R. Nissanka,individual,,3,670966196.5335366,717850545.0436147,0,0,0,Mr. K.A.S.R. Nissanka
DGWIJEMANNA,Mr. D.G. Wijemanna,individual,,4,665680000,742123251.1730503,0,0,0,Mr. D.G. Wijemanna | MR.D.G.WIJEMANNA | Mr. D. G. Wijemanna
CEYLONINVESTMENTAC02,CEYLON INVESTMENT PLC A/C # 02,company,,2,655915080,659789045.9014368,0,0,0,CEYLON INVESTMENT PLC A/C # 02 | Ceylon Investment PLC A/C #02
RCDDESILVA,Mr. R. C. D. De Silva,individual,,4,649095908.1585896,701110975.70942,0,0,0,Mr. R.C.D. De Silva | Mr. R. C. D. De Silva | MR. R. C. D. DE SILVA
SRRAJIYAHIRRAJIYAHJTANDSRRAJIYAHJT,"Dr. S.R. Rajiyah, Mrs I.R. Rajiyah (Jt) & Ms. S.R. Rajiyah (Jt)",joint,,1,645419350.4646099,705826709.7646409,0,0,0,"Dr. S.R. Rajiyah, Mrs I.R. Rajiyah (Jt) & Ms. S.R. Rajiyah (Jt)"
SRRAJIYAHIRRAJIYAHJTANDALRAJIYAHJT,"Dr. S.R. Rajiyah, Mrs I R Rajiyah (Jt) & Ms. A. L. Rajiyah (Jt)",joint,,1,645419350.4646099,705826709.7646409,0,0,0,"Dr. S.R. Rajiyah, Mrs I R Rajiyah (Jt) & Ms. A. L. Rajiyah (Jt)"
DADESWICKRAMANAYAKE,Mr. D.A.De.S. Wickramanayake,individual,,1,645019440,645019440,0,0,0,Mr. D.A.De.S. Wickramanayake
ASSOCIATEDELECTRICALCORPORATION,Associated Electrical Corporation Ltd,company,,5,641805088.9,996512954.8509972,0,0,0,Associated Electrical Corporation Ltd | Associated Electrical Corporation Ltd.
RENUKAAGROEXPORTSCJPATELANDCO,Renuka Agro Exports Ltd* - - CJ Patel & Company Ltd,company,,1,637672752.2981585,1005380449.344596,0,0,0,Renuka Agro Exports Ltd* - - CJ Patel & Company Ltd
YUMNAKUNIMOTO,Ms. Yumna Kunimoto,individual,,1,636393264.7,636393264.7,0,0,0,Ms. Yumna Kunimoto
MNCPELLIZZARI,Mrs. M.N.C. Pellizzari,individual,,1,635540426.25,1245564300.1657462,0,0,0,Mrs. M.N.C. Pellizzari
SHAFIKKASSIM,Mr. Shafik Kassim,individual,,2,634858274.4,703638964.3891981,0,0,0,Mr. Shafik Kassim | AMANA BANK PLC/MR. SHAFIK KASSIM | MR.SHAFIK KASSIM
HILINETRADING,Hi-Line Trading Pvt Ltd,company,,8,632808250.1,711691522.5361055,0,0,0,Amana Bank PLC/Hi-Line Trading (Pvt) Ltd | Amana Bank Plc/Hi-Line Trading Pvt Ltd | People'S Leasing & Finance Plc/Hi Line Trading (Pvt) Ltd | Hatton National Bank PLC / Hi Line Trading (Pvt) Ltd | Amana Bank PLC/ Hi-Line Trading (Private) Limited
HATTONNATIONALBANKCAPITALALLIANCEQUANTITATIVEEQUITYFUND,Hatton National Bank PLC – Capital Alliance Quantitative Equity Fund,institution,,1,632753784,1346559521.2478392,0,0,0,Hatton National Bank PLC – Capital Alliance Quantitative Equity Fund
MOHAMEDMUSHTAQFUAD,MOHAMED MUSHTAQ FUAD,individual,,19,629496672.6643038,717028219.1859387,0,0,0,SEYLAN BANK PLC/MOHAMED MUSHTAQ FUAD | Seylan Bank PLC/Mohamed Mushtaq Fuad | Seylan Bank PLC / Mohamed Mushtaq Fuad | Seylan Bank Plc/Mohamed Mushtaq Fuad
LISTED:KGAL,KEGALLE PLANTATIONS PLC,listed,KGAL,1,624429023.4,0,0,0,0,KEGALLE PLANTATIONS LIMITED
ATWICKREMASINGHE,Mrs. A.T. Wickremasinghe,individual,,1,624001383.75,846071656.14447,0,0,0,Mrs. A.T. Wickremasinghe
RSCAPTAIN,Mr. R S Captain,individual,,1,622740662.25,622740662.25,0,0,0,Mr. R S Captain
AJBWARMAN,MR. A.J.B. WARMAN,individual,,1,618178032,958362230.7034743,0,0,0,MR. A.J.B. WARMAN
NATHAMBIAYAHRBTHAMBIAYAHSRTHAMBIAYAH,Mrs.N.A. Thambiayah/ Mr.R.B.Thambiayah / Ms.S.R.Thambiayah,joint,,1,612910369.5,1558472836.000492,0,0,0,Mrs.N.A. Thambiayah/ Mr.R.B.Thambiayah / Ms.S.R.Thambiayah
NATHAMBIAYAHRBTHAMBIAYAHALTHAMBIAYAH,Mrs.N.A. Thambiayah/ Mr.R.B.Thambiayah / Ms.A.L.Thambiayah,joint,,1,612910369.5,1558472836.000492,0,0,0,Mrs.N.A. Thambiayah/ Mr.R.B.Thambiayah / Ms.A.L.Thambiayah
DUKEROLLOEBENEZER,Dr. Duke Rollo Ebenezer,individual,,1,610400000,610400000,0,0,0,Dr. Duke Rollo Ebenezer
EXECUTOROFTHEESTATEOFLATELBSPIERIS,The Executor of the Estate of Late Mrs L.B. S. Pieris,estate,,1,608280601.5,676984883.2523596,0,0,0,The Executor of the Estate of Late Mrs L.B. S. Pieris
NDBWEALTHGROWTHANDINCOMEFUND,NDB Wealth Growth and Income Fund,institution,,4,606300000,1036641001.4762683,0,0,0,Hatton National Bank PLC-NDB Wealth Growth and Income Fund | Hatton National Bank PLC - NDB Wealth Growth and Income Fund | HATTON NATIONAL BANK PLC/NDB WEALTH GROWTH AND INCOME FUND | HATTON NATIONAL BANK PLC - NDB WEALTH GROWTH AND INCOME FUND
AMBASNAYAKE,Mrs. A.M. Basnayake,individual,,1,604579143,1337636300.9386144,0,0,0,Mrs. A.M. Basnayake
MLDESILVA,Mrs. M.L. De Silva,individual,,7,603749938.75,1110212687.4357243,0,0,0,Mrs. M. L. De Silva | Mrs. M.L. De Silva | Mrs. M.L.De Silva | MRS. M.L. DE SILVA
SNEGODAGE,MS.S.N.EGODAGE,individual,,1,595542453,595542453,0,0,0,PEOPLE'S LEASING & FINANCE PLC /MS.S.N.EGODAGE | MISS. S.N. EGODAGE
BROWNSHOLDINGS,Browns Holdings Limited,company,,1,595018885.5,1540567808.4683657,0,0,0,Browns Holdings Limited
SELLIAHA,SELLIAH A.,individual,,1,594000000,682526630.5581353,0,0,0,SELLIAH A.
KRRAVINDRAN,Mr. K. R. Ravindran,individual,,1,590669629,590669629,0,0,0,Mr. K. R. Ravindran
RSWIJEWARDENE,Mr. R.S.Wijewardene,individual,,1,587327567.75,587327567.75,0,0,1,Mr. R.S.Wijewardene
CRDUNUWILLE,C.R. Dunuwille,individual,,1,584676800,612298671.228421,0,0,0,C.R. Dunuwille
SKWIJEKOON,S.K. Wijekoon,individual,,6,583060049.5181029,583200657.4339693,0,0,0,Commercial Bank of Ceylon PLC/ S.K. Wijekoon | Seylan Bank PLC / Mr. S. K. Wijekoon | Assetline Finance Limited/ S. K. Wijekoon | Assetline Finance PLC/S. K. Wijekoon | Assetline Finance Limited/S.K.Wijekoon
LOLCINVESTMENTHOLDINGSSEVEN,LOLC Investment Holdings Seven (Private) Limited,company,,1,582900000,582900000,0,0,0,LOLC Investment Holdings Seven (Private) Limited
EAGLEVIEWMANAGEMENT,Eagle View Management Ltd,company,,1,576590310.362468,909075420.3167044,0,0,0,Eagle View Management Ltd
LFERNANDOANDSAFERNANDO,Ms. L. Fernando & Ms. S. A. Fernando,joint,,1,574335690.5,628340657.816224,0,0,0,Ms. L. Fernando & Ms. S. A. Fernando
LFERNANDOANDARFERNANDO,Ms. L. Fernando & Mr. A. R. Fernando,joint,,1,574335375.25,628340312.9231664,0,0,0,Ms. L. Fernando & Mr. A. R. Fernando
LFERNANDOANDALFERNANDO,Ms. L. Fernando & Ms. A. L. Fernando,joint,,1,574335375.25,628340312.9231664,0,0,0,Ms. L. Fernando & Ms. A. L. Fernando
OSMANKASSIMKHAIRUNNISSAKASSIMABDULLAHOKASSIM,Mr. Osman Kassim / Mrs. Khairunnissa Kassim / Mr. Abdullah O Kassim,joint,,1,573691617.6,615911078.0544474,0,0,0,Mr. Osman Kassim / Mrs. Khairunnissa Kassim / Mr. Abdullah O Kassim
ANDYSEL,Andysel Private Limited,company,,5,565213500,662772729.0163972,0,0,0,Andysel Private Limited | Andysel (Pvt) Ltd | ANDYSEL PRIVATE LIMITED
NMGUNAWARDANA,N.M. Gunawardana,individual,,1,563764000,590397888.3486048,0,0,0,N.M. Gunawardana
JANASHAKTHICAPITAL,Janashakthi Capital Limited,company,,1,563124450,563124450,0,0,0,Seylan Bank PLC/Janashakthi Capital Limited | Commercial Bank of Ceylon PLC/Janashakthi Capital Limited
LISTED:TANG,TANGERINE BEACH HOTELS PLC,listed,TANG,1,561010047,0,0,0,1,Tangerine Beach Hotels PLC
RAJINDAPRIYANJITHWEERASOORIYA,Mr. Rajinda Priyanjith Weerasooriya,individual,,2,556240788.1,556240788.1,0,0,0,Mr. Rajinda Priyanjith Weerasooriya
MOHAMEDSHAFEEMOHIDEEN,Mr. Mohamed Shafee Mohideen,individual,,1,552026301.8,552026301.8,0,0,0,Mr. Mohamed Shafee Mohideen
DEPARTMENTOFSAMURDHIDEVELOPMENT,Department of Samurdhi Development,institution,,1,550161612,550161612,0,0,0,Department of Samurdhi Development
HKKAIMAL,Mr. H K Kaimal,individual,,1,546990585.6,2519959467.1410656,0,0,0,Mr. H K Kaimal
NRMATHER,Ms. N. R. Mather,individual,,1,543573858,543573858,0,0,0,Ms. N. R. Mather | Ms. N. R.Mather
HMSPERERA,Ms. H M S Perera,individual,,3,542936741.6,725534194.3693784,0,0,0,Ms. H M S Perera | Mrs. H.M.S. Perera | MRS. H.M.S. PERERA
DRWIJEWARDENE,Mr. D.R.Wijewardene,individual,,1,537378149,537378149,0,0,0,Mr. D.R.Wijewardene
COCOSHELLACTIVATEDCARBONCO,COCOSHELL ACTIVATED CARBON COMPANY (PRIVATE) LIMITED,company,,6,532264295.0724596,535084733.5940359,0,0,0,COCOSHELL ACTIVATED CARBON COMPANY (PRIVATE) LIMITED | Cocoshell Activated Carbon Company (Private) Limited | Cocoshell Activated Carbon Company (Private) Ltd | Cocoshell Activated Carbon Company (PVT) LTD
PRMUNASINHA,P.R. Munasinha,individual,,1,531956600.00000006,557087812.1573982,0,0,0,P.R. Munasinha
WGDCRANAWEERA,Mr.W.G.D.C. Ranaweera,individual,,2,531432938.50000006,532666341.4560538,0,0,0,Mr.W.G.D.C. Ranaweera | Mr. W.G.D.C. Ranaweera
UNIVERSALENTERPRISES,Universal Enterprises Pvt. Ltd,company,,1,526205155.00000006,526205155.00000006,1,757769796.7,0,Universal Enterprises Pvt. Ltd
JKPSINGH,MRS. J.K.P. SINGH,individual,,3,523784297.5,630933561.2956098,0,0,0,Mrs. J.K.P. Singh | MRS. J.K.P. SINGH
WNJMANICKAM,MR. W.N.J. MANICKAM,individual,,1,523004323.5610202,523004323.5610202,0,0,0,MR. W.N.J. MANICKAM
WETHTHINGEJINADASA,WETHTHINGE JINADASA,individual,,15,522605100.1,577438136.5972662,0,0,0,Hatton National Bank PLC/Weththinge Jinadasa | Hatton National Bank PLC / Weththinge Jinadasa | SEYLAN BANK PLC/WETHTHINGE JINADASA | Seylan Bank PLC / Weththinge Jinadasa | HATTON NATIONAL BANK PLC / WETHTHINGE JINADASA
BANKISLAMMALAYSIABERHAD,Bank Islam Malaysia Berhad,company,,1,521652908.3999999,560042704.6973151,0,0,0,Bank Islam Malaysia Berhad
ABBANK,AB Bank PLC,company,,1,521652908.3999999,560042704.6973151,0,0,0,AB Bank PLC
SVSOMASUNDERAM,Mr.S.V.Somasunderam,individual,,3,520566681.75,611888322.9063543,0,0,0,Mr. S.V. Somasunderam | Mr.S.V.Somasunderam
ESTOFLATKANGASUCHELVADURAIVIGNARAJAH,EST.OF LAT KANGASU CHELVADURAI VIGNARAJAH,estate,,1,517989391.49044037,517989391.49044037,0,0,0,EST.OF LAT KANGASU CHELVADURAI VIGNARAJAH
NPCAPITAL,N P CAPITAL LTD,company,,4,517772224.4,555738421.314008,0,0,0,N P CAPITAL LTD | N P Capital Ltd
EASAMARAWEERA,MR. E.A. SAMARAWEERA,individual,,1,515916000,1243309962.9062865,0,0,0,MR. E.A. SAMARAWEERA
HPOPEDECD,MRS. H. POPE (DECD),individual,,1,515916000,1243309962.9062865,0,0,0,MRS. H. POPE (DECD)
SYNAMONGLOBAL,Synamon Global Pvt LTD,company,,1,514720230.75,662412312.9877169,0,0,0,Synamon Global Pvt LTD
ESTATEOFLATESHABBIRHUSAINABBASGULAMHUSEIN,Estate of Late Mr. Shabbir Husain Abbas Gulamhusein,estate,,1,514188000,514188000,0,0,0,Estate of Late Mr. Shabbir Husain Abbas Gulamhusein
RJPERERA,Mr. R J Perera,individual,,1,512975054.40000004,2363251541.751002,0,0,0,Mr. R J Perera
IDRPERERA,MR. I. D. R. PERERA,individual,,2,512316910,557990530.3476788,0,0,0,PEOPLE'S LEASING & FINANCE PLC/MR. I. D. R. PERERA | People’s Leasing & Finance PLC / Mr. I. D. R. Perera
AARAVINDAPAGE,Dr. A. Aravinda Page,individual,,1,512182868,1133208786.4560199,0,0,0,Dr. A. Aravinda Page
TEAHOUSE,Tea House (PVT) LTD,company,,1,510875985.4876558,510875985.4876558,0,0,0,Tea House (PVT) LTD
HIRDARAMANIINVESTMENTHOLDINGS,HIRDARAMANI INVESTMENT HOLDINGS PRIVATE LIMITED,company,,1,506876454,506876454,0,0,0,HIRDARAMANI INVESTMENT HOLDINGS PRIVATE LIMITED
YTNG,MR. Y.T. NG,individual,,1,506005130.4,506005130.4,0,0,0,MR. Y.T. NG
RHABEYGOONEWARDENAANDVFABEYGOONEWARDENA,R.H.ABEYGOONEWARDENA&V.F.ABEYGOONEWARDENA,joint,,2,505659302.92207813,554618266.5141815,0,0,0,PEOPLE S LEASING AND FINANCE PLC/R.H.ABEYGOONEWARDENA&V.F.ABEYGOONEWARDENA | People's Leasing & Finance PLC/R.H.Abeygoonewardena & V.F.Abeygoonewardena
SVMUNASINGHE,S.V.MUNASINGHE,individual,,1,501997577.6649741,551251606.3714005,0,0,0,PEOPLE S LEASING AND FINANCE PLC/S.V.MUNASINGHE
LISTED:PHAR,COLOMBO CITY HOLDINGS PLC,listed,PHAR,1,501600708,0,0,0,0,Hatton National Bank PLC/ Colombo City Holdings PLC
JDBANDARANAYAKE,MR. J.D. BANDARANAYAKE,individual,,2,497534360,506606885.3311548,0,0,0,MR. J.D. BANDARANAYAKE | Mr. J.D. Bandaranayake
SARATHBANDARARANGAMUWA,Sarath Bandara Rangamuwa,individual,,1,490218750.00000006,490218750.00000006,0,0,0,Seylan Bank PLC/Sarath Bandara Rangamuwa
RKMODDER,MR. R.K. MODDER,individual,,2,487278421.2,487278421.2,0,0,0,MR. R.K. MODDER | R.K. Modder
SPJAYAWARDENA,MR. S.P. JAYAWARDENA,individual,,2,486522988,486522988,0,0,0,MR. S.P. JAYAWARDENA | Dr. S.P. Jayawardena
ASSETLINEINCOMEPLUSGROWTHFUND,ASSETLINE INCOME PLUS GROWTH FUND,institution,,4,485563223.2112696,494850560.11816144,0,0,0,Deutsche Bank Ag As Trustee To Assetline Income Plus Growth Fund | DEUTSCHE BANK AG AS TRUSTEE TO ASSETLINE INCOME PLUS GROWTH FUND | Deutsche Bank Ag as Trustee to Assetline Income Plus Growth Fund
GWDHUGUNAWARDENA,Mr. G W D H U Gunawardena,individual,,1,485070193.6000001,2234695182.6409454,0,0,0,Mr. G W D H U Gunawardena
TARNISHAMEENSCHAFFTER,Mrs. Tarni Shameen Schaffter,individual,,1,485000000,1246791955.0238733,0,0,0,Mrs. Tarni Shameen Schaffter
NBALASINGAM,MR. N. BALASINGAM,individual,,5,482542729.739916,577146417.2024996,0,0,0,Mr. N. Balasingam | MR. N. BALASINGAM
SUJENDRAMATHER,Mr. Sujendra Mather,individual,,1,481007030,481007030,0,0,0,Mr. Sujendra Mather
SBALENDRA,MRS. S. BALENDRA,individual,,4,479237769.25,815567207.2582033,0,0,0,MRS. S. BALENDRA | Mrs. S. Balendra
ALUTHGAMAIT,ALUTHGAMA I.T. (PRIVATE) LIMITED,company,,1,477863255.99999994,1282340288.9728434,0,0,0,ALUTHGAMA I.T. (PRIVATE) LIMITED
SATISHSELVANATHAN,Mr. Satish Selvanathan,individual,,1,475639085,932181556.9391575,0,0,0,Mr. Satish Selvanathan
RUWANPRASSANASUGATHADASA,Ruwan Prassana Sugathadasa,individual,,7,475294669.2,1059799774.9331286,0,0,0,Hatton National Bank PLC/Ruwan Prassana Sugathadasa | HATTON NATIONAL BANK PLC/RUWAN PRASSANA SUGATHADASA | Hatton National Bank PLC/ Ruwan Prassana Sugathadasa | Hatton National Bank Plc/Ruwan Prassana Sugathadasa | Hatton National Bank PLC / Ruwan Prassana Sugathadasa
SAMINNOVATORS,SAM Innovators (Pvt) Ltd,company,,2,472506951,913584190.4197114,0,0,0,SAM Innovators (Pvt) Ltd | SAM INNOVATORS (PVT) LTD
GENTOSHAMEDIACONSULTING,Gentosha Media Consulting Inc.,company,,1,472500140,472500140,0,0,0,Gentosha Media Consulting Inc.
ETHAWAGNASUNDARAM,E. THAWAGNASUNDARAM,individual,,3,472307730.25095505,508509006.6999042,0,0,0,SENKADAGALA FINANCE PLC/ E. THAWAGNASUNDARAM | Assetline Finance Limited/E.Thawagnasundaram | Senkadagala Finance Plc/E.Thawagnasundaram | Assetline Finance Plc/E.Thawagnasundaram
ARUNASALAMSITHAMPALAM,MR. ARUNASALAM SITHAMPALAM,individual,,14,469278158.7114423,736132163.5697567,0,0,0,HATTON NATIONAL BANK PLC/ARUNASALAM SITHAMPALAM | Hatton National Bank PLC/Arunasalam Sithampalam | MR. ARUNASALAM SITHAMPALAM | Mr. Arunasalam Sithampalam | Arunasalam Sithampalam
JASMJAYAWICKRAMA,Mr.J.A.S.M.Jayawickrama,individual,,2,468682569.9,475558891.7959453,0,0,0,Merchant Bank of Sri Lanka & Finance PLC / Mr.J.A.S.M.Jayawickrama | Mr. J.A.S.M. Jayawickrama | Merchant Bank of Sri Lanka & Finance PLC/ J.A.S.M. Jayawickrama
SIVAGURUNATHANRAMESHAN,Mr. Sivagurunathan Rameshan,individual,,2,465355320,478457721.81992316,0,0,0,Mr. Sivagurunathan Rameshan | MR. SIVAGURUNATHAN RAMESHAN
GIAPERERA,MR. G.I.A. PERERA,individual,,2,462583104.5,462583104.5,0,0,0,MR. G.I.A. PERERA | G. I. A. Perera
AACDEALWIS,MR. A.A.C. DE ALWIS,individual,,1,462000000,462000000,0,0,0,MR. A.A.C. DE ALWIS
ABISHEKSITHAMPALAM,MR. ABISHEK SITHAMPALAM,individual,,11,459818628.230482,494243036.7458287,0,0,0,SAMPATH BANK PLC/MR. ABISHEK SITHAMPALAM | Sampath Bank Plc/Mr. Abishek Sithampalam | Sampath Bank PLC / Mr. Abishek Sithampalam | Sampath Bank PLC/Mr. Abishek Sithampalam | Sampath Bank PLC/ Mr.Abishek Sithampalam
LWADESOYSA,L.W.A. De Soysa,individual,,1,458999999.99999994,458999999.99999994,0,0,0,L.W.A. De Soysa
NAGOYACEYLONTRADING,NAGOYA CEYLON TRADING (PVT) LTD,company,,15,458932099.9131771,522421197.913658,0,0,0,PEOPLE S LEASING AND FINANCE PLC/NAGOYA CEYLON TRADING (PVT) LTD | People S Leasing And Finance PLC/Nagoya Ceylon Trading (Pvt) Ltd | People S Leasing And Finance Plc/Nagoya Ceylon Trading (Pvt) Ltd | People's Leasing And Finance Plc / Nagoya Ceylon Trading | People's Leasing And Finance PLC/Nagoya Ceylon Trading (Pvt) Ltd
ISLAMICDEVELOPMENTBANK,Islamic Development Bank,institution,,1,456648520.1999999,490254474.2504009,0,0,0,Islamic Development Bank
RGAUTAM,Mr. R. Gautam,individual,,5,450784502.5344367,463845451.38059604,0,0,0,Mr. R. Gautam
MIHIRIVIRANIFERNANDO,MRS. MIHIRI VIRANI FERNANDO,individual,,1,446452500,495728453.20131147,0,0,0,MRS. MIHIRI VIRANI FERNANDO
DINESHNAGENDRASELLAMUTTU,Dinesh Nagendra Sellamuttu,individual,,7,446403175.9825139,707782999.8884194,0,0,0,Hatton National Bank PLC/Dinesh Nagendra Sellamuttu | Hatton National Bank PLC/ Dinesh Nagendra Sellamuttu | DINESH NAGENDRA SELLAMUTTU | Hatton National Bank Plc/Dinesh Nagendra Sellamuttu
DFWSKPERERAANDDFWPERERAJOINT,Mr.D.F.W.S.K. Perera & Mr.D.F.W. Perera,joint,,1,445937192,453103706.89480245,0,0,0,Mr.D.F.W.S.K. Perera & Mr.D.F.W. Perera (Joint)
SEDAWATTEEXPORTS,Sedawatte Exports LTD,company,,1,444866228.75,444866228.75,0,0,0,Sedawatte Exports LTD
TENNAKOONMUDIYANSELAGEDAMITHPRASANNATENNAKOON,TENNAKOON MUDIYANSELAGE DAMITH PRASANNA TENNAKOON,individual,,1,444807661.2352169,488450440.1849178,0,0,0,SEYLAN BANK PLC/TENNAKOON MUDIYANSELAGE DAMITH PRASANNA TENNAKOON
RWGUNAWARDENE,Mr. R.W. Gunawardene,individual,,1,444022673.59999996,444022673.59999996,0,0,0,Mr. R.W. Gunawardene
ANWILLIAMSON,Mrs. A.N. Williamson,individual,,1,443321925.09999996,443321925.09999996,0,0,0,Mrs. A.N. Williamson
JPMSELUXTROWEPRICEFUNDSSICAV,JPMSE LUX-T Rowe Price Funds Sicav,institution,,1,442474622.99999994,442474622.99999994,0,0,0,JPMSE LUX-T Rowe Price Funds Sicav
ACADIANFRONTIERMARKETSEQUITYFUND,Acadian Frontier Markets Equity Fund,institution,,3,441122497,772605881.190386,0,0,0,BNYM RE ACADIAN FRONTIER MARKETS EQUITY FUND | BNYM Re Acadian Frontier Markets Equity Fund
WTIPPETTS,MR. W. TIPPETTS,individual,,1,438528600.00000006,1056813468.4703434,0,0,0,MR. W. TIPPETTS
PRAESIDIUMINVESTMENTS,Praesidium Investments (Pvt) Ltd,company,,1,437047434,437047434,0,0,0,Praesidium Investments (Pvt) Ltd
SVASUDEVAN,S.VASUDEVAN,individual,,17,434758335,557572192.7819808,0,0,0,Mr. S. Vasudevan | Mrs. S. Vasudevan | MRS. S. VASUDEVAN | Citizens Development Business Finance PLC/S.Vasudevan | Commercial Bank of Ceylon PLC/S.Vasudevan
CDISSANAYAKE,C.DISSANAYAKE,individual,,4,434514175.8044334,434514175.8044334,0,0,0,ASSETLINE FINANCE PLC/C.DISSANAYAKE | MR. C. DISSANAYAKE | Mr.C.Dissanayake | Assetline Finance PLC/C.Dissanayake
ICEBERG2,ICEBERG 2 LIMITED,company,,1,433809009.9,433809009.9,0,0,0,ICEBERG 2 LIMITED
LISTED:NAMU,NAMUNUKULA PLANTATIONS PLC,listed,NAMU,1,433503536,0,0,0,0,NAMUNUKULA PLANTATIONS PLC
ARADHAKRISHNAN,Miss A. Radhakrishnan,individual,,7,426544951.3025929,608403986.4752762,0,0,0,Miss A. Radhakrishnan | Miss. A. Radhakrishnan | Miss. A.Radhakrishnan | Miss.A Radhakrishnan
DGRIMSHAW,Mrs. D. Grimshaw,individual,,2,426463242.5,797645129.4371262,0,0,0,Mrs. D. Grimshaw | D Grimshaw
LISTED:RHL,RENUKA HOLDINGS PLC,listed,RHL,1,420030031.7881731,0,0,0,0,Renuka Holdings Plc
NUDAGE,Mr. N. Udage,individual,,1,418455618.75000006,418490156.59535325,0,0,0,Mr. N. Udage
KKSHUJEEVAN,MR. K.K.SHUJEEVAN,individual,,14,416769203.54999995,681518876.3574611,0,0,0,PEOPLE'S LEASING & FINANCE PLC/MR. K.K.SHUJEEVAN | People's Leasing & Finance PLC/Mr. K.K.Shujeevan | People's Leasing & Finance PLC/Mr.K.K. Shujeevan | People's Leasing & Finance PLC / Mr. K.K.Shujeevan | People's Leasing & Finance PLC/Mr.K.K.Shujeevan
RICHARDPIERISDISTRIBUTORS,RICHARD PIERIS DISTRIBUTORS LIMITED,company,,1,416286023.40000004,416286023.40000004,0,0,0,RICHARD PIERIS DISTRIBUTORS LIMITED
LACAPTAIN,Ms. L A Captain,individual,,1,414532216,414532216,0,0,0,Ms. L A Captain
SGRODEN,MR. S.G. RODEN,individual,,1,413888640,641652112.7577488,0,0,0,MR. S.G. RODEN
LISTED:JKL,JOHN KEELLS PLC,listed,JKL,1,411711360,0,0,0,0,John Keells PLC
FSIMRAN,Mrs. F.S. Imran,individual,,1,410598049.5,410598049.5,0,0,0,Mrs. F.S. Imran
ORIENTHOTELS,Orient Hotels Ltd.,company,,1,408176061.50000006,414735729.26693875,0,0,0,"Orient Hotels Ltd.,"
HGBALASURIYA,H.G. Balasuriya,individual,,7,407123455.8,547268903.339814,0,0,0,Commercial Bank of Ceylon PLC/ H.G. Balasuriya | Commercial Bank of Ceylon PLC / H G Balasuriya | H G Balasuriya | Commercial Bank Of Ceylon Plc/ H.G. Balasuriya | Commercial Bank of Ceylon PLC/ Mr. H G Balasuriya
TUCKERS,Tuckers (Pvt) Ltd,company,,1,406871327.5,406871327.5,0,0,0,Tuckers (Pvt) Ltd
PHOENIXVENTURES,Phoenix Ventures Pvt Ltd,company,,1,406000000,406000000,0,0,0,Phoenix Ventures Pvt Ltd
DCJOSHUA,Mr. D.C. Joshua,individual,,1,403522000,440468435.139775,0,0,0,Mr. D.C. Joshua
DPPEIRIS,D.P.Peiris,individual,,1,399999999.99999994,418897189.8515015,0,0,0,D.P.Peiris
DKSUBASINGHESNSUBASINGHE,Mr. D.K. Subasinghe / Mrs. S.N. Subasinghe,joint,,1,399883848,399883848,0,0,0,Mr. D.K. Subasinghe / Mrs. S.N. Subasinghe
DJJOSHUA,Mr. D.J. Joshua,individual,,1,397290000,433665833.824875,0,0,0,Mr. D.J. Joshua
DMJOSHUA,Miss D.M. Joshua,individual,,1,397290000,433665833.824875,0,0,0,Miss D.M. Joshua
EFERNANDO,DR. E. FERNANDO,individual,,1,392700000,392700000,0,0,0,DR. E. FERNANDO
MAJAFFERJEE,MR. M.A. JAFFERJEE,individual,,3,392394580.59744847,401200472.4390467,0,0,0,MR. M.A. JAFFERJEE | Mr. M.A. Jafferjee
RANAVAVHOLDINGRANAVAVHOLDING,Ranavav Holding (Pvt) Ltd Ranavav Holding (Pvt) Ltd,company,,1,392283585,392283585,0,0,0,Ranavav Holding (Pvt) Ltd Ranavav Holding (Pvt) Ltd Account No.02
JDMARKLAND,MR. J.D. MARKLAND,individual,,1,391143744,606390670.0352443,0,0,0,MR. J.D. MARKLAND
ABDULLATIFGALADARIHOLDING,ABDUL LATIF GALADARI HOLDING LIMITED,company,,1,390949322.40000004,390949322.40000004,0,0,0,ABDUL LATIF GALADARI HOLDING LIMITED
NHARNAM,MISS N. HARNAM,individual,,3,390829200,391085637.43684167,0,0,0,MISS N. HARNAM | Miss. N. Harnam | Ms. N Harnam
ADPUSHPARAJAH,Mr. A D Pushparajah,individual,,1,390531024,577509933.6979039,0,0,0,Mr. A D Pushparajah
GCGOONETILLEKE,Mr. G.C. Goonetilleke,individual,,9,389300090.8,389356906.64455974,0,0,0,Mr. G.C. Goonetilleke | MR. G.C. GOONETILLEKE | MR G.C. GOONETILLEKE | Mr. G.C.Goonetilleke
PSUBASINGHE,P.SUBASINGHE,individual,,2,388525243.79999995,751140099.4727637,0,0,0,COMMERCIAL BANK OF CEYLON PLC/P.SUBASINGHE | Commercial Bank Of Ceylon PLC/P.Subasinghe
MANJULAMATHEWS,Ms. Manjula Mathews,individual,,1,388000000,997433564.0190985,0,0,0,Ms. Manjula Mathews
MOHOMEDNAYAZDEEN,Mr. Mohomed Nayaz Deen,individual,,1,385446933,385508560.3150598,0,0,0,Amana Bank PLC/ Mr. Mohomed Nayaz Deen
MYMRIYAL,Mr. M.Y.M. Riyal,individual,,1,384909007.5,384909007.5,0,0,0,Mr. M.Y.M. Riyal
SRRAJIYAHIRRAJIYAHALRAJIYAHJOINT,Dr. S. R. Rajiyah / Mrs. I. R. Rajiyah / Ms. A. L. Rajiyah,joint,,1,381089886.13319683,600841606.5771121,0,0,0,Dr. S. R. Rajiyah / Mrs. I. R. Rajiyah / Ms. A. L. Rajiyah (Joint)
UBSSWITZERLANDAGKERSHAWPROPERTYHOLDING,UBS Switzerland AG -Kershaw Property Holding Inc.,company,,1,381065460,381065460,0,0,0,UBS Switzerland AG -Kershaw Property Holding Inc.
PERERARDM,Perera R D M,individual,,1,379006560,435491700.9364138,0,0,0,Perera R D M
ALGOONERATNEANDCGOONERATNEJOINT,Mr. A. L. Gooneratne & Mrs. C. Gooneratne,joint,,1,376782503.99999994,381842887.7672264,0,0,0,Mr. A. L. Gooneratne & Mrs. C. Gooneratne (Joint)
MRPANDITHAGE,Miss. M.R. Pandithage,individual,,1,376520235,376520235,0,0,0,Miss. M.R. Pandithage
CRPANDITHAGE,Mr. C.R. Pandithage,individual,,1,375824820,375824820,0,0,0,Mr. C.R. Pandithage
KLYEOH,Mr. K.L.Yeoh,individual,,3,373881175.4289874,373881175.4289874,1,456000000,0,Mr. K.L.Yeoh | MR. K.L. YEOH | Mr. K L Yeoh
ECHATOOR,Mr. E. Chatoor,individual,,2,371217112,374599817.4906535,0,0,0,Mr. E. Chatoor
ZESUFALLY,Miss. Z. Esufally,individual,,1,371025000,371084321.4593565,0,0,0,Miss. Z. Esufally
SKWEDANDE,S.K. Wedande,individual,,1,369526600,386984135.7884497,0,0,0,S.K. Wedande
VRRAMANAN,Mr. V R Ramanan,individual,,4,368485924,368485924,0,0,0,Mr. V.R. Ramanan | Mr. V R Ramanan | Mr. V.R.Ramanan
CYRILDEZOYSATRUST,Sir Cyril De Zoysa Trust,trust,,1,368318880,423211185.4164078,0,0,0,Sir Cyril De Zoysa Trust
DSCHAFFTER,MR. D. SCHAFFTER,individual,,1,368006030,368006030,0,0,0,PEOPLE'S LEASING & FINANCE PLC/MR. D. SCHAFFTER
RENGANATHAN3626SHARES,"Renganathan 3,626 shares)",company,,1,367937851.5,367937851.5,0,0,0,"Renganathan 3,626 shares)"
DMPDISANAYAKE,MR.D.M.P.DISANAYAKE,individual,,10,367382350.8024634,373691214.48470473,0,0,0,PEOPLE'S LEASING & FINANCE PLC/MR.D.M.P.DISANAYAKE | People'S Leasing & Finance Plc/Mr.D.M.P.Disanayake | People's Leasing & Finance PLC/Mr D M P Disanayake | Peoples Leasing & Finance PLC/ Mr.D.M.P.Disanayake | Peoples Leasing & Finance PLC/Mr.D.M.P.Disanayake
BRANTELLANKA,Brantel Lanka Pvt Ltd,company,,1,366366362.5,366366362.5,0,0,0,Brantel Lanka Pvt Ltd
AMBEONHOLDINGSMARGINTRADING,Ambeon Holdings PLC (Margin Trading),company,,1,365238132,592353961.7319486,0,0,0,Seylan Bank PLC /Ambeon Holdings PLC (Margin Trading)
SAMENASPECIALSITUATIONSFUNDIIILP,Samena Special Situations Fund III L.P.,institution,,1,364844847.20000005,1680822761.7496963,0,0,0,Samena Special Situations Fund III L.P.
RPESTONJEE,MR. R. PESTONJEE,individual,,2,364811496,364811496,0,0,0,MR. R. PESTONJEE | Mr. R. Pestonjee
HATTONNATIONALBANKHNBRETIREMENTPENSIONFUND,HATTON NATIONAL BANK PLC (HNB RETIREMENT PENSION FUND),institution,,7,364087684.40000004,365395018.31670135,0,0,0,HATTON NATIONAL BANK PLC A/C NO.4 (HNB RETIREMENT PENSION FUND) | Hatton National Bank PLC A/C No.4 (HNB Retirement Pension Fund)
BOCPROPERTYDEVELOPMENTANDMANAGEMENT,BOC PROPERTY DEVELOPMENT & MANAGEMENT (PVT ) LTD,company,,1,362500133.3999999,372588258.18569815,0,0,0,BOC PROPERTY DEVELOPMENT & MANAGEMENT (PVT ) LTD
AKGUNARATNE,A.K.Gunaratne,individual,,1,362132200,379240402.3368548,0,0,0,A.K.Gunaratne
SATHIENDRARANJANMATHER,Sathiendra Ranjan Mather,individual,,1,360115912,360115912,0,0,0,Sathiendra Ranjan Mather
CAPITALTRUSTPROPERTIES,Capital Trust Properties (Pvt) Ltd,company,,1,359105293.25,462145751.6081221,0,0,0,People's Leasing & Finance PLC / Capital Trust Properties (Pvt) Ltd
TWAWICKRAMASINGHEANDNWICKREMASINGHEJOINT,Mr. T. W. A. Wickramasinghe & Mrs. N. Wickremasinghe,joint,,1,358800000,363618869.4443222,0,0,0,Mr. T. W. A. Wickramasinghe & Mrs. N. Wickremasinghe (Joint)
ACECARGO,ACE CARGO (PVT) LTD,company,,1,358311681,358311681,0,0,0,ACE CARGO (PVT) LTD
GUNAWARDENA121698SHARES,"Gunawardena 121,698 shares)",company,,1,353240286,353240286,0,0,0,"Gunawardena 121,698 shares)"
MESBANGKOKGLASSINDUSTRYCO,MES BANGKOK GLASS INDUSTRY COMPANY LIMITED,company,,1,346028000,346028000,0,0,0,MES BANGKOK GLASS INDUSTRY COMPANY LIMITED
VSHARDA,Mr. V. Sharda,individual,,1,344137500,344137500,0,0,0,Mr. V. Sharda
SANJEEVECGARDINER,Mr. Sanjeev E.C. Gardiner,individual,,1,343824250,343824250,0,0,0,Mr. Sanjeev E.C. Gardiner
SDUBASH,MRS. S. DUBASH,individual,,1,342324444,342324444,0,0,0,MRS. S. DUBASH
KCVIGNARAJAH,K. C.Vignarajah,individual,,3,341766790.42377365,351649772.746845,0,0,0,Mr. Y. H. Abdulhussein Estate of Late Mr. K. C. Vignarajah Commercial Bank of Ceylon Ltd/K. C.Vignarajah | MR K.C. VIGNARAJAH | Mr.K.C.Vignarajah
LYNEARWEALTHDY,LYNEAR WEALTH DY,individual,,1,340837110,391633677.20113224,0,0,0,DEUTSCHE BANK AG TRUSTEE TO LYNEAR WEALTH DY
KALDAY,Kalday Private Limited,company,,2,340358740.25,376927458.3636534,0,0,0,Kalday Private Limited | Kalday (Private) Limited.
MOULDEX,MOULDEX (PVT) LTD,company,,2,336222277.19036883,336222277.19036883,0,0,0,MOULDEX (PVT) LTD | Mouldex (PVT) LTD
KRISHANNIRAJJAYASEKARABALENDRA,MR. KRISHAN NIRAJ JAYASEKARA BALENDRA,individual,,1,334506271,373892594.4861505,0,0,0,MR. KRISHAN NIRAJ JAYASEKARA BALENDRA
EJAZCHATOOR,MR.EJAZ CHATOOR,individual,,1,333730782,373025795.8059982,0,0,0,MR.EJAZ CHATOOR
RARISHARD,R.A.Rishard,individual,,4,333217128.85591054,422717252.99718654,0,0,0,SEYLAN BANK PLC/R.A.RISHARD | Seylan Bank Plc/R.A.Rishard | Seylan Bank PLC/ R.A Rishard
KRISHINVESTMENTSCO,Krish Investments Company (Pvt) Ltd,company,,1,332878652.5,652392434.4006734,0,0,0,Krish Investments Company (Pvt) Ltd
MADSMADURAPPERUMA,M. A. D. S. Madurapperuma,individual,,1,332191480.5,332191480.5,0,0,0,People's Leasing and Finance PLC/M. A. D. S. Madurapperuma
DEUTSCHEBANKAGSINGAPORE,DEUTSCHE BANK AG SINGAPORE,company,,2,331746980.8,331746980.8,0,0,0,DEUTSCHE BANK AG SINGAPORE A/C 2 | Deutsche Bank Ag Singapore A/C 2
SARASVATHIVASUDEVAN,MRS. SARASVATHI VASUDEVAN,individual,,2,331540006.20000005,866521079.8627467,0,0,0,MRS. SARASVATHI VASUDEVAN | SARASVATHI VASUDEVAN
TTADESILVAWEERASOORIYA,Mrs. T.T.A. De Silva Weerasooriya,individual,,2,331070938.75,431388325.0280015,0,0,0,Mrs. T.T.A. De Silva Weerasooriya | MRS. T. T. A. DE SILVA WEERASOORIYA
PWMWMCLIENT,PWM WM CLIENT),individual,,2,329757230.25,789366272.0866988,0,0,0,DEUTSCHE BANK AG SINGAPORE A/C 2 (DCS CLT ACC FOR DEUTSCHE BANK AG SINGAPORE- PWM WM CLIENT) | Deustche Bank AG Singapore A/C 02 / P.W.M. WM Client
RAVIINDUSTRIES,Ravi Industries Limited,company,,1,328860000,328860000,0,0,0,Ravi Industries Limited
RAJEEVAJALOYSIUSJTMANAGINGDIRECTORCEO,Mr. Rajeev A.J. Aloysius (Jt. Managing Director/CEO),joint,,1,328625440,328625440,0,0,0,Mr. Rajeev A.J. Aloysius (Jt. Managing Director/CEO)
JULIEAALOYSIUS,Ms. Julie A. Aloysius,individual,,1,328625440,328625440,0,0,0,Ms. Julie A. Aloysius
JEREMYDALOYSIUSJTMANAGINGDIRECTORCEO,Mr. Jeremy D. Aloysius (Jt. Managing Director/CEO),joint,,1,328625440,328625440,0,0,0,Mr. Jeremy D. Aloysius (Jt. Managing Director/CEO)
JOHNAALOYSIUS,Prof. John A. Aloysius,individual,,1,328625440,328625440,0,0,0,Prof. John A. Aloysius
PMURALITHARAN,Mr. P. Muralitharan,individual,,3,324058478.3,495562197.1888782,0,0,0,DFCC Bank PLC/ Mr. P. Muralitharan | Mr. P. Muralitharan | DFCC BANK PLC/P. MURALITHARAN | MR. P. MURALITHARAN
PERPETUALEQUITIES,PERPETUAL EQUITIES (PRIVATE) LIMITED,company,,1,323413738,323413738,0,0,0,PERPETUAL EQUITIES (PRIVATE) LIMITED
NIRMALANRUDHAMADANAYAKE,MR.NIRMAL ANRUDHA MADANAYAKE,individual,,1,322445200,360411396.914008,0,0,0,MR.NIRMAL ANRUDHA MADANAYAKE
DEDIWELAWIDANAARACHCHCILAGEPRAMUKNISHANTHADEDIWELA,MR. DEDIWELA WIDANAARACHCHCILAGE PRAMUK NISHANTHA DEDIWELA,individual,,1,322209840,322209840,0,0,0,MR. DEDIWELA WIDANAARACHCHCILAGE PRAMUK NISHANTHA DEDIWELA
DAJWARNAKULASURIYA,Mr. D.A.J. Warnakulasuriya,individual,,2,321290720,421617484.5094245,0,0,0,Mr. D.A.J. Warnakulasuriya
MUZAFFARALIYASEEN,MUZAFFAR ALI YASEEN,individual,,1,320318275.20000005,1059602392.5728519,0,0,0,MUZAFFAR ALI YASEEN
RMAGDONISMAIL,R. Magdon Ismail,individual,,4,319027989.3,319027989.3,0,0,0,LOLC Finance PLC/R. Magdon Ismail | LOLC FINANCE PLC/R.MAGDON ISMAIL | LOLC Finance PLC/ R. Magdon Ismail | LOLC Finance PLC/R.Magdon Ismail
HIKKADUWAHOTELHOLDINGS,HIKKADUWA HOTEL HOLDINGS (PVT) LTD,company,,1,318128129.29999995,318128129.29999995,0,0,0,HIKKADUWA HOTEL HOLDINGS (PVT) LTD
YUSUFHUSSEINALLYABDULHUSSEIN,Mr. Yusuf Husseinally Abdulhussein,individual,,2,316670483.25,371060592.07901496,0,0,0,Mr. Yusuf Husseinally Abdulhussein | Yusuf Husseinally Abdulhussein
SECURITYCEYLON,Security Ceylon (Pvt) Ltd,company,,2,316550290,320847958.8522419,0,0,0,Security Ceylon (Pvt) Ltd
KARAVINTHAN,Mr. K. Aravinthan,individual,,3,315771070,419840693.5874703,0,0,0,Mr. K. Aravinthan
JBLDESILVA,J. B. L. De Silva,individual,,1,314108116,314108116,0,0,1,J. B. L. De Silva
FNHERFT,Mr. F.N. Herft,individual,,1,313934253.75,313960164.7719131,0,0,0,Mr. F.N. Herft
PPSUBASINGHE,Mr. P.P. Subasinghe,individual,,2,313391449.59999996,313391449.59999996,0,0,0,Mr. P.P. Subasinghe
CHRISSLOGIX,CHRISSLOGIX (PRIVATE) LIMITED,company,,1,312558604.8,312558604.8,1,468000000,0,CHRISSLOGIX (PRIVATE) LIMITED
JGUNAWARDENE,Mrs. J. Gunawardene,individual,,1,311283045.8,311283045.8,0,0,0,Mrs. J. Gunawardene
JASBINDERJITKAURPIARASINGH,MRS. JASBINDERJIT KAUR PIARA SINGH,individual,,2,309677480,321489354.6497374,0,0,0,MRS. JASBINDERJIT KAUR PIARA SINGH
IMMINENTTECHNOLOGIES,Imminent Technologies (Pvt) Ltd,company,,1,308766001.5,308766001.5,0,0,0,Imminent Technologies (Pvt) Ltd
LORRAINEESTELLEMARLENEYASEEN,MRS. LORRAINE ESTELLE MARLENE YASEEN,individual,,1,307560999.6974442,307560999.6974442,0,0,0,MRS. LORRAINE ESTELLE MARLENE YASEEN
NMWAHAB,N.M.Wahab,individual,,1,305289600,319712388.8272224,0,0,0,N.M.Wahab
SKASSIM,S.KASSIM,individual,,1,304418625,340978027.75623536,0,0,0,SEYLAN BANK PLC/S.KASSIM
JAYAMPATHIDIVALEBANDARANAYAKE,MR. JAYAMPATHI DIVALE BANDARANAYAKE,individual,,1,303002653.2019284,303002653.2019284,0,0,0,MR. JAYAMPATHI DIVALE BANDARANAYAKE
SAKUVIINVESTMENTTRUST,Sakuvi Investment Trust (Private) Limited,company,,4,302492580.67274207,610482419.5371344,0,0,0,Sakuvi Investment Trust (Private) Limited | SAKUVI INVESTMENT TRUST (PRIVATE) LIMITED
ISPPERERA,I.S.P. Perera,individual,,4,300574464.1,300574464.1,0,0,0,Bansei Securities Capital (Pvt) Ltd / I.S.P. Perera | BANSEI SECURITIES CAPITAL (PVT) LTD/I.S.P. PERERA | Bansei Securities Capital (Pvt) Ltd/I.S.P. Perera
MPONNAMBALAM,Dr. M Ponnambalam,individual,,1,300066294,386166301.58206046,0,0,0,Dr. M Ponnambalam
ROGERKEITHMODDER,MR. ROGER KEITH MODDER,individual,,1,299264746,334501568.4928035,0,0,0,MR. ROGER KEITH MODDER
DSAMSONINDUSTRIES,D.SAMSON INDUSTRIES ( PVT ) LIMITED,company,,1,298948928.5,298948928.5,0,0,0,D.SAMSON INDUSTRIES ( PVT ) LIMITED
ASITHAMPALAM,MR. A. SITHAMPALAM,individual,,12,297638296.34803945,461548319.33675385,0,0,0,Mr. A. Sithampalam | MR. A. SITHAMPALAM | Sampath Bank PLC/ Mr. A Sithampalam | Mr. A .Sithampalam
SCWEERASOORIYA,Mr. S. C. Weerasooriya,individual,,2,296775833.4890593,389785421.0173677,0,0,0,Mr. S. C. Weerasooriya | Mr. S.C. Weerasooriya
SKWICKREMESINGHETRUSTGUARANTEE,S.K. Wickremesinghe Trust (Guarantee) Limited,company,,2,295867362.9497878,560496229.0876501,0,0,0,S.K. Wickremesinghe Trust (Guarantee) Limited
COMMERCIALBANKOFCEYLONPSUBASINGHE,COMMERCIAL BANK OF CEYLON PLC - P SUBASINGHE,company,,1,295497820.8,977497140.0687156,0,0,0,COMMERCIAL BANK OF CEYLON PLC - P SUBASINGHE
ZOEBALYGULAMABASSCARIMJEE,Zoebaly Gulamabass Carimjee,individual,,4,293210179.6,303932406.00566435,0,0,0,MR. ZOEBALY GULAMABASS CARIMJEE | Zoebaly Gulamabass Carimjee | Mr. Zoebaly Gulamabass Carimjee
EMILYSUMITHRASCHAFFTER,Mrs. Emily Sumithra Schaffter,individual,,1,291000000,748075173.0143237,0,0,0,Mrs. Emily Sumithra Schaffter
PRAKASHANANDSCHAFFTER,Mr. Prakash Anand Schaffter,individual,,1,291000000,748075173.0143237,0,0,0,Mr. Prakash Anand Schaffter
ATTTALNAKIB,MRS A.T.T.T. ALNAKIB,individual,,2,290094388.5569544,290094388.5569544,0,0,0,MRS A.T.T.T. ALNAKIB | Mrs. A. T. T. T. Alnakib
MKTDARWAZEH,Mr. M.K.T. Darwazeh,individual,,1,289294942.7701974,289294942.7701974,0,0,0,Mr. M.K.T. Darwazeh
SKTDARWAZEH,Mr. S.K.T. Darwazeh,individual,,1,289294942.7701974,289294942.7701974,0,0,0,Mr. S.K.T. Darwazeh
HARPIERIS,Mr. H.A.R. Pieris,individual,,7,288646899.9662632,324200954.4466573,0,0,0,Mr.H.A.R.Pieris | MR. H.A.R. PIERIS | HNB Investment Bank (Private) Limited/ Mr. H.A.R. Pieris | Mr. H.A.R. Pieris
DOMON,Domon Ltd.,company,,1,288192500.4,309401337.1698439,0,0,0,Domon Ltd.
SMDNPBANDA,S.M.D.N.P. Banda,individual,,3,287270666.6,348674369.46338844,0,0,0,Senkadagala Finance PLC/S.M.D.N.P. Banda | Assetline Finance Limited/S.M.D.N.P. Banda | Senkadagala Finance PLC/S.M.D.N.P.Banda | Assetline Finance Limited / S.M.D.N.P. Banda
GJWDESILVA,Mr. G. J. W. De Silva,individual,,3,286800392,412089698.1130698,0,0,0,Mr. G. J. W. De Silva
AITKENSPENCEHOTELMANAGEMENTS,AITKEN SPENCE HOTEL MANAGEMENTS (PVT) LTD.,company,,1,285981759,285981759,0,0,0,AITKEN SPENCE HOTEL MANAGEMENTS (PVT) LTD.
KAPGUNAWARDHANA,Dr. K.A.P.Gunawardhana,individual,,2,285474787.95000005,285474787.95000005,0,0,0,People's Leasing and Finance PLC / Dr. K.A.P.Gunawardhana | PEOPLE'S LEASING & FINANCE PLC/DR. K A P GUNAWARDHANA
THUSHARIETILOTTAMAANJALEEDESILVAWEERASOORIYA,Mrs. Thusharie Tilottama Anjalee De Silva Weerasooriya,individual,,1,283459949,283459949,0,0,0,Mrs. Thusharie Tilottama Anjalee De Silva Weerasooriya
SAUMYAAMARASEKERA,SAUMYA AMARASEKERA,individual,,2,282557636.2,825759264.0872018,0,0,0,SAUMYA AMARASEKERA | MRS. SAUMYA AMARASEKERA
MENMOHAMEDILYAS,Mr. M.E.N. Mohamed Ilyas,individual,,1,279709417.5,279709417.5,0,0,0,Mr. M.E.N. Mohamed Ilyas
HAYLEYSANDASSOCIATEDCOMPANIES,Hayleys And Associated Companies,joint,,1,278729850,278729850,0,0,0,Hayleys PLC/Account No.07 Hayleys And Associated Companies
CFINSURANCEBROKERS,CF INSURANCE BROKERS (PVT) LTD,company,,1,278530427.5,278530427.5,0,0,0,CF INSURANCE BROKERS (PVT) LTD
ACIERTRADERS,Acier Traders (Private) Limited,company,,2,278130683.3,310810208.49178064,0,0,0,Acier Traders (Private) Limited | ACIER TRADERS (PRIVATE) LIMITED
MIILYASNALEEM,Mr. M.I. Ilyas Naleem,individual,,1,275638887,275638887,0,0,0,Mr. M.I. Ilyas Naleem
CEYBANKCENTURYGROWTHFUND,Cey bank Century Growth Fund,institution,,8,275616760.7,280154770.68932915,0,0,0,Bank of Ceylon A/C Ceybank Century Growth Fund | BANK OF CEYLON A/C CEYBANK CENTURY GROWTH FUND | Bank of Ceylon A/C Cey bank Century Growth Fund | Bank of Ceylon A/c Ceybank Century Growth Fund
VAYASEEN,MR. V.A. YASEEN,individual,,2,275221578,541570339.6484989,0,0,0,MR. V.A. YASEEN | Mr. V. A. Yaseen
RUKAIYAHUSSEINALLYABDULHUSSEIN,Miss. Rukaiya Husseinally Abdulhussein,individual,,1,274950000,274950000,0,0,0,Miss. Rukaiya Husseinally Abdulhussein
SOFTLOGICLIFEINSURANCEPARTICIPATINGFUND,Softlogic Life Insurance PLC- (Participating Fund),institution,,2,274301696,313941243.18819577,0,0,0,Softlogic Life Insurance PLC-A/C No. 04 (Participating Fund) | SOFTLOGIC LIFE INSURANCE PLC-A/C NO. 04 (PARTICIPATING FUND)
MARINABLUE,Marina Blue (Private) Limited,company,,1,271946949.25220484,271946949.25220484,0,0,0,Marina Blue (Private) Limited
LVCSAMARASINHA,Mrs. L. V. C. Samarasinha,individual,,1,271200912,274843280.41724956,0,0,0,Mrs. L. V. C. Samarasinha
CAPITALALLIANCEQUANTITATIVEFUND,CAPITAL ALLIANCE QUANTITATIVE FUND,institution,,1,269412966,891209292.337462,0,0,0,HATTON NATIONAL BANK PLC- CAPITAL ALLIANCE QUANTITATIVE FUND
TKULASINGHE,Mr. T Kulasinghe,individual,,1,268924792.5,397680925.5655897,0,0,0,Mr. T Kulasinghe
SRILANKAINSURANCECORPORATIONGENERAL,Sri Lanka Insurance Corporation General Limited,institution,,2,268812378.54816294,269093669.3929419,0,0,0,Sri Lanka Insurance Corporation General Limited
DONTIBERTIUSSUJEEWAHANDAPANGODAMUDALIGE,MR. DON TIBERTIUS SUJEEWA HANDAPANGODA MUDALIGE,individual,,1,268786321.2,721284853.9238924,0,0,0,MR. DON TIBERTIUS SUJEEWA HANDAPANGODA MUDALIGE
GANURAGAVAN,Mr. G. Anuragavan,individual,,2,267267134,267267134,0,0,0,Mr. G. Anuragavan | MR. G ANURAGAVAN
CALGARYHOLDINGSSA,CALGARY HOLDINGS S.A.,company,,1,266750654.1,266750654.1,0,0,0,CALGARY HOLDINGS S.A.
HARNAMHOLDINGSSDNBHD,Harnam Holdings SDN BHD,company,,2,265332220.00000003,265332220.00000003,0,0,0,Harnam Holdings SDN BHD
CHARITABLEANDEDUCATIONTRUSTFUND,Charitable & Education Trust Fund,institution,,1,263740069.60853192,783461497.2998807,0,0,0,CIC Holdings PLC/ Charitable & Education Trust Fund
OSENANAYAKEANDDRPIERISANDSPPERERA,O.SENANAYAKE&D.R.PIERIS&S.P.PERERA,joint,,2,262633136.99999997,262633136.99999997,0,0,0,PEOPLE S LEASING AND FINANCE PLC/O.SENANAYAKE&D.R.PIERIS&S.P.PERERA | Peoples Leasing and Finance PLC/ O. Senanayake & D. R. Pieris & S. P. Perera
PIYADASARATHNAYAKA,Mr. Piyadasa Rathnayaka,individual,,1,262500000,262500000,0,0,0,Mr. Piyadasa Rathnayaka
RANJEETBHANWARLALBARMECHA,Mr. Ranjeet Bhanwarlal Barmecha,individual,,1,260879043.5,260879043.5,0,0,0,Mr. Ranjeet Bhanwarlal Barmecha
WGUIRANAWEERA,Mr. W.G.U.I. Ranaweera,individual,,2,259654483.8,386609484.09631544,0,0,0,Seylan Bank PLC/ Mr. W.G.U.I. Ranaweera | Seylan Bank PLC/W.G.U.I. Ranaweera
SNBOYAGODA,Mrs. S N Boyagoda,individual,,1,256789884.5,256789884.5,0,0,0,Mrs. S N Boyagoda
ABSGARDNERDIXONHALLINTERNATIONAL,ABS GARDNER DIXON HALL INTERNATIONAL PVT LTD,company,,1,256261500,256261500,0,0,0,ABS GARDNER DIXON HALL INTERNATIONAL PVT LTD
SUHADAGASDISTRIBUTORSDO,Suhada Gas Distributors (Pvt) Ltd do,company,,1,255919914,255919914,0,0,0,People's Leasing and Finance PLC/Suhada Gas Distributors (Pvt) Ltd do | Assetline Finance Limited/Suhada Gas Distributors (Pvt) Ltd do
MURTAZAALIJAFFERJEE,MR. MURTAZA ALI JAFFERJEE,individual,,3,255103683.5,255103683.5,0,0,0,Mr. Murtaza Ali Jafferjee | MR. MURTAZA ALI JAFFERJEE
SRILANKAPORTSAUTHORITY,SRI LANKA PORTS AUTHORITY,institution,,1,254691251.5,254691251.5,0,0,0,SRI LANKA PORTS AUTHORITY
AMPANDITHAGE,Mr. A.M. Pandithage,individual,,1,254552767.5,254552767.5,0,0,0,Mr. A.M. Pandithage
HATTONNATIONALBANKCAPITALALLIANCE,Hatton National Bank PLC - Capital Alliance,company,,1,251907390,289450340.2515054,0,0,0,Hatton National Bank PLC - Capital Alliance
CEYOKA,Ceyoka (Pvt) Limited,company,,1,251398422.00000003,251398422.00000003,0,0,1,Ceyoka (Pvt) Limited
ABLETRENDVENTURES,ABLE TREND VENTURES LIMITED 9,company,,1,250049999.99999997,250049999.99999997,0,0,0,ABLE TREND VENTURES LIMITED 9
IVENCOCAPITAL,IVENCO CAPITAL (PRIVATE) LIMITED 10,company,,1,250000000,250000000,0,0,0,IVENCO CAPITAL (PRIVATE) LIMITED 10
HUSSEINALLYMOHSINALLYABDULHUSSEINJOINTWITHSAEMAENAYATLOKHANDWALLA,Mr. Husseinally Mohsinally Abdulhussein joint with Mrs. Saema Enayat Lokhandwalla,joint,,1,247728000,247728000,0,0,0,Mr. Husseinally Mohsinally Abdulhussein joint with Mrs. Saema Enayat Lokhandwalla
LANKAMOUNTCASTLE,Lanka Mountcastle (Private) Limited,company,,1,245027805,245027805,0,0,0,Lanka Mountcastle (Private) Limited
EWBALASURIYAANDCOACCNO01,E.W. Balasuriya & Co. (Pvt) Ltd Acc No 01,company,,1,244761895.49999997,262774560.92998868,0,0,0,E.W. Balasuriya & Co. (Pvt) Ltd Acc No 01
APSOMASIRI,Mr. A.P. Somasiri,individual,,1,244536000,247820244.8674381,0,0,0,Mr. A.P. Somasiri
HARJITSINGHGILL,MR. HARJIT SINGH GILL,individual,,1,244154999.99999997,253924139.61404967,0,0,0,MR. HARJIT SINGH GILL
RUWANPURACHANAKADHARMAJITHDESILVA,Mr. Ruwanpura Chanaka Dharmajith De Silva,individual,,2,243339300.7,243339300.7,0,0,0,Mr. Ruwanpura Chanaka Dharmajith De Silva
RAMESHSCHAFFTER,Mr. Ramesh Schaffter,individual,,1,242500000,623395977.5119367,0,0,0,Mr. Ramesh Schaffter
EUNICEABIGAILMARYANNESUWENITHASCHAFFTER,Mrs. Eunice Abigail Maryanne Suwenitha Schaffter,individual,,1,242500000,623395977.5119367,0,0,0,Mrs. Eunice Abigail Maryanne Suwenitha Schaffter
FEROZOMAR,Mr. Feroz Omar,individual,,1,241153885.50000003,258901028.07617489,0,0,0,Mr. Feroz Omar
HSRKARIYAWASANANDKHSKARIYAWASAN,Mr.H.S.R. Kariyawasan & Mrs.K.H.S. Kariyawasan,joint,,1,240749300,240749300,0,0,0,Mr.H.S.R. Kariyawasan & Mrs.K.H.S. Kariyawasan
PRIMALAND,PRIMA LAND (PRIVATE) LIMITED,company,,1,240639984,373064489.3940333,0,0,0,PRIMA LAND (PRIVATE) LIMITED
OPPORTUNITIESFUND,Opportunities Fund,institution,,1,240581278,316742210.16385865,0,0,0,Opportunities Fund
THAVAGNANASOORIYAMANDELAYATHAMBYTHAVAGNANA,Thavagnanasooriyam & Mr. Elayathamby Thavagnana,joint,,2,239358904.17560717,243536690.9331011,0,0,0,Thavagnanasooriyam & Mr. Elayathamby Thavagnana
DKCRFERNANDO,Mr. D. K. C. R. Fernando,individual,,1,236462719.99999997,258697384.6331313,0,0,0,Mr. D. K. C. R. Fernando
LJMAJAYASUNDARA,Mr.L.J.M.A.Jayasundara,individual,,1,234756966.89999998,234756966.89999998,0,0,0,Mr.L.J.M.A.Jayasundara
VYJAYANTHIANDCO,Vyjayanthi & Company Limited,company,,2,234547508.7725945,234547508.7725945,0,0,0,Vyjayanthi & Company Limited | VYJAYANTHI & COMPANY LIMITED
JBCOCOSHEL,J.B. COCOSHEL (PVT) LTD 11,company,,1,233072900,233072900,0,0,0,J.B. COCOSHEL (PVT) LTD 11
HRWICKREMESINGHEANDVKWICKREMASINGHEDECEASED,Dr. H.R. Wickremesinghe & Mr. V.K. Wickremasinghe,joint,,1,232172065,369726545.94603133,0,0,0,Dr. H.R. Wickremesinghe & Mr. V.K. Wickremasinghe (Deceased)
BRITISHAMERICANTECHNOLOGIES,British American Technologies (Pvt) Ltd,company,,4,228678216,249220015.1075761,0,0,0,Assetline Leasing Co.LTD/British American Technologies (Pvt) Ltd | Assetline Finance Limited/British American Technologies (Pvt)Ltd | Assetline Finance Limited/British American Technologies Pvt Ltd | Assetline Finance Limited / British American Technologies (Pvt) Ltd
MVTHEAGARAJAHANDLTHEAGARAJAH,Mr. M.V. Theagarajah & Mrs. L.Theagarajah,joint,,2,227640000,592537573.0864527,0,0,0,Mr. M.V. Theagarajah & Mrs. L.Theagarajah | MR. M.V. THEAGARAJAH & MRS. L.THEAGARAJAH
HOTELINTERNATIONAL,Hotel International (Pvt) Ltd,company,,6,227004913.4,319990575.19373226,0,0,0,SEYLAN BANK PLC/HOTEL INTERNATIONAL (PVT) LTD | Seylan Bank PLC/Hotel International (Pvt) Ltd | Hotel International (Pvt) Ltd. | HOTEL INTERNATIONAL (PRIVATE) LIMITED | SEYLAN BANK PLC/HOTEL INTERNATIONAL (PRIVATE) LIMITED
PADESILVA,Mr. P.A. De Silva,individual,,2,226417257,310019752.07597136,0,0,0,Seylan Bank PLC/ Mr. P.A. De Silva | Commercial Bank of Ceylon PLC/P. A. De Silva
MACKENZIECAPITAL,Mackenzie Capital Ltd,company,,1,226223999.99999997,226223999.99999997,0,0,0,Mackenzie Capital Ltd
HMLALITH,H.M.LALITH,individual,,3,224372228.7887561,225124562.7643286,0,0,0,ASSETLINE FINANCE PLC/H.M.LALITH | Assetline Finance PLC/H.M.Lalith
DJAYANNTHA,Dr. D. Jayanntha,individual,,1,223392000,223392000,0,0,0,Dr. D. Jayanntha
GONALAGODAGHEBUWANEKADINUWANTHILAKARATNE,MR. GONALAGODAGHE BUWANEKA DINUWAN THILAKARATNE,individual,,1,222986907,247598466.78259096,0,0,0,MR. GONALAGODAGHE BUWANEKA DINUWAN THILAKARATNE
MACKWOODS,Mackwoods (Pvt) Ltd,company,,1,222855322.2,222855322.2,1,420000000,0,Mackwoods (Pvt) Ltd
HALLSVILLEFRONTIREEQUITIES,Hallsville Frontire Equities Ltd,company,,1,221876728.50000003,288643275.8257773,0,0,0,Hallsville Frontire Equities Ltd
HAYLEYSGROUPSERVICESNUMBER02,Hayleys Group Services (Private) Limited Number 02,company,,1,221512500,221512500,0,0,0,Hayleys Group Services (Private) Limited Number 02
PMRUTNAM,Mr.P.M.Rutnam,individual,,1,220777867.8,245714360.59068194,0,0,0,Mr.P.M.Rutnam
GLADSTONECAPITAL,Gladstone Capital (Pvt) Ltd,company,,6,220494424.5,220494424.49999997,0,0,0,SEYLAN BANK PLC/GLADSTONE CAPITAL (PRIVATE) LIMITED | Seylan Bank PLC/Gladstone Capital (Pvt) Ltd | Seylan Bank PLC/ Gladstone Capital (Private) Limited | Seylank Bank PLC/ Gladstone Capital (Pvt) Ltd
RHABDULHUSSEIN,MISS R.H. ABDULHUSSEIN,individual,,3,220454805,267642064.91594517,0,0,0,Miss R. H. Abdulhussein | MISS R.H. ABDULHUSSEIN
JAVACAPITAL,JAVA CAPITAL (PRIVATE) LIMITED,company,,2,218829999.99999997,218829999.99999997,0,0,0,SEYLAN BANK PLC/JAVA CAPITAL (PRIVATE) LIMITED
DINALGITANJANWIJEMANNA,Mr. Dinal Gitanjan Wijemanna,individual,,3,218826701.45147336,218826701.45147336,0,0,0,Mr. Dinal Gitanjan Wijemanna
LTRSLJAYAWARDHANA,L.T.R.S.L.JAYAWARDHANA,individual,,6,218044894.9514101,232331476.6996591,0,0,0,SAMPATH BANK PLC/L.T.R.S.L.JAYAWARDHANA | Sampath Bank Plc/L.T.R.S.L.Jayawardhana | Sampath Bank PLC/L.T.R.S.L.Jayawardhana
PMMOHAMEDALIANDCO,P M Mohamedali & Co,company,,1,217966258.5,234006963.20759585,0,0,0,P M Mohamedali & Co
ESNG,MR. E.S. NG,individual,,1,217856192.4,217856192.4,0,0,0,MR. E.S. NG
EMPLOYEESRETIREMENTANDPENSIONFUND,EMPLOYEES RETIREMENT & PENSION FUND,institution,,1,216300000,581197573.0864527,0,0,0,HATTON NATIONAL BANK PLC A/C NO 3 -EMPLOYEES RETIREMENT & PENSION FUND
OSENANANAYKE,O Senananayke,individual,,1,216035306.4,216035306.4,0,0,0,Seylan Bank PLC / O Senananayke
NSAMARASURIYAANDCSAMARASURIYA,Mr. N. Samarasuriya & Mrs. C. Samarasuriya,joint,,1,215556000,215556000,0,0,0,Mr. N. Samarasuriya & Mrs. C. Samarasuriya
AMARAKOONMUDIYANSELAGEWEERASINGHE,MR. AMARAKOON MUDIYANSELAGE WEERASINGHE,individual,,6,214495225.12806994,214495225.12806994,0,0,0,MR. AMARAKOON MUDIYANSELAGE WEERASINGHE | Amarakoon Mudiyanselage Weerasinghe | Mr. Amarakoon Mudiyanselage Weerasinghe
SARASVATHIVASUDEVANANDSVASUDEVAN,MRS. SARASVATHI VASUDEVAN & MR. S. VASUDEVAN,joint,,2,213593125,221535514.93012172,0,0,0,MRS. SARASVATHI VASUDEVAN & MR. S. VASUDEVAN | Mrs. Sarasvathi Vasudevan & Mr. S. Vasudevan
NDBCAPITALHOLDINGSACCOUNTNO02,NDB Capital Holdings Limited Account No-02,company,,1,212857384,223423232.79597393,0,0,0,NDB Capital Holdings Limited Account No-02
ANUJACHAMILAJAYASINGHE,Anuja Chamila Jayasinghe,individual,,16,211661327.1,342554346.0764919,0,0,0,SEYLAN BANK PLC/ANUJA CHAMILA JAYASINGHE | Hatton National Bank PLC/Anuja Chamila Jayasinghe | Seylan Bank PLC/Anuja Chamila Jayasinghe | Seylan Bank PLC / Anuja Chamila Jayasinghe | Hatton National Bank PLC / Anuja Chamila Jayasinghe
SGOBINATH,S.Gobinath,individual,,8,211594489.727,230320376.8445295,0,0,0,Senkadagala Finance PLC/S.Gobinath | SENKADAGALA FINANCE PLC/S.GOBINATH | Senkadagala Finance Plc/S.Gobinath | People's Leasing And Finance PLC/S.Gobinath | Senkadagala Finance PLC / S.Gobinath
YUSOOFH,Yusoof H,individual,,1,211500000,243020845.72903308,0,0,0,Yusoof H
ACEBONUSINVESTMENTS,ACE Bonus Investments Limited,company,,1,211038750.00000003,546401992.46147,0,0,0,ACE Bonus Investments Limited
AITKENSPENCEAVIATION,AITKEN SPENCE AVIATION (PRIVATE) LIMITED,company,,1,210935340,210935340,0,0,0,AITKEN SPENCE AVIATION (PRIVATE) LIMITED
TALIBTAWFIQTALIBALNAKIBDECEASED,MR. TALIB TAWFIQ TALIB AL-NAKIB,company,,2,208078999.842653,208078999.842653,0,0,0,MR. TALIB TAWFIQ TALIB AL-NAKIB (DECEASED)
EQFRONTIERMARKETSFUND,Eq Frontier Markets Fund,institution,,1,207835200,207835200,0,0,0,CB LDN S/A Eq Frontier Markets Fund
RSHNANAYAKKARAANDRMNANAYAKKARA,Mr. R.S.H. Nanayakkara & Ms. R.M. Nanayakkara,joint,,2,206590948.70476577,543876839.4469498,0,0,0,Senkadagala Finance PLC/ Mr. R.S.H. Nanayakkara & Ms. R.M. Nanayakkara | Peoples Leasing and Finance PLC/ Mr. R.S.H. Nanayakkara & Ms. R.M. Nanayakkara | Senkadagala Finance PLC / R.S.H. Nanayakkara & R.M. Nanayakkara
KRISHNARRAVINDRAN,Mr. Krishna R. Ravindran,individual,,1,205691200,205691200,0,0,0,Mr. Krishna R. Ravindran
TRNCPERIES,Miss. T.R.N.C. Peries,individual,,1,205160850.00000003,205160850.00000003,0,0,0,Miss. T.R.N.C. Peries
SHAHIDAHAMID,Mrs. Shahida Hamid,individual,,1,205143555.3,220240603.87935,0,0,0,Mrs. Shahida Hamid
TARABIQBALISMAIL,Mrs. Tarab Iqbal Ismail,individual,,1,205143555.3,220240603.87935,0,0,0,Mrs. Tarab Iqbal Ismail
UNIONINVESTMENT,Union Investment (Private) Limited,company,,2,204700597.50000003,204700597.50000003,0,0,0,HNB Investment Bank (Private) Limited/Union Investment (Private) Limited | Union Investment Pvt Ltd
LIFEINSURANCECORPORATIONLANKA,Life Insurance Corporation (Lanka) Ltd,institution,,1,204498070,204498070,0,0,0,Life Insurance Corporation (Lanka) Ltd
OAKLEYINVESTMENTS,OAKLEY INVESTMENTS (PRIVATE) LIMITED,company,,5,203031220.5,263297953.4333246,0,0,0,Oakley Investments (Private) Limited | OAKLEY INVESTMENTS (PRIVATE) LIMITED | Oakley Investments (Pvt) Ltd
MILLENNIUMCAPITALINVESTMENTSPTE,Millennium Capital Investments Pte Ltd,company,,1,202639511.7,217552281.18845326,0,0,0,Millennium Capital Investments Pte Ltd
MANYOOSUFALI,Mr. M. A. N. Yoosufali,individual,,2,202601000,277135671.2759694,0,0,0,People's Leasing & Finance PLC / Mr. M. A. N. Yoosufali | People'S Leasing & Finance PLC / Mr. M. A. N.Yoosufali
PRAMESHANDDRAMESH,Mr. P. Ramesh & Mrs. D. Ramesh,joint,,1,202500000,322474736.8038069,0,0,0,Mr. P. Ramesh & Mrs. D. Ramesh
CEYLONGUARDIANINVESTMENTTRUSTAC02,CEYLON GUARDIAN INVESTMENT TRUST PLC A/C # 02,company,,1,202436187,206303750.28138903,0,0,0,CEYLON GUARDIAN INVESTMENT TRUST PLC A/C # 02
GABHANUKAHARISCHANDRA,G. A. Bhanuka Harischandra,individual,,1,202400000,205118336.60961768,0,0,0,Seylan Bank PLC/G. A. Bhanuka Harischandra
JHLEANAGE,MR. J.H. LEANAGE,individual,,2,202389264,359533413.8977975,0,0,0,MR. J.H. LEANAGE | Mr. J H Leanage
CPAWIJEYESEKERA,Mr. C.P.A. Wijeyesekera,individual,,1,202128454,294942271.6607511,0,0,0,Mr. C.P.A. Wijeyesekera
SISIRAINVESTORS,Sisira Investors Limited,company,,1,202069586.25,396026204.44990635,0,0,0,Sisira Investors Limited
NDBWEALTHGROWTHANDINCOMEFUND12,NDB WEALTH GROWTH & INCOME FUND 12,institution,,1,200000000,200000000,0,0,0,HATTON NATIONAL BANK PLC/NDB WEALTH GROWTH & INCOME FUND 12
MKEIL,Mr. M. Keil,individual,,1,199631250,199647726.85663956,0,0,0,Mr. M. Keil
DHSRAMANAYAKA,MRS. D.H.S. RAMANAYAKA,individual,,1,199360000,199360000,0,0,0,MRS. D.H.S. RAMANAYAKA
SHIBANIRENUKATHAMBIAYAH,Miss Shibani Renuka Thambiayah,individual,,1,198730827.75,505321189.09479123,0,0,0,Miss Shibani Renuka Thambiayah
OSHANSENANAYAKE,OSHAN SENANAYAKE,individual,,2,198597147.90000004,632959658.4813964,0,0,0,OSHAN SENANAYAKE | Mr. Oshan Senanayake
MHRAOUF,MR. M.H. RAOUF,individual,,1,198020505,201803706.24207893,0,0,0,MR. M.H. RAOUF
SHIRANHARSHAAMARASEKERA,Mr. Shiran Harsha Amarasekera,individual,,3,197741115.6,436364601.4605711,0,0,0,Mr. Shiran Harsha Amarasekera | MR. SHIRAN HARSHA AMARASEKERA | Pan Asia Banking Corporation Plc/Mr.Shiran Harsha Amarasekera
JRPRINTERDECEASED,Mrs. J R Printer,individual,,1,196904960,196904960,0,0,0,Mrs. J R Printer (Deceased)
DYNAWASH,Dynawash Ltd,company,,1,196172041.49999997,196172041.49999997,0,0,0,Amana Bank PLC /Dynawash Ltd
TGTHORADENIYA,Mr. T.G. Thoradeniya,individual,,3,195213513.60000002,291578666.68674976,0,0,0,MR. T.G. THORADENIYA | Mr. T.G. Thoradeniya
SWASTIKAMILLS,Swastika Mills Ltd,company,,1,194990136,197608954.30633956,0,0,0,Swastika Mills Ltd
JAMESPANAMPARAMPILMATHEWS,Mr. James Panamparampil Mathews,individual,,1,194000000,498716782.00954926,0,0,0,Mr. James Panamparampil Mathews
AHALYAJAASIELSCHAFFTER,Ms. Ahalya Jaasiel Schaffter,individual,,1,194000000,498716782.00954926,0,0,0,Ms. Ahalya Jaasiel Schaffter
UHDHARMADASA,Mr. U. H. Dharmadasa,individual,,1,193938835.2,193938835.2,0,0,0,DFCC Bank PLC/Mr. U. H. Dharmadasa
NDKODAGODA,N.D.KODAGODA,individual,,1,193786262.37154764,212799808.56066754,0,0,0,SEYLAN BANK PLC/N.D.KODAGODA
KSMDESILVA,Mr. K. S. M. De Silva,individual,,1,191912000,194489477.34893754,0,0,0,Mr. K. S. M. De Silva
LHSPEIRIS,Mr. L. H. S. Peiris,individual,,1,190810921,288949943.851108,0,0,0,Mr. L. H. S. Peiris
EMAIBOYAGODA,Mr. E M A I Boyagoda,individual,,1,190802047.5,190802047.5,0,0,0,Mr. E M A I Boyagoda
HSDSOYSAANDGSOYSA,DR.H.S.D.SOYSA & MRS.G.SOYSA,joint,,15,190778976.56820658,411365534.87218744,0,0,0,PEOPLE'S LEASING & FINANCE PLC/DR.H.S.D.SOYSA & MRS.G.SOYSA | People's Leasing & Finance PLC / Dr.H.S.D.Soysa & Mrs.G.Soysa | People'S Leasing & Finance PLC/Dr.H.S.D.Soysa & Mrs.G.Soysa | People's Leasing & Finance PLC / Dr. H.S.D.Soysa & Mrs. G. Soysa | Dr. H.S.D Soysa & Mrs. G. Soysa
WEALTHLANKAMANAGEMENT,Wealth Lanka Management (Private) Limited,company,,1,190750000,190750000,0,0,0,Wealth Lanka Management (Private) Limited
LOLCTECHNOLOGYSERVICES,LOLC Technology Services Limited,company,,1,190425312,199877674.02620137,0,0,0,LOLC Technology Services Limited
INSITEHOLDINGS,Insite Holdings (Pvt) Ltd,company,,1,189750000,189750000,0,0,0,Insite Holdings (Pvt) Ltd
BTDESWEERASOORIA,Mr. B.T. De S Weerasooria,individual,,1,188753578.76756397,206419775.54888305,0,0,0,Mr. B.T. De S Weerasooria
SSPKANDAMBI,Miss. S.S.P. Kandambi,individual,,5,188618076,194799429.6113124,0,0,0,Miss S.S.P. Kandambi | Miss. S.S.P. Kandambi | Ms.S.S.P Kandambi | S.S.P. KANDAMBI
DWRRUTNAM,Mr. D.W.R. Rutnam,individual,,1,186739266,207831155.35806108,0,0,0,Mr. D.W.R. Rutnam
DILHANCRISHANTHAFERNANDO,Mr.Dilhan Crishantha Fernando,individual,,1,186621035.25,474529113.12412596,0,0,0,Mr.Dilhan Crishantha Fernando
SARRAVANANNEELAKANDAN,Sarravanan Neelakandan,individual,,3,185408194.34369946,252290801.87402916,0,0,0,Hatton National Bank PLC/Sarravanan Neelakandan | Hatton National Bank Plc/Sarravanan Neelakandan
PUJITHAPUNSIRISUBASINGHE,Mr. Pujitha Punsiri Subasinghe,individual,,1,184766466,217448567.95360628,0,0,0,Mr. Pujitha Punsiri Subasinghe
JDBANDARANAYAKENBANDARANAYAKEANDVBANDARANAYAKEJOINT,"Mr. J. D. Bandaranayake , Ms. N. Bandaranayake & Dr. V. Bandaranayake",joint,,1,184701776,187182416.31404254,0,0,0,"Mr. J. D. Bandaranayake , Ms. N. Bandaranayake & Dr. V. Bandaranayake (Joint)"
NIHALSAMARASURIYA,Mr. Nihal Samarasuriya,individual,,1,184199880,184199880,0,0,0,Mr. Nihal Samarasuriya
MAASSOMATHILAKE,MR. M.A.A.S. SOMATHILAKE,individual,,1,184002615.31832436,184002615.31832436,0,0,0,MR. M.A.A.S. SOMATHILAKE
SECANEKERATNE,Mrs.S.E. Canekeratne,individual,,1,183986534,186943323.1174102,0,0,0,Mrs.S.E. Canekeratne
HKCPPERERA,H K C P Perera,individual,,1,183000000,183000000,0,0,0,H K C P Perera
HSDISSANAYAKE,H.S. DISSANAYAKE,individual,,3,182762852.83043057,182762852.83043057,0,0,0,COMMERCIAL BANK OF CEYLON PLC/H.S. DISSANAYAKE | Mr.H.S.Dissanayake | Commercial Bank of Ceylon PLC/ H.S.Dissanayake
HHJHEWAGE,MRS. H.H.J. HEWAGE,individual,,1,181962594,181962594,0,0,0,MRS. H.H.J. HEWAGE
SRPERERA,MR. S.R. PERERA,individual,,3,180514245.6,180514245.6,0,0,0,MR. S.R. PERERA | Mr. S.R. Perera
ARNILALAKSHMITHAMBIAYAH,Miss Arnila Lakshmi Thambiayah,individual,,1,180467956.5,458883422.38883996,0,0,0,Miss Arnila Lakshmi Thambiayah
JDBANDARANAYAKEVBANDARANAYAKEANDIBANDARANAYAKEJOINT,"Mr. J. D. Bandaranayake , Dr. V. Bandaranayake & Ms. I. Bandaranayake",joint,,1,180097544,182516347.09860396,0,0,0,"Mr. J. D. Bandaranayake , Dr. V. Bandaranayake & Ms. I. Bandaranayake (Joint)"
JFRUTNAM,Ms. J.F. Rutnam,individual,,1,179274960.6,199523769.08383518,0,0,0,Ms. J.F. Rutnam
MJNIHARA,Mrs M J Nihara,individual,,2,179071769.0363496,179071769.0363496,0,0,0,Mrs M J Nihara | Mrs. M.J. Nihara
SONIAWINYENNG,MISS SONIA WIN-YEN NG,company,,1,178147990,178147990,0,0,0,MISS SONIA WIN-YEN NG
CMFERNANDO,Dr C.M. Fernando,individual,,1,177837219,197923636.96253648,0,0,0,Dr C.M. Fernando
LISTED:CTEA,DILMAH CEYLON TEA COMPANY PLC,listed,CTEA,1,177262378.21679628,0,0,0,0,Dilmah Ceylon Tea Company Plc
ELAYATHAMBYTHAVAGNANASUNDARAM,Elayathamby Thavagnanasundaram,individual,,3,175542631.80698773,178560043.3521835,0,0,0,Hatton National Bank Plc/Elayathamby Thavagnanasundaram | Hatton National Bank PLC/Elayathamby Thavagnanasundaram
CHADSTONE,Chadstone Pvt Ltd,company,,1,175305455,175305455,0,0,0,Chadstone Pvt Ltd
MSSINVESTMENTS,MSS INVESTMENTS (PRIVATE) LIMITED,company,,3,174058791.75,327082842.42956555,0,0,0,MSS INVESTMENTS (PRIVATE) LIMITED | MSS Investments (Private) Limited
EMPIERIS,Mrs. E.M. Pieris,individual,,1,171960634.2785107,172271494.1868196,0,0,0,Mrs. E.M. Pieris
ASGHJAFFERJEE,A S G H Jafferjee,individual,,1,169876453.6,223654325.1219332,0,0,0,A S G H Jafferjee
SSJAFFERJEE,S S Jafferjee,individual,,1,169876453.6,223654325.1219332,0,0,0,S S Jafferjee
AFCUMBRELLAFUNDAFCASIAFRONTIERFUND,AFC Umbrella Fund -AFC Asia Frontier Fund,institution,,1,169688045.20000002,169688045.20000002,0,0,0,AFC Umbrella Fund -AFC Asia Frontier Fund
LHLMPHARADASA,L.H.L.M.P.HARADASA,individual,,11,169542636.5407257,189727881.9164219,0,0,0,PEOPLE'S LEASING & FINANCE PLC/L.H.L.M.P.HARADASA | People'S Leasing & Finance PLC/L.H.L.M.P.Haradasa | People'S Leasing & Finance PLC/Mr. L.H.L.M.P Haradasa | People's Leasing & Finance PLC/L.H.L.M.P. Haradasa | People's Leasing and Finance Plc/L.H.L.M.P. Haradasa
APLFERNANDO,MR. A.P.L. FERNANDO,individual,,2,168959705.9,168959705.9,0,0,0,MR. A.P.L. FERNANDO | Mr. A.P.L. Fernando
JEROMEHASITHALEANAGE,Mr. Jerome Hasitha Leanage,individual,,2,168272222.9,419416580.6216465,0,0,0,Mr. Jerome Hasitha Leanage
MJFCHARITABLEFOUNDATION,MJF Charitable Foundation,institution,,1,168075214.6,168075214.6,0,0,0,First Capital Asset Management/MJF Charitable Foundation
MNWIJESURIYA,M.N.Wijesuriya,individual,,1,168051708,201577766.171648,0,0,0,M.N.Wijesuriya
MATRAAYMAKERS,Mr. M.A.T. Raaymakers,individual,,2,166172715,166186296.34784135,0,0,0,Mr. M.A.T. Raaymakers
AJMJINADASA,MR. A.J.M. JINADASA,individual,,4,165724399.67289463,166625018.27289462,0,0,0,MR. A.J.M. JINADASA | Mr. A. J. M. Jinadasa | Mr. A.J.M. Jinadasa | Mr. A J M Jinadasa
ADEDUSSURIYA,Mr. A.D. Edussuriya,individual,,5,163813042.6,163813042.6,0,0,0,Mr. A.D. Edussuriya | MR. A.D. EDUSSURIYA | Mr.A.D.Edussuriya
FOSS,Foss Ltd,company,,1,163561637,163561637,0,0,0,Foss Ltd
DSAMSONANDSONS,D. SAMSON & SONS (PRIVATE) LIMITED,company,,1,163113171,163113171,0,0,0,D. SAMSON & SONS (PRIVATE) LIMITED
LISTED:ALLI,ALLIANCE FINANCE COMPANY PLC,listed,ALLI,1,162726071.1,0,0,0,0,Alliance Finance Company PLC
URJONAS,Mr. U R Jonas,individual,,1,162338061.6,240062472.45356423,0,0,0,Mr. U R Jonas
HAJWICKRAMASENA,Mrs. H.A.J. Wickramasena,individual,,1,161625000,161625000,0,0,0,People's Leasing & Finance PLC / Mrs. H.A.J. Wickramasena
GALLEFACEHOTELCO,The Galle Face Hotel Co. Ltd,company,,1,161257800,161257800,0,0,0,Seylan Bank PLC / The Galle Face Hotel Co. Ltd | The Galle Face Hotel Co Ltd
MPDCOORAY,M P D Cooray,individual,,3,161119235,161727033.2512163,0,0,0,M P D Cooray | Mr. M.P.D. cooray | Mr. M. P. D. Cooray
LDNNAYANA,Mr. L.D.N. Nayana,individual,,4,160701874.10398483,188204484.11478257,0,0,0,Mr. L.D.N. Nayana | MR. L.D.N. NAYANA
CTCLSAASSETMANAGEMENTHANIFYUSOOF,CT CLSA ASSET MANAGEMENT/ HANIF YUSOOF,institution,,3,160397907.89999998,160397907.9,0,0,0,CT CLSA ASSET MANAGEMENT/ HANIF YUSOOF | CT CLSA Asset Management/ Hanif Yusoof
MMFUAD,M.M. FUAD,individual,,10,159948867.06092256,163553182.66227755,0,0,0,Senkadagala Finance PLC/M.M.Fuad | COMMERCIAL BANK OF CEYLON PLC/M.M. FUAD | SENKADAGALA FINANCE PLC/M.M.FUAD | Senkadagala Finance Plc/M.M.Fuad | Senkadagala Finance PLC / M.M.Fuad
LKGOONEWARDENA,Ms. L.K. Goonewardena,individual,,1,159678400,254282716.1148296,0,0,0,Ms. L.K. Goonewardena
ANESUFALLYAESUFALLYZESUFALLY,"Mr. A. N. Esufally , Mr. A Esufally, Ms. Z. Esufally",individual,,1,159445803,159445803,0,0,0,"Mr. A. N. Esufally , Mr. A Esufally, Ms. Z. Esufally"
DHIAYAHYADHIAALDINJAFFAR,Mr. Dhia Yahya Dhia Al-Din Jaffar,company,,1,159141834.8,733158821.7054307,0,0,0,Mr. Dhia Yahya Dhia Al-Din Jaffar
VNADARAJAH,Mr. V. Nadarajah,individual,,1,158628610,158628610,0,0,0,Mr. V. Nadarajah
AJDSELVANAYAGAM,MR. A.J.D. SELVANAYAGAM,individual,,1,158100000,161120516.0640948,0,0,0,MR. A.J.D. SELVANAYAGAM
MVTHEAGARAJAH,Mr. M V Theagarajah,individual,,1,156585030,156585030,0,0,0,Mr. M V Theagarajah
MASCAPITAL,MAS CAPITAL (PRIVATE) LIMITED,company,,1,156547764,156547764,0,0,0,MAS CAPITAL (PRIVATE) LIMITED
THUSHARIETILOTTAMAANJALEEDESILVAWEERASOORIA,MRS. THUSHARIE TILOTTAMA ANJALEE DE SILVA WEERASOORIA,individual,,2,156339394.9,156339394.9,0,0,0,MRS. THUSHARIE TILOTTAMA ANJALEE DE SILVA WEERASOORIA | Mrs. Thusharie Tilottama Anjalee De Silva Weerasooria
WIJAYWICKRAMAKOTIGALAGEGIHANNISSANKAPERERA,Wijaywickrama Kotigalage Gihan Nissanka Perera,individual,,2,155850000,161409672.95108518,0,0,0,Wijaywickrama Kotigalage Gihan Nissanka Perera | MR. WIJAYWICKRAMA KOTIGALAGE GIHAN NISSANKA PERERA
DNPRATHNAYAKE,Mr. D.N.P. Rathnayake,individual,,8,155595942.89707312,155595942.89707312,0,0,0,Mr. D.N.P. Rathnayake | Mr. D. N. P. Rathnayake | D.N.P.Rathnayake | Mr D N P Rathnayake | MR. D.N.P. RATHNAYAKE
MHJAMALDEENMOHAMEDHISHAMJAMALDEEN,"M.H.JAMALDEEN, MR. MOHAMED HISHAM JAMALDEEN",individual,,1,155196192,155196192,0,0,0,"LOLC FINANCE PLC/M.H.JAMALDEEN, MR. MOHAMED HISHAM JAMALDEEN"
NUMBER2JBCOCOSHELL,Number 2 J.B Cocoshell (Private) Limited,company,,1,154850148.5,154850148.5,0,0,0,Number 2 J.B Cocoshell (Private) Limited
MRMUBARAK,Dr.M.R. Mubarak,individual,,1,154700000,154700000,0,0,0,Dr.M.R. Mubarak
AHMUNASINGHEANDAVKMUNASINGHEJOINT,Mr. A. H. Munasinghe & Ms. A. V. K. Munasinghe,joint,,1,154414456,156488321.9525642,0,0,0,Mr. A. H. Munasinghe & Ms. A. V. K. Munasinghe (Joint)
SAAHASITHA,S.A.A.Hasitha,individual,,2,154396381.2,168161775.44308448,0,0,0,Merchant Bank of Sri Lanka & Finance PLC/S.A.A.Hasitha | Merchant Bank of Sri Lanka & Finance PLC / S. A. A. Hasitha
JAYASEEN,MR. J.A. YASEEN,individual,,2,154219905,292218917.6778615,0,0,0,MR. J.A. YASEEN | Mr. J. A. Yaseen
HJDESILVA,H. J. De Silva,individual,,1,154047058.00000003,154047058.00000003,0,0,0,H. J. De Silva
MSHAMZADEEN,M.S.HAMZADEEN,individual,,7,153980021.7,292528131.93743324,0,0,0,PMF Finance PLC/M.S.Hamzadeen | PMF FINANCE PLC/M.S.HAMZADEEN | Assetline Finance PLC/M.S. Hamzadeen | ASSET LINE FINANCE PLC/M. S. HAMZADEEN
SHAGULAMHUSEIN,S.H.A. Gulamhusein,individual,,1,153789500,153789500,0,0,0,Commercial Bank of Ceylon PLC. /S.H.A. Gulamhusein
APWEERASEKERA,Mr. A.P. Weerasekera,individual,,1,153675258.5,153675258.5,0,0,0,Mr. A.P. Weerasekera
SABEKANAYAKE,Dr. S A B Ekanayake,individual,,1,152600000,152600000,0,0,0,Dr. S A B Ekanayake
EMPLOYEESPROVIDENDFUND,Employees Providend Fund,institution,,1,152029644.3,197737124.41475686,0,0,0,Employees Providend Fund
FIRSTCAPITALEQUITYFUND,First Capital Equity Fund,institution,,2,151827100,151827100,0,0,0,Bank of Ceylon - First Capital Equity Fund | BANK OF CEYLON-FIRST CAPITAL EQUITY FUND
LANKAJATHIKASARVODAYASHRAMADANASANGAMAYA,Lanka Jathika Sarvodaya Shramadana Sangamaya,individual,,1,151726785,151726785,0,0,0,Lanka Jathika Sarvodaya Shramadana Sangamaya
ANALGAMA,Mr A.N. Algama,individual,,1,150746640,150746640,0,0,0,Mr A.N. Algama
DACABRAAL,Mr. D.A. Cabraal,individual,,3,150058748.9766366,185700940.18661314,0,0,0,Mr. D. A. Cabraal | Mr. D.A. Cabraal
SITHAMPALAMA,Sithampalam A,individual,,1,149797620,149797620,0,0,0,Sithampalam A
CITILAKARATNA,Mrs. C. I. Tilakaratna,individual,,1,149344197.3,149344197.3,0,0,0,Mrs. C. I. Tilakaratna
MALSHIPCEYLON,Malship Ceylon Ltd,company,,2,148960983.6716107,148960983.6716107,0,0,0,Malship Ceylon Ltd | MALSHIP CEYLON LTD
AMWEERASINGHE13,MR. A.M. WEERASINGHE 13,individual,,1,148855800,148855800,0,0,0,MR. A.M. WEERASINGHE 13
SOFTLOGICLIFEINSURANCENONPARTICIPATINGFUND,Softlogic Life Insurance PLC- (Non-Participating Fund),institution,,1,148326237.29999998,174562671.40397528,0,0,0,Softlogic Life Insurance PLC-A/C No. 05 (Non-Participating Fund)
SHAHIDMSANGANI,Shahid M Sangani,individual,,1,148071123.5,148071123.5,0,0,0,Amana Bank PLC / Shahid M Sangani
IRESHSRIDAS,Mr. Iresh Sridas,individual,,1,147064214,147064214,0,0,0,People's Leasing & Finance PLC/Mr. Iresh Sridas
HMMOUNTDECEASED,Mrs. H M Mount,individual,,1,146984600,146984600,0,0,0,Mrs. H M Mount (Deceased)
CYRILGARDINER,Cyril Gardiner Limited,company,,4,146776960,146776960,0,0,0,Cyril Gardiner Limited | CYRIL GARDINER (PRIVATE) LIMITED | Cyril Gardiner (Private) Limited
AHMUNASINGHEANDARRMUNASINGHEJOINT,Mr. A. H. Munasinghe & Mr. A. R. R. Munasinghe,joint,,1,145105712,147054556.70945776,0,0,0,Mr. A. H. Munasinghe & Mr. A. R. R. Munasinghe (Joint)
SANJEEVRAJARATNAM,Mr. Sanjeev Rajaratnam,individual,,2,144985000,321937995.25219434,0,0,0,Mr. Sanjeev Rajaratnam
MALIKJOSEPHFERNANDO,Mr. Malik Joseph Fernando,individual,,1,144747681,368055983.6124041,0,0,0,Mr. Malik Joseph Fernando
IAIGALADARI,I.A.I. GALADARI,individual,,1,144207249.9,144207249.9,0,0,0,I.A.I. GALADARI
MAIGALADARI,M.A.I. GALADARI,individual,,1,144207249.9,144207249.9,0,0,0,M.A.I. GALADARI
SUHAILAIHGALADARI,SUHAIL A.I.H. GALADARI,individual,,1,144207235.20000002,144207235.20000002,0,0,0,SUHAIL A.I.H. GALADARI
TRANQUILITYESTATE,TRANQUILITY ESTATE (PVT) LTD,company,,1,143483600,143483600,0,0,0,TRANQUILITY ESTATE (PVT) LTD
SDURGA,Miss. S. Durga,individual,,3,142948810.98573983,150657007.24866375,0,0,0,Miss. S. Durga
GIADESILVA,Miss G. I. A. De Silva,individual,,2,141873684,181455827.43998772,0,0,0,Miss G. I. A. De Silva | Miss.G. I. A. De Silva
DHCEKANAYAKE,D.H.C.Ekanayake,individual,,1,141742920,141742920,0,0,0,D.H.C.Ekanayake
LISTED:NEH,THE NUWARA ELIYA HOTELS COMPANY PLC,listed,NEH,2,141548785.9,0,0,0,0,THE NUWARA ELIYA HOTELS COMPANY PLC | The Nuwara Eliya Hotels Co. PLC
CSLDESILVA,C. S. L. De Silva,individual,,1,141437058,141437058,0,0,0,C. S. L. De Silva
ARUNACHALAMARULTHAKSHANAN,MR. ARUNACHALAM ARULTHAKSHANAN,individual,,1,141089830,146735121.91453192,0,0,0,MR. ARUNACHALAM ARULTHAKSHANAN
VYJANTHIANDCO,Vyjanthi & Company Ltd,company,,1,138996614.25,359877164.6041229,0,0,0,Vyjanthi & Company Ltd
ESTOFLATERADHAKRISHNANMAHESWARAN,EST.OF LATE MR. RADHAKRISHNAN MAHESWARAN,estate,,1,138951985,144511737.3749845,0,0,0,EST.OF LATE MR. RADHAKRISHNAN MAHESWARAN
ELBLIZARDDECEASED,Mrs. E L Blizard,individual,,1,138486320,138486320,0,0,0,Mrs. E L Blizard (Deceased)
KVHEWAVITARNE,Mr. K.V. Hewavitarne,individual,,1,137250000,285192571.218039,0,0,0,Mr. K.V. Hewavitarne
FFILYASNALEEM,Mrs. F.F. Ilyas Naleem,individual,,1,136757344.5,136757344.5,0,0,0,Mrs. F.F. Ilyas Naleem
SVASUDEVANANDSVASUDEVAN,Mrs. S. Vasudevan & Mr. S.Vasudevan,joint,,3,136407414.6595996,157418469.76521793,0,0,0,Mrs. S. Vasudevan & Mr. S.Vasudevan | Mrs. S. Vasudevan & Mr. S. Vasudevan
ACSENAKA,Mr. A.C Senaka,individual,,1,135446746.5,200296101.42013144,0,0,0,Seylan Bank PLC/Mr. A.C Senaka
AGISELVARAJ,A G I Selvaraj,individual,,1,135340140,135340140,0,0,0,A G I Selvaraj
WASRATHSARA,MR. W.A.S. RATHSARA,individual,,1,135297692.86219174,135297692.86219174,0,0,0,MR. W.A.S. RATHSARA
CONFABSTEEL,Confab Steel (Private) Limited,company,,1,135132000,135132000,0,0,0,Confab Steel (Private) Limited
KDCSAMANTHI,Ms K.D.C. Samanthi,individual,,1,135000000,135000000,0,0,0,Ms K.D.C. Samanthi
KSNHIRDARAMANI,Mr. K.S.N. Hirdaramani,individual,,7,133579927.7,187152276.40127885,0,0,0,Mr. K.S.N. Hirdaramani | MR. K.S.N. HIRDARAMANI
RESOURCESDEVELOPMENTCONSULTANTS,Resources Development Consultants (Pvt) Ltd,company,,1,133400000,133400000,0,0,0,Resources Development Consultants (Pvt) Ltd
DILSHANGUNAMINIWIRASEKARA,Mr. Dilshan Gunamini Wirasekara,individual,,1,132985564.39999999,341866663.5633591,0,0,0,Mr. Dilshan Gunamini Wirasekara
MZRASHEED,Mr. M.Z. Rasheed,individual,,5,132979749.11387552,151950649.1959447,0,0,0,Mr. M. Z. Rasheed | Mr. M.Z. Rasheed | Mr. M.Z.Rasheed | Mr.M.Z. Rasheed
HOSTPLUSPOOLED,Hostplus Pooled,individual,,1,132615295.50000001,147593972.4530977,0,0,0,Citibank Hong Kong S/A Hostplus Pooled
FAROOKKASSIM,Mr. Farook Kassim,individual,,2,131482409.99999999,142008947.69313985,0,0,0,Mr. Farook Kassim | MR.FAROOK KASSIM
YNRPIYASENADO,Mr. Y. N. R. Piyasena do,individual,,1,131416740,131416740,0,0,0,Mr. Y. N. R. Piyasena do
YHABDULHUSSEIN,MR. Y.H. ABDULHUSSEIN,individual,,1,128844058,141485730.41782936,0,0,0,MR. Y.H. ABDULHUSSEIN
ACMDESOYSA,MRS. A.C.M. DE SOYSA,individual,,2,128763040.2,128763040.2,0,0,0,MRS. A.C.M. DE SOYSA | Mrs. A. C. M. De Soysa
SGURUSINGHE,MR. S. GURUSINGHE,individual,,6,128577365.8,147297920.56924745,0,0,0,MR. S. GURUSINGHE | Mr. S. Gurusinghe
MOHAMEDABDULNASSER,Mr Mohamed Abdul Nasser,individual,,1,128339998.80000001,344583091.5415275,0,0,0,Mr Mohamed Abdul Nasser
IRESHSRIDASGURUSINGHE,MR. IRESH SRIDAS GURUSINGHE,individual,,3,128086049.3,128086049.3,0,0,0,PEOPLE'S LEASING & FINANCE PLC/MR. IRESH SRIDAS GURUSINGHE | People's Leasing and Finance PLC/Mr. Iresh Sridas Gurusinghe
HILINETOWERS,Hi-Line Towers Pvt Limited,company,,5,128072751.61175787,128072751.61175787,0,0,0,Amana Bank PLC/Hi-Line Towers Pvt Limited | People S Leasing And Finance Plc/Hi-Line Towers (Pvt) Ltd | Seylan Bank PLC / Hiline Towers (Pvt) Ltd | People's Leasing & Finance PLC / Hi Line Towers (Pvt) Ltd | Amana Bank PLC/Hi-Line Towers (Private) Limited
EXECUTOROFLATETHEKGUNARATNAM,Executor of Late the Mrs. K. Gunaratnam,estate,,1,127914500,127914500,0,0,0,Executor of Late the Mrs. K. Gunaratnam
AGNESEDEVOSDECEASED,Mrs. Agnes E. De Vos,individual,,1,127867498,160176085.5456541,0,0,0,Mrs. Agnes E. De Vos (Deceased)
RAVINDRAERLERAMBUKWELLE,MR. RAVINDRA ERLE RAMBUKWELLE,individual,,12,127832500,133444075.97646233,0,0,0,Hatton National Bank PLC/Ravindra Erle Rambukwelle | MR. RAVINDRA ERLE RAMBUKWELLE | Hatton National Bank PLC / Ravindra Erle Rambukwelle | HATTON NATIONAL BANK PLC/RAVINDRA ERLE RAMBUKWELLE | Hatton National Bank PLC/ Ravindra Erle Rambukwelle
NANDINIMULJIE,MRS. NANDINI MULJIE,individual,,1,127812388.87426761,127812388.87426761,0,0,0,MRS. NANDINI MULJIE
AIAINSURANCELANKA,AIA INSURANCE LANKA LIMITED,company,,1,127810845.00000001,130252683.7760154,0,0,0,AIA INSURANCE LANKA LIMITED A/C NO.07
TKHEMACHANDRA,MR. T.K. HEMACHANDRA,individual,,1,126756921.5,126756921.5,0,0,0,MR. T.K. HEMACHANDRA
ARCOOKE,Mr. A.R. Cooke,individual,,1,126712859.00000001,126712859.00000001,0,0,0,Mr. A.R. Cooke
RRAJUDIN,Mrs. R. Rajudin,individual,,1,126500000,126500000,0,0,0,Mrs. R. Rajudin
DPNAVARATNAM,MR. D.P. NAVARATNAM,individual,,7,125865698.64999999,126575048.41008422,0,0,0,MR. D.P. NAVARATNAM | Mr. D. P. Navaratnam | D.P.Navaratnam | MR. D. P. NAVARATNAM | Mr D P Navaratnam
PGPIYASIRI,Mr.P.G.Piyasiri,individual,,1,125087142.39999999,125087142.39999999,0,0,0,Mr.P.G.Piyasiri
DLSRPERERA,Mr.D.L.S.R. Perera,individual,,1,123885933,125876864.45857409,0,0,0,Mr.D.L.S.R. Perera
SNADESAN,Mr. S. Nadesan,individual,,1,122760000,122760000,0,0,0,Mr. S. Nadesan
JPPAUL,Mr. J.P. Paul,individual,,1,122613127.5,122613127.5,0,0,0,Mr. J.P. Paul
NSKARUNARATNE,N. S. Karunaratne,individual,,1,122502464,122502464,0,0,0,N. S. Karunaratne
CEYLONINVESTORS,The Ceylon Investors (Pvt) Ltd,company,,1,122293662.5,124100545.66340941,0,0,0,The Ceylon Investors (Pvt) Ltd
DRPIERIS,MR. D.R. PIERIS,individual,,1,121640213,121640213,0,0,0,MR. D.R. PIERIS
ANIMALMAGICPRODUCTION,ANIMAL MAGIC PRODUCTION LTD,company,,1,120960000,187524449.9563392,0,0,0,ANIMAL MAGIC PRODUCTION LTD
ASJAYASINGHE,Mr.A.S.Jayasinghe,individual,,2,120948608,224751861.72404215,0,0,0,Mr.A.S.Jayasinghe | MR. A.S. JAYASINGHE
JTHARSHANA,J. Tharshana,individual,,3,120776042.27229431,204725652.23497725,0,0,0,HNB Investment Bank (Pvt) Ltd/J.Tharshana | HNB Investment Bank (Pvt) Ltd/J. Tharshana
NVAITILINGAMANDCO,N. Vaitilingam & Co. Ltd,company,,3,120759431.3,148289063.87186286,0,0,0,N. Vaitilingam & Co. Ltd | N Vaitilingam & Co. (Pvt) Ltd | N Vaitilingam & Co. Ltd
PNWETHTHASINGHEANDASWETHTHASINGHE,Mrs.P.N. Weththasinghe & Mrs.A.S. Weththasinghe,joint,,1,120515825.5,122452597.03195412,0,0,0,Mrs.P.N. Weththasinghe & Mrs.A.S. Weththasinghe
KADRMKKARIYAPPERUMA,Mr.K.A.D.R.M.K.Kariyapperuma,individual,,4,120022228,120022227.99999999,0,0,0,PEOPLE'S LEASING & FINANCE PLC/MR. K.A.D.R.M.K. KARIYAPPERUMA | People's Leasing & Finance PLC/Mr.K.A.D.R.M.K.Kariyapperuma | Peoples Leasing & Finance PLC/ Mr. K.A.D.R.M.K. Kariyapperuma | People's Leasing & Finance PLC / Mr. K. A. D. R. M. K. Kariyapperuma
JANASHAKTHIINSURANCESHAREHOLDERS,Janashakthi Insurance PLC-Shareholders,company,,1,119387400.00000001,125313570.8137147,0,0,0,Janashakthi Insurance PLC-Shareholders
USUILANKA,Usui Lanka (Pvt) Ltd,company,,1,119279680,119279680,0,0,0,Usui Lanka (Pvt) Ltd
KANDAIAHKANAPATHIPILLAISHUJEEVAN,KANDAIAH KANAPATHIPILLAI SHUJEEVAN,individual,,2,118930815.05,118930815.05,0,0,0,HATTON NATIONAL BANK PLC/KANDAIAH KANAPATHIPILLAI SHUJEEVAN | HATTON NATIONAL BANK PLC / KANDAIAH KANAPATHIPILLAI SHUJEEVAN
NRGAJENDRANANDNGAJENDRAN,Mr. N. R. Gajendran & Miss. N. Gajendran,joint,,1,117116662.50000001,152359093.02575627,0,0,0,Mr. N. R. Gajendran & Miss. N. Gajendran
PANDSBAKERS,P & S Bakers (Pvt) Ltd,company,,1,117000000,117000000,0,0,0,P & S Bakers (Pvt) Ltd
ESANJOCAPITAL,ESANJO CAPITAL LTD,company,,2,116934560,120601706.83642149,0,0,0,ESANJO CAPITAL LTD | Esanjo Capital Ltd
AJTISSERA,Mr. A. J. Tissera,individual,,1,116476792,132885533.65105315,0,0,0,Mr. A. J. Tissera
JMSBRITOANDBSBRITO,Mr. J. M. S. Brito & Mrs. B. S. Brito,joint,,3,116407499.41822997,146978110.7060161,0,0,0,People’s Leasing & Finance PLC / Mr. J. M. S. Brito & Mrs. B. S. Brito | Peoples Leasing & Finance PLC / Mr. J. M. S. Brito & Mrs. B. S. Brito | Peoples Leasing & Finance PLC/Mr. J. M. S. Brito & Mrs. B. S. Brito
CRESCENTLAUNDERERSANDDRYCLEANERS,CRESCENT LAUNDERERS AND DRY CLEANERS PVT LIMITED,company,,1,116298000,199690031.78150162,0,0,0,CRESCENT LAUNDERERS AND DRY CLEANERS PVT LIMITED
VERITERESEARCH,VERITE RESEARCH (PVT) LTD,company,,4,116033367.2,146410001.10864687,0,0,0,PEOPLE S LEASING AND FINANCE PLC/VERITE RESEARCH (PVT) LTD | Verite Research (Pvt) Ltd | People's Leasing and Finance PLC/Verite Research (Pvt) Ltd
MANICKAMVALLIPURAMTHEAGARAJAH,MANICKAM VALLIPURAM THEAGARAJAH,individual,,1,115846926,383217847.5772778,0,0,0,MANICKAM VALLIPURAM THEAGARAJAH
JDBANDARANAYAKEVBANDARANAYAKEANDIBANDARANAYAKE,"Mr. J. D. Bandaranayake, Dr. V. Bandaranayake & Miss. I. Bandaranayake",joint,,1,115790883,150634363.5307355,0,0,0,"Mr. J. D. Bandaranayake, Dr. V. Bandaranayake & Miss. I. Bandaranayake"
JDBANDARANAYAKENBANDARANAYAKEANDVBANDARANAYAKE,"Mr. J. D. Bandaranayake, Miss. N. Bandaranayake & Dr. V. Bandaranayake",joint,,1,114894750,149468568.602875,0,0,0,"Mr. J. D. Bandaranayake, Miss. N. Bandaranayake & Dr. V. Bandaranayake"
SRILANKAINSURANCECORPORATIONLIFESHAREHOLDERPORTFOLIO,Sri Lanka Insurance Corporation Life Ltd Share Holder Portfolio,institution,,1,114703699.53340915,114911053.85999238,0,0,0,Sri Lanka Insurance Corporation Life Ltd Share Holder Portfolio A/C 03
DHASITHASJAYAWARDENA,MR. D. HASITHA S. JAYAWARDENA,individual,,1,113806755,115981044.25793807,0,0,0,MR. D. HASITHA S. JAYAWARDENA
GNADESILVA,Miss G.N.A. De Silva,individual,,3,113509118,171621868.71556526,0,0,0,Miss G.N.A. De Silva | Miss. G. N. A. De Silva | Miss G. N. A. De Silva
SUBRAMANIAMVASUDEVAN,MR. SUBRAMANIAM VASUDEVAN,individual,,2,113036640.89879757,113036640.89879757,0,0,0,MR. SUBRAMANIAM VASUDEVAN
DCMAPERERA,Ms.D.C.M.A. Perera,individual,,1,112549871.00000001,114358624.20874694,0,0,0,Ms.D.C.M.A. Perera
CRDESILVA,Mrs.C.R. de Silva,individual,,1,112507200,114315267.45666666,0,0,0,Mrs.C.R. de Silva
MAHESUFALLYANDAMESUFALLY,MR. M.A.H. ESUFALLY & MRS. A.M.ESUFALLY,joint,,2,112085221.8,165547547.9098028,0,0,0,MR. M.A.H. ESUFALLY & MRS. A.M.ESUFALLY | Mr M.A.H. Esufally & Mrs A.M. Esufally
STFERNANDO,Mrs. S.T.Fernando,individual,,1,111579653.5,112259221.25554496,0,0,0,Mrs. S.T.Fernando
OSENANAYAKEDRPEIRISANDSPPERERA,"Mr. O. Senanayake, Mr. D. R. Peiris and Mr. S. P. Perera",joint,,1,110764895.25,110764895.25,0,0,0,"Mr. O. Senanayake, Mr. D. R. Peiris and Mr. S. P. Perera"
UNIONASSURANCETRADITIONALLIFEPARTICIPATINGFUND,UNION ASSURANCE PLC-TRADITIONAL LIFE PARTICIPATING FUND,institution,,2,110683818.9,165851985.53097725,0,0,0,UNION ASSURANCE PLC-TRADITIONAL LIFE PARTICIPATING FUND
VSUNILGAVASKER,Mr. V. Sunilgavasker,individual,,5,110098565.1811213,110108770.7638715,0,0,0,Mr. V. Sunilgavasker | MR. V. SUNILGAVASKER
UMMANIKU,MR. U.M. MANIKU,individual,,2,109419064.3,109419064.3,0,0,0,MR. U.M. MANIKU | Mr. U M Maniku
DJWEDANDE,Mr. D.J. Wedande,individual,,1,109239871,109239871,0,0,0,Mr. D.J. Wedande
CARMELCECILIAMIRANDA,DR. CARMEL CECILIA MIRANDA,individual,,1,109175000,113543314.46156694,0,0,0,DR. CARMEL CECILIA MIRANDA
DFWPERERA,Mr. D.F.W. Perera,individual,,1,109154521.5,110908709.1259668,0,0,0,Mr. D.F.W. Perera
PGNDGUNATHILAKE,Mr. P.G.N.D. Gunathilake,individual,,1,109125000,173778052.61094034,0,0,0,Mr. P.G.N.D. Gunathilake
CGSENANAYAKE,C G Senanayake,individual,,1,108637792.5,110242910.82065062,0,0,0,C G Senanayake
HDWIJAYANANDANA,H.D. Wijayanandana,individual,,1,108221010,108221010,0,0,0,H.D. Wijayanandana
GDMRANASINGHEANDORKRANASINGHE,Mr. G. D. M. Ranasinghe & Mrs. O. R. K. Ranasinghe,joint,,1,108217499.99999999,140782018.52374998,0,0,0,Mr. G. D. M. Ranasinghe & Mrs. O. R. K. Ranasinghe
LJMAJAYASUNDARA15,MR. L.J.M.A. JAYASUNDARA 15,individual,,1,107790050,107790050,0,0,0,MR. L.J.M.A. JAYASUNDARA 15
SUNSUPER,Sunsuper,individual,,1,107171850.9,119276733.12376015,0,0,0,SSBT- Sunsuper Pty. Ltd. As Trustee For Sunsuper
KPOOLOGASUNDRAM,DR. K. POOLOGASUNDRAM,individual,,2,107148276,107351784.74987754,0,0,0,DR. K. POOLOGASUNDRAM | Dr. K.Poologasundram
JAYAWARDHANALTRSL,Jayawardhana L.T.R.S.L.,individual,,1,106839600,106839600,0,0,0,Sampath Bank PLC/ Jayawardhana L.T.R.S.L.
DAWIINVESTMENTTRUST,Dawi Investment Trust (Pvt) Ltd,company,,4,106032490.80594514,107922206.3587634,0,0,0,Hatton National Bank PLC/Dawi Investment Trust (Pvt) Ltd | Hatton National Bank PLC / Dawi Investment Trust (Pvt) Ltd | Hatton National Bank Plc/Dawi Investment Trust (Pvt) Ltd | Dawi Investment Trust (Pvt) Ltd
TMDPTENNAKOON,Mr. T.M.D.P. Tennakoon,individual,,2,105206200.00330266,113939138.41787478,0,0,0,People'S Leasing & Finance PLC/ Mr. T.M.D.P. Tennakoon | PEOPLE'S LEASING & FINANCE PLC/MR. T.M.D.P. TENNAKOON
FORSINVESTMENT,Fors Investment (Private) Limited,company,,4,105193081.8,130397643.42646304,0,0,0,DIALOG FINANCE PLC/FORS INVESTMENT (PRIVATE) LIMITED | Dialog Finance PLC/Fors Investment (Private) Limited | Dialog Finance Plc/Fors Investment (Private) Limited
LRYWAIDYARATNE,Mr. L.R.Y. Waidyaratne,individual,,2,105153000,148170436.11734083,0,0,0,Mr. L.R.Y. Waidyaratne | MR. L.R.Y. WAIDYARATNE
RBTHAMBIAYAHINDIVIDUALNIL3YUSUFHUSSEINALLYABDULHUSSEIN,Mr R.B.Thambiayah - Individual NIL 3 Mr.Yusuf Husseinally Abdulhussein,individual,,1,105065070.5,105065070.5,0,0,0,Mr R.B.Thambiayah - Individual NIL 3 Mr.Yusuf Husseinally Abdulhussein
ANUSHMANRAJARATNAM,Anushman Rajaratnam,individual,,3,104460887,168498153.6618234,0,0,0,Hatton National Bank PLC / Anushman Rajaratnam | Hatton National Bank PLC/Anushman Rajaratnam | HATTON NATIONAL BANK PLC/ANUSHMAN RAJARATNAM | MR. ANUSHMAN RAJARATNAM
MESKPHONGDECEASED,MES K.P. HONG,individual,,1,104025075.00000001,104025075.00000001,0,0,0,MES K.P. HONG (DECEASED)
RERAMBUKWELLE,Mr. R.E. Rambukwelle,individual,,10,103883240,113565803.16139536,0,0,0,Mr. R.E. Rambukwelle | Mr R.E.Rambukwelle | Mr.R.E.Rambukwelle
HKDASSANAYAKE,MR. H.K. DASSANAYAKE,individual,,1,103251900.41337804,113382570.94491526,0,0,0,PEOPLE'S LEASING & FINANCE PLC/MR. H.K. DASSANAYAKE
WDNHPERERA,W.D.N.H.PERERA,individual,,3,103054296.30000001,103054296.30000001,0,0,0,SEYLAN BANK PLC/W.D.N.H.PERERA
AETUDAWEDO,Mr. A. E. Tudawe do,individual,,1,102866612,102866612,0,0,0,Mr. A. E. Tudawe do
JOINTWITHNACTHAMBIAYAHSRTHAMBIAYAH64524RUKAIYAHUSSEINALLYABDULHUSSEIN,"Joint with Mrs.N.A.C. Thambiayah/Ms.S.R.Thambiayah 6,452 4 Miss. Rukaiya Husseinally Abdulhussein",joint,,1,102621067.99999999,102621067.99999999,0,0,0,"- Joint with Mrs.N.A.C. Thambiayah/Ms.S.R.Thambiayah 6,452 4 Miss. Rukaiya Husseinally Abdulhussein"
VERITASHOLDINGS,VERITAS HOLDINGS (PVT) LTD,company,,1,102620480,102620480,0,0,0,VERITAS HOLDINGS (PVT) LTD
BANSEIHOLDINGSCO,BANSEI HOLDINGS CO. LTD,company,,1,102620480,102620480,0,0,0,BANSEI HOLDINGS CO. LTD
HDADPERERA,Mr. H.D.A.D. Perera,individual,,2,102438677.5,103020662.26291214,0,0,0,Mr. H.D.A.D. Perera | Mr. H.D.A.D.Perera
SUGATHWEERARATNE,MR. SUGATH WEERARATNE,individual,,1,102209969.29945338,102209969.29945338,0,0,0,MR. SUGATH WEERARATNE
NMDESILVA,Mrs. N.M. De Silva,individual,,1,102128002.5,102128002.5,0,0,0,Mrs. N.M. De Silva
SAMENASPECIALSITUATIONSFUNDIILP,Samena Special Situations Fund II L.P.,institution,,1,102000000.00000001,469909121.68340755,0,0,0,Samena Special Situations Fund II L.P.
MJFERNANDO,MR. M.J. FERNANDO,individual,,3,101624989.5,101859886.19214696,0,0,0,MR. M.J. FERNANDO | Mr. M.J.Fernando | Mr. M J Fernando
JACEYTRUSTSERVICES,JACEY TRUST SERVICES (PRIVATE)LIMITED,company,,2,101582550,235814036.39845034,0,0,0,JACEY TRUST SERVICES (PRIVATE)LIMITED-ACCOUNT NO 01 | Jacey Trust Services (Private) Limited - Account No.01
BARDISSANAYAKE,B.A.R.DISSANAYAKE,individual,,1,101335499.45018183,101335499.45018183,0,0,0,LOLC FINANCE PLC/B.A.R.DISSANAYAKE
GLOBALSTANFORDCAMPUS,Global Stanford Campus ( Pvt ) Ltd,company,,5,100817364.10000001,102218295.0014529,0,0,0,Global Stanford Campus (Pvt) Ltd | Global Stanford Campus Private Limited | Global Stanford Campus ( Pvt ) Ltd
NAWALAGETHERESEMANOURISHIROMALCOORAY,MISS NAWALAGE THERESE MANOURI SHIROMAL COORAY,individual,,2,100594933.5,101608123.26165755,0,0,0,MISS NAWALAGE THERESE MANOURI SHIROMAL COORAY
AJTHISSERA,Mr. A. J. Thissera,individual,,1,100213300,100213300,0,0,0,Mr. A. J. Thissera
CMDISSANAYAKE,C.M.DISSANAYAKE,individual,,2,100139409.93473428,100139409.93473428,0,0,0,PEOPLE S LEASING AND FINANCE PLC/C.M.DISSANAYAKE | People's Leasing and Finance PLC/C.M. Dissanayake
PPRANAVAN,MR.P.PRANAVAN,individual,,5,100116673.8733101,128998851.2457119,0,0,0,DFCC BANK PLC/MR.P.PRANAVAN | DFCC Bank PLC/ Mr. P. Pranavan | DFCC Bank / P. Pranavan | DFCC Bank PLC /Mr.P.Pranavan
WEGAPITIYAKATTADIYALAGEHEMACHANDRAWEGAPITIYA,Wegapitiya Kattadiyalage Hemachandra Wegapitiya,individual,,1,99667500,256215746.75740594,0,0,0,First Capital Asset Management / Wegapitiya Kattadiyalage Hemachandra Wegapitiya
LANSAKARAJAYASUNDARAMUDIYANSELAGEABEYRATNEJAYASUNDARAANDRRJAYASUNDARA,MR. LANSAKARA JAYASUNDARA MUDIYANSELAGE ABEYRATNE JAYASUNDARA & MRS. R.R. JAYASUNDARA,joint,,1,99660000,99660000,0,0,0,MR. LANSAKARA JAYASUNDARA MUDIYANSELAGE ABEYRATNE JAYASUNDARA & MRS. R.R. JAYASUNDARA
DUBAIBANK,DUBAI BANK LTD.,company,,1,99377733,99377733,0,0,0,DUBAI BANK LTD.
CORPORATEHOLDINGSHERMESUAELLC,Corporate Holdings (Private) Limited HERMES UAE L.L.C,company,,1,99300688,99300688,0,0,0,Corporate Holdings (Private) Limited A/C No.01 HERMES UAE L.L.C
SPNKODITUWAKKU,Mr. S.P.N. Kodituwakku,individual,,1,99206174.4,99206174.4,0,0,0,Mr. S.P.N. Kodituwakku
PWIJAYAPRAMESHANDDRAMESH,"Mrs. P. Wijaya, Mr. P. Ramesh and Mrs. D. Ramesh",joint,,1,98991468.75,98991468.75,0,0,0,"Mrs. P. Wijaya, Mr. P. Ramesh and Mrs. D. Ramesh"
CEYLONCAPITALMANAGEMENT,Ceylon Capital Management ( Pvt) Ltd,company,,2,98852522.77367157,105389970.50940457,0,0,0,Assetline Finance Limited/ Ceylon Capital Management ( Pvt) Ltd | ASSETLINE FINANCE PLC/CEYLON CAPITAL MANAGEMENT (PVT) LTD
IMKOTIGALA,I.M.KOTIGALA,individual,,1,98347767.39038402,107997263.67040743,0,0,0,SEYLAN BANK PLC/I.M.KOTIGALA
DDPTPERERA,Ms.D.D.P.T. Perera,individual,,1,98228642,99807243.28874207,0,0,0,Ms.D.D.P.T. Perera
SMHEMACHANDRA,MR. S.M. HEMACHANDRA,individual,,1,98175000,98175000,0,0,0,MR. S.M. HEMACHANDRA
LISTED:MBSL,MERCHANT BANK OF SRI LANKA & FINANCE PLC,listed,MBSL,8,98149298.4,0,0,0,0,Merchant Bank Of Sri Lanka & Finance PLC 01 | Merchant Bank of Sri Lanka & Finance PLC | MERCHANT BANK OF SRI LANKA & FINANCE PLC 01 | Merchant Bank of Sri Lanka & Finance PLC/ | Merchant Bank Of Sri Lanka & Finance Plc 01
NAWALAGEJOSEPHHIRANMAHINDACOORAY,MR. NAWALAGE JOSEPH HIRAN MAHINDA COORAY,individual,,2,98013193.5,99027505.03511944,0,0,0,MR. NAWALAGE JOSEPH HIRAN MAHINDA COORAY
PNADARASA,Ms. P. Nadarasa,individual,,1,97299072,108288840.27544144,0,0,0,Ms. P. Nadarasa
TRIPTISHIRLENEMATHEWS,Ms. Tripti Shirlene Mathews,individual,,1,97000000,249358391.00477463,0,0,0,Ms. Tripti Shirlene Mathews
ANIKAJERUSHASCHAFFTER,Ms. Anika Jerusha Schaffter,individual,,1,97000000,249358391.00477463,0,0,0,Ms. Anika Jerusha Schaffter
ASHWINJESHURANCHANDRASCHAFFTER,Mr. Ashwin Jeshuran Chandra Schaffter,individual,,1,97000000,249358391.00477463,0,0,0,Mr. Ashwin Jeshuran Chandra Schaffter
AAKASHLUKESCHAFFTER,Mr. Aakash Luke Schaffter,individual,,1,97000000,249358391.00477463,0,0,0,Mr. Aakash Luke Schaffter
CUTHBERTTEHANANANDSCHAFFTER,Mr. Cuthbert Tehan Anand Schaffter,individual,,1,97000000,249358391.00477463,0,0,0,Mr. Cuthbert Tehan Anand Schaffter
SASHIADELESCHAFFTER,Ms. Sashi Adele Schaffter,individual,,1,97000000,249358391.00477463,0,0,0,Ms. Sashi Adele Schaffter
SARITADAVINASCHAFFTER,Ms. Sarita Davina Schaffter,individual,,1,97000000,249358391.00477463,0,0,0,Ms. Sarita Davina Schaffter
SUNRICHCONFECTIONERY,Sunrich Confectionery (Pvt) Ltd,company,,1,97000000,249358391.00477463,0,0,0,Sunrich Confectionery (Pvt) Ltd
ESTOFLATJEDECOSTA,EST OF LATJ.E.DE COSTA,estate,,1,96996405,113331722.0480206,0,0,0,EST OF LATJ.E.DE COSTA
GVMCFERNANDO,MR. G.V.M.C. FERNANDO,individual,,1,96855520,96855520,0,0,0,MR. G.V.M.C. FERNANDO
SSELLIAH,Dr. S. Selliah,individual,,1,95875852.50000001,95875852.50000001,0,0,0,Dr. S. Selliah
SISILINVESTMENTSHOLDINGS,Sisil Investments Holdings ( Pvt) Ltd,company,,1,94957850.6,101561914.27441534,0,0,0,Sisil Investments Holdings ( Pvt) Ltd
PREMPRACAPITAL,PREMPRA CAPITAL (PVT) LTD,company,,6,94955420,94955420,0,0,0,COMMERCIAL BANK OF CEYLON PLC/ PREMPRA CAPITAL (PVT) LTD | Senkadagala Finace PLC/ Prempra Capital (Pvt) Ltd | Commercial Bank Of Ceylon PLC/ Prempra Capital (Private) Limited | Senkadagala Finance PLC/Prempra Capital (PVT) LTD | Commercial Bank Of Ceylon Plc/ Prempra Capital (Pvt) Ltd
ASRATNAYAKE,MR. A.S. RATNAYAKE,individual,,2,94327547.75,94327547.75,0,0,0,MR. A.S. RATNAYAKE | Mr. A. S. Ratnayake
SCKWKMRNKUMUDUKUMARIBANDARA,Mrs.S.C.K.W.K.M.R.N Kumudu Kumari Bandara,individual,,1,94000000,100537447.735733,0,0,0,Mrs.S.C.K.W.K.M.R.N Kumudu Kumari Bandara
MNSLAXANA,Mr. M. N. S. Laxana,individual,,1,93910266.75,93910266.75,0,0,0,Mr. M. N. S. Laxana
ESTATEOFLATEKCVIGNARAJAH,ESTATE OF LATE MR. K.C. VIGNARAJAH,estate,,3,93512775.1,126972073.21063468,0,0,0,ESTATE OF LATE MR. K.C. VIGNARAJAH | Estate of Late Mr. K. C. Vignarajah | Estate of late K.C.Vignarajah
EDIRIYA,EDIRIYA (PVT) LTD,company,,1,93500856,309297777.85344946,0,0,0,SEYLAN BANK PLC /EDIRIYA (PVT) LTD
SOMADASAPALIHAWADANA,MR. SOMADASA PALIHAWADANA,individual,,1,93498867.2,250903083.42075488,0,0,0,MR. SOMADASA PALIHAWADANA
JSRANATHUNGA,MR. J.S. RANATHUNGA,individual,,1,92503333.22326131,101579396.6003228,0,0,0,MR. J.S. RANATHUNGA
MAYURAMANADEWOLAGE,Dr. Mayuramana Dewolage,individual,,2,92257623.3,92257623.3,0,0,0,Sampath Bank PLC / Dr. Mayuramana Dewolage | Sampath Bank PLC/Dr.Mayuramana Dewolage
ESTOFLATEKCVIGNARAJAH,Est.of Late K.C. Vignarajah,estate,,3,92241449.79289362,121268756.77572691,0,0,0,Est.of Late K.C. Vignarajah | Est. of Late K.C. Vignarajah | Est.Of Late K.C. Vignarajah
JDPIERIS,Mr. J.D. Pieris,individual,,1,92214386.28056261,92381085.80330053,0,0,0,Mr. J.D. Pieris
UISURIYABANDARA,Mr. U.I. Suriyabandara,individual,,7,92153432.48963037,111187032.78919642,0,0,0,Mr. U.I. Suriyabandara | MR.U.I.SURIYABANDARA | Mr.U.I.Suriyabandara | U I Suriyabandara
ACSENANAYAKE,A C Senanayake,individual,,1,91525803,91525803,0,0,0,Seylan Bank PLC / A C Senanayake
HBERUWALAGE,Mr. H. Beruwalage,individual,,4,91502484.89999999,91502484.89999999,0,0,0,Mr. H. Beruwalage | Mr. H.Beruwalage
MADANAYAKEHAS,Madanayake H.A.S.,individual,,2,91195610,91195610,0,0,0,Madanayake H.A.S. | Madanayake H. A. S.
APJAYASINGHE,A. P. Jayasinghe,individual,,3,91147524,105899915.8350823,0,0,0,Seylan Bank PLC/A. P. Jayasinghe | SEYLAN BANK PLC/A.P.JAYASINGHE | Seylan Bank PLC /A.P Jayasinghe
ARUNASALAMRAGUPATHY,Mr. Arunasalam Ragupathy,individual,,1,91001864,91001864,0,0,0,Mr. Arunasalam Ragupathy
NSAHAMEDANDKASHIFFER,Mr. N.S. Ahamed & Mrs. K.A.Shiffer,joint,,2,90963454.70000002,90963454.70000002,0,0,0,Mr. N.S. Ahamed & Mrs. K.A.Shiffer | MR. N S AHAMED & MRS. K A SHIFFER
DNWIJEWARDANE,MR.D.N.Wijewardane,individual,,1,90280748.25,90280748.25,0,0,0,MR.D.N.Wijewardane
WMDPRASHANTHI,MRS. W.M.D. PRASHANTHI,individual,,1,90198461.90812783,90198461.90812783,0,0,0,MRS. W.M.D. PRASHANTHI
NO02,NO.02,company,,1,89955492.2,89955492.2,0,0,0,DFCC BANK PLC A/C/ NO.02
MOHAMEDMACKYHASHIM,MR. MOHAMED MACKY HASHIM,individual,,1,89493533.01196288,89493533.01196288,0,0,0,MR. MOHAMED MACKY HASHIM
LISTED:SIGV,SIGIRIYA VILLAGE HOTELS PLC,listed,SIGV,2,89344789,0,0,0,0,SIGIRIYA VILLAGE HOTELS PLC
INDRATRADERS,Indra Traders (Pvt) Ltd,company,,1,89000000,93417796.20312199,0,0,0,Indra Traders (Pvt) Ltd
RHYASEEN,MR. R.H. YASEEN,individual,,2,88800000,134709392.4491733,0,0,0,MR. R.H. YASEEN | Mr. R. H. Yaseen
YHNG,MR. Y.H. NG,individual,,1,88704000.00000001,88704000.00000001,0,0,0,MR. Y.H. NG
MUSHTAQMOHAMEDFUAD,Mushtaq Mohamed Fuad,individual,,6,88463027.28868715,127471767.09289779,0,0,0,Hatton National Bank PLC/Mushtaq Mohamed Fuad | HATTON NATIONAL BANK PLC/MUSHTAQ MOHAMED FUAD | Hatton National Bank PLC / Mushtaq Mohamed Fuad
NAIKALUGERUVANIHEMAMALADESILVA,MISS NAI KALUGE RUVANI HEMAMALA DE SILVA,individual,,1,88394927.39999999,98151271.70492767,0,0,0,MISS NAI KALUGE RUVANI HEMAMALA DE SILVA
PALLEMULLEPAHALAGEDARANILANTHIPRIYADARSHANI,MRS. PALLE MULLE PAHALA GEDARA NILANTHI PRIYADARSHANI,individual,,1,88129982.11330424,88129982.11330424,0,0,0,MRS. PALLE MULLE PAHALA GEDARA NILANTHI PRIYADARSHANI
AHMATHEW,MISS. A.H. MATHEW,individual,,1,87709974,87709974,0,0,0,MISS. A.H. MATHEW
MMROCHE,MR. M.M. ROCHE,individual,,1,87708951,87708951,0,0,0,MR. M.M. ROCHE
SARATHCHANDRAWEERASOORIYA,Mr. Sarath Chandra Weerasooriya,individual,,1,87519158,87519158,0,0,0,Mr. Sarath Chandra Weerasooriya
DEUTSCHEBANKAGSINGAPOREDCSCLTACCFORDEUTSCHEBANKAGSINGAPORE,DEUTSCHE BANK AG SINGAPORE (DCS CLT ACC FOR DEUTSCHE BANK AG SINGAPORE,company,,1,87496762.91392715,87496762.91392715,0,0,0,DEUTSCHE BANK AG SINGAPORE A/C 2 (DCS CLT ACC FOR DEUTSCHE BANK AG SINGAPORE-
FRBUHARDEEN,Mrs. F.R. Buhardeen,individual,,4,87322393.62249878,108662218.47934775,0,0,0,Mrs. F.R. Buhardeen | MRS. F. R. BUHARDEEN | MRS. F.R. BUHARDEEN
JKDJAYATILLAKEAND,J. K. D. Jayatillake and,individual,,1,87020522.25,87020522.25,0,0,0,Citizens Development Business Finance PLC / J. K. D. Jayatillake and
UDTUDAWEDO,Mr. U. D. Tudawe do,individual,,1,87012938,87012938,0,0,0,Mr. U. D. Tudawe do
PRAMESH,Mr. P. Ramesh,individual,,1,86800000,131443499.11856553,0,0,0,Mr. P. Ramesh
JTRATNANATHER,Mr. J T Ratnanather,individual,,2,86663385,86663385,0,0,0,Mr. J T Ratnanather | Mr.J.T Ratnanather
NHVPERERA,N H V Perera,individual,,4,86655099.1,105669433.49356729,0,0,0,N H V Perera | Mr. N H V Perera
LANKEMTEAANDRUBBERPLANTATIONS,LANKEM TEA & RUBBER PLANTATIONS (PVT) LIMITED,company,,2,86616785.19999999,86616785.19999999,0,0,0,LANKEM TEA & RUBBER PLANTATIONS (PVT) LIMITED
ASHYAKIHOLDINGS,ASHYAKI HOLDINGS (PVT) LTD,company,,2,86288486,125649994.33393146,0,0,0,ASHYAKI HOLDINGS (PVT) LTD | Ashyaki Holdings (Pvt) Ltd
GAUTAMRAHUL16,MR. GAUTAM RAHUL 16,company,,1,86251200,86251200,0,0,0,MR. GAUTAM RAHUL 16
EMILEJOSEPHGUNESEKERAANDMICH,Emile Joseph Gunesekera & Mich,joint,,1,86135000,86135000,0,0,0,Seylan Bank Plc/Emile Joseph Gunesekera & Mich
SAGULAMHUSEIN,S.A.Gulamhusein,individual,,1,86100803.75,222924229.42011362,0,0,0,Commercial Bank Of Ceylon PLC/S.A.Gulamhusein
ESSAJEECARIMJEEINSURANCEBROKERS,ESSAJEE CARIMJEE INSURANCE BROKERS (PVT) LTD,company,,1,86100000,94547793.49603464,0,0,0,ESSAJEE CARIMJEE INSURANCE BROKERS (PVT) LTD
CARGOBOATINVESTMENTCODO,The Cargo Boat Investment Company Limited do,company,,1,85880000,85880000,0,0,0,The Cargo Boat Investment Company Limited do
JMACNCWICKREMASINGHE,Mr. J.M.A.C.N.C. Wickremasinghe,individual,,1,85513222.5,85513222.5,0,0,0,Mr. J.M.A.C.N.C. Wickremasinghe
TTTALNAKIBDECEASED,Mr. T.T.T. Al-Nakib,individual,,1,85124997.66353312,85124997.66353312,0,0,0,Mr. T.T.T. Al-Nakib (Deceased)
AGDHARMADASA,Miss. A.G. Dharmadasa,individual,,1,84742476,84742476,0,0,0,Miss. A.G. Dharmadasa | Mr. A.G. Dharmadasa
ABEYSIRIHEMAPALAMUNASINGHEANDARRMUNASINGHE,MR. ABEYSIRI HEMAPALA MUNASINGHE & MR. A.R.R. MUNASINGHE,joint,,1,84712601.99999999,94062519.87863953,0,0,0,MR. ABEYSIRI HEMAPALA MUNASINGHE & MR. A.R.R. MUNASINGHE
ALFDEMEL,MR. A.L.F. DE MEL,individual,,2,84361293.14179923,84361293.14179923,0,0,0,MR. A.L.F. DE MEL
WELAGEDARAMUDIYANSELAGESWARNAMALIWELAGEDARA,Dr.Welagedara Mudiyanselage Swarnamali Welagedara,individual,,1,84037500,98902330.1955734,0,0,0,Dr.Welagedara Mudiyanselage Swarnamali Welagedara
OVERLANDAUTOMOBILES,Over Land Automobiles (Pvt) Ltd,company,,1,83950000,83950000,0,0,0,Over Land Automobiles (Pvt) Ltd
GSNPERIS,Mr. G.S.N. Peris,individual,,1,83342100,83342100,0,0,0,Hatton National Bank PLC / Mr. G.S.N. Peris
STAFFORDINTERNATIONALSCHOOLS,Stafford International Schools (Pvt) Ltd,company,,1,83283483,83283483,0,0,0,Stafford International Schools (Pvt) Ltd
AADNSARATNAYEKE,Mrs A.A.D.N.S.A. Ratnayeke,individual,,1,82965157.5,82965157.5,0,0,0,Mrs A.A.D.N.S.A. Ratnayeke
WJINADASASRILANKA,W.J inadasa Sri l-anka,individual,,1,82760788.8,82760788.8,0,0,0,DICC Banlc PLC/W.J inadasa Sri l-anka
CLEANTECH,CLEANTECH PVT LTD,company,,1,81264051,81264051,0,0,0,CLEANTECH PVT LTD
MOHAMEDIMTIZAMABDULHAMEED,MR. MOHAMED IMTIZAM ABDUL HAMEED,individual,,1,80908422.42040828,80908422.42040828,0,0,0,MR. MOHAMED IMTIZAM ABDUL HAMEED
MZMOHAMEDGHOUSE,MR. M.Z. MOHAMED GHOUSE,individual,,1,80850000.00000001,80850000.00000001,0,0,0,AMANA BANK PLC/MR. M.Z. MOHAMED GHOUSE
SANDWAVE,SANDWAVE LIMITED,company,,3,80711641.4522161,101354053.70507023,0,0,0,Sandwave Limited | SANDWAVE LIMITED
NSAMARASURIYA,Mr. N Samarasuriya,individual,,2,80597416.45575786,312395958.68126214,0,0,0,Mr. N Samarasuriya | Mr. N. Samarasuriya
SPKHATTAR,Mr.S.P Khattar,individual,,1,80557015,117547374.11838713,0,0,0,Mr.S.P Khattar
AIAHOLDINGSLANKA,AIA Holdings Lanka (Private) Limited,company,,1,80300000,80300000,0,0,0,AIA Holdings Lanka (Private) Limited
AINDRIHOLDINGSPTE,Aindri Holdings PTE Limited,company,,1,80300000,80300000,0,0,0,Aindri Holdings PTE Limited
BSRIKUMAR,MR. B. SRIKUMAR,individual,,1,80000000,80000000,0,0,0,MR. B. SRIKUMAR
SMJAYASOORIYA,Mr. S.M. Jayasooriya,individual,,1,79975497.6,79975497.6,0,0,0,Mr. S.M. Jayasooriya
FAZLURRAHMANMUZAMMIL,MR. FAZLUR RAHMAN MUZAMMIL,individual,,2,79956003.1,203892248.61015177,0,0,0,MR. FAZLUR RAHMAN MUZAMMIL | Mr. Fazlur Rahman Muzammil
CENTURYGROWTHFUND,CENTURY GROWTH FUND,institution,,1,79915215,79915215,0,0,0,BANK OF CEYLON ACCOUNT CEYBANK - CENTURY GROWTH FUND
CWIJESINGHE,MR C. WIJESINGHE,individual,,1,79344000,79344000,0,0,0,MR C. WIJESINGHE
PDISSANAYAKE,MRS P. DISSANAYAKE,individual,,1,79344000,79344000,0,0,0,MRS P. DISSANAYAKE
CARGOBOATDEVELOPMENTCODO,Cargo Boat Development Company PLC do,company,,1,79088135,79088134.99999999,0,0,0,Cargo Boat Development Company PLC do
SIBANGAMUARACHCHI,Dr. S. I. Bangamuarachchi,individual,,1,78782067,119301734.49623583,0,0,0,Dr. S. I. Bangamuarachchi
GHSKUMARA,Mr. G.H.S. Kumara,individual,,4,78685703.6,85581343.00979671,0,0,0,Mr. G.H.S. Kumara | MR. G.H.S. KUMARA
SATHIENDRARANJANANMATHER,MR. SATHIENDRA RANJANAN MATHER,individual,,1,78412516.92286356,78412516.92286356,0,0,0,MR. SATHIENDRA RANJANAN MATHER
ASFERNANDO,Mrs. A.S.Fernando,individual,,2,78395594,79477954.59008317,0,0,0,Mrs. A.S.Fernando | Mr. A.S. Fernando
ALPEXMARINE,Alpex Marine (Pvt) Ltd,company,,2,77924408,77924408,0,0,0,Alpex Marine (Pvt) Ltd | Alpex Marine (Private) Limited
COREAE,Corea E.,individual,,1,77885360,77885360,0,0,0,Corea E.
VARAJAPAKSA,Ms.V.A.Rajapaksa,individual,,1,77010000,77010000,0,0,0,Ms.V.A.Rajapaksa
ESKALBIAN,MRS. E.S. KALBIAN,individual,,1,76697280,118903895.87588736,0,0,0,MRS. E.S. KALBIAN
AAMDHARMADASA,DR. A.A.M. DHARMADASA,individual,,10,76573686.35173203,77922111.60555032,0,0,0,Dr. A.A.M. Dharmadasa | DR. A.A.M. DHARMADASA | Dr A.A.M.Dharmadasa | DR. A A M DHARMADASA | Dr A.A.M. Dharmadasa
MYROOMCO,MY ROOM CO.LTD,company,,1,76032000,76032000,0,0,0,MY ROOM CO.LTD
MMSDAWOOD,Mr. M.M.S. Dawood,individual,,1,76024500.7027129,83139935.53782953,0,0,0,Mr. M.M.S. Dawood
BCHMENDIS,Mr. B.C.H. Mendis,individual,,1,75480000,88907337.4901092,0,0,0,Mr. B.C.H. Mendis
LHSLSILVA,Mr. L.H.S.L. Silva,individual,,2,75053997,104402408.9382909,0,0,0,Mr. L.H.S.L. Silva
WAJSKUMARA,Mr. W.A.J.S. Kumara,individual,,1,75000000,75000000,0,0,0,Mr. W.A.J.S. Kumara
MUTIARAHOLDINGS,Mutiara Holdings (Private) Ltd,company,,2,75000000,75000000,0,0,0,Mutiara Holdings (Private) Ltd
MANOHARIMINAMBACHISELLAMUTTU,Mrs. Manohari Minambachi Sellamuttu,individual,,1,74618700,189736089.96457016,0,0,0,Mrs. Manohari Minambachi Sellamuttu
SDKFERNANDO,Mr. S.D.K Fernando,individual,,2,74439256.5,105291203.45273921,0,0,0,Mr. S.D.K Fernando | Mr. S.D.K. Fernando
MOHAMEDFAIZERHASHIM,Mr.Mohamed Faizer Hashim,individual,,2,74230284,83422959.25659052,0,0,0,Mr.Mohamed Faizer Hashim | MR. MOHAMED FAIZER HASHIM
YKDNG,MR. Y.K.D. NG,individual,,1,74178720,74178720,0,0,0,MR. Y.K.D. NG
DDGUNARATNE,MR. D.D. GUNARATNE,individual,,3,73726448,73726448,0,0,0,MR. D.D. GUNARATNE | Mr. D.D. Gunaratne
HNESUFALLYANDSRAESUFALLY,MR. H.N. ESUFALLY & MRS. S.R.A.ESUFALLY,joint,,1,73576462.2,126334812.93821436,0,0,0,MR. H.N. ESUFALLY & MRS. S.R.A.ESUFALLY
HANIFYUSOOF17,MR. HANIF YUSOOF 17,company,,1,73250000,73250000,0,0,0,MR. HANIF YUSOOF 17
GWICKRAMASINGHE,Mr. G. Wickramasinghe,individual,,1,72827531.03787687,72827531.03787687,0,0,0,Mr. G. Wickramasinghe
CICAGRIBUSINESSES,CIC Agri Businesses (Private) Limited,company,,1,72378280.35521266,215005615.1242141,0,0,0,CIC Agri Businesses (Private) Limited
OSMANKASSIMKKASSIMAOKASSIM,MR.OSMAN KASSIM / MRS. K. KASSIM / MR. A. O. KASSIM,joint,,2,72214383.6,74976163.39813714,0,0,0,MR.OSMAN KASSIM / MRS. K. KASSIM / MR. A. O. KASSIM | Mr. Osman Kassim/ Ms. K. Kassim / Mr. A. O. Kassim
ZAIGALADARI,Z.A.I. GALADARI,individual,,1,72103500,72103500,0,0,0,Z.A.I. GALADARI
SALWAAIGALADARI,SALWA A.I. GALADARI,individual,,1,72103500,72103500,0,0,0,SALWA A.I. GALADARI
JADEMEL,MRS. J.A. DE MEL,individual,,1,72070831.89853372,72070831.89853372,0,0,0,MRS. J.A. DE MEL
AMINDURUWAGE,Mr. A.M.Induruwage,individual,,1,72068449.5,72068449.5,0,0,0,Peoples Leasing & Finance PLC/Mr. A.M.Induruwage
SENDANAYAKEARACHCHIGESURANGAPRASATHPERERA,Sendanayake - - Arachchige Suranga Prasath Perera,company,,1,71668127.2,71668127.2,0,0,0,Hatton National Bank PLC/Sendanayake - - Arachchige Suranga Prasath Perera
JPPAULVBANDARANAYAKEIBANDARANAYAKE,MR. J.P. Paul (Mrs.) V. Bandaranayake Miss. I. Bandaranayake,individual,,1,71643793.60000001,71643793.60000001,0,0,0,MR. J.P. Paul (Mrs.) V. Bandaranayake Miss. I. Bandaranayake
EFGHERMESUAELLC,EFG Hermes UAE L.L.C,individual,,1,71621890.8,71621890.8,0,0,0,Standard Chartered Bank DIFC Branch S/A EFG Hermes UAE L.L.C
EMPLOYEETRUSTFUNDBOARD,Employee Trust Fund Board,institution,,2,71464801,78507892.49526265,0,0,0,Employee Trust Fund Board
LISTED:PLC,PEOPLE'S LEASING & FINANCE PLC,listed,PLC,2,70569976.51689777,0,0,0,0,Peoples Leasing and Finance | People'S Leasing & Finance Plc
JAYASURIYATOTAGEVIJITHASANJIVAWEERAWARANA,DR. JAYASURIYA TOTAGE VIJITHA SANJIVA WEERAWARANA,individual,,1,70491199.8,121037248.51999329,0,0,0,LYNEAR WEALTH MANAGEMENT/DR. JAYASURIYA TOTAGE VIJITHA SANJIVA WEERAWARANA
HEWAKOMANAGEJAYANTHADHARMADASA,Mr. Hewa Komanage Jayantha Dharmadasa,individual,,1,70383585,82833265.67327927,0,0,0,Mr. Hewa Komanage Jayantha Dharmadasa
RELIEFHOLDINGS,RELIEF HOLDINGS (PVT) LTD,company,,1,69991200,69991200,0,0,0,RELIEF HOLDINGS (PVT) LTD
NPWDELGODA,N.P.W.DELGODA,individual,,3,69763609.4,69763609.4,0,0,0,ASSETLINE FINANCE PLC/N.P.W.DELGODA | SENKADAGALA FINANCE PLC/N.P.W.DELGODA
LJMCCJAYASUNDARA,Mr.L.J.M.C.C.Jayasundara,individual,,1,69622068.3,69622068.3,0,0,0,Mr.L.J.M.C.C.Jayasundara
CAPSTONEREALESTATE,Capstone Real Estate (Private) Limited,company,,1,69555823.5,69555823.5,0,0,0,Capstone Real Estate (Private) Limited
ARPICOATARAXIAEQUITYINCOMEFUND,ARPICO ATARAXIA EQUITY INCOME FUND,institution,,2,69525922.7,158961155.36991727,0,0,0,HATTON NATIONAL BANK PLC-ARPICO ATARAXIA EQUITY INCOME FUND
DUNAGAHACOCONUTPRODUCERSCOOPSOCIETY,Dunagaha Coconut Producers Co-op Society Ltd,company,,1,69354135,69354135,0,0,0,Dunagaha Coconut Producers Co-op Society Ltd
JOINTWITHNACTHAMBIAYAHALTHAMBIAYAH64525RAVINDRAAMARASINGHE,"Joint with Mrs.N.A.C. Thambiayah/Ms.A.L.Thambiayah 6,452 5 Mr. Ravindra Amarasinghe",joint,,1,69015500,69015500,0,0,0,"- Joint with Mrs.N.A.C. Thambiayah/Ms.A.L.Thambiayah 6,452 5 Mr. Ravindra Amarasinghe"
BUDRIKATARUSHADESWEERASOORIA,MR. BUDRIKA TARUSHA DE S WEERASOORIA,individual,,2,68721285.2,68721285.2,0,0,0,MR. BUDRIKA TARUSHA DE S WEERASOORIA | Mr. Budrika Tarusha De S Weerasooria
NGUNATILLEKEANDNGUNATILLEKE,Mrs. N. Gunatilleke and Ms.N.Gunatilleke,joint,,2,68701768,129428997.87774427,0,0,0,Mrs. N. Gunatilleke and Ms.N.Gunatilleke | MRS. N. GUNATILLEKE & MS. N.GUNATILLEKE
ADRAYEN,A.D Rayen,individual,,2,68685993,97693427.02681583,0,0,0,Senkadagala Finance PLC/A.D Rayen | Senkadagala Finance PLC/ A.D.Rayen
WIJEKOONMUDIYANSELAGESRIYANANDA,WIJEKOON MUDIYANSELAGE SRIYANANDA,individual,,1,68662482,227133247.89777833,0,0,0,WIJEKOON MUDIYANSELAGE SRIYANANDA
SNCWMBCKANDEGEDARA,MR. S.N.C.W.M.B.C. KANDEGEDARA,individual,,7,68434310.98044375,71470140.08088186,0,0,0,MR. S.N.C.W.M.B.C. KANDEGEDARA | S.N.C.W.M.B.C.Kandegedara | Mr. S.N.C.W.M.B.C.Kandegedara | MR.S.N.C.W.M.B.C. KANDEGEDARA | Mr. S.N.C.W.M.B.C. Kandegedara
DEVIHOLDING,Devi Holding (Pvt) Ltd,company,,2,67993274.89396363,76612173.95856076,0,0,0,Devi Holding (Pvt) Ltd | DEVI HOLDING (PVT) LTD
AMRITHRAJARATNAM,Mr. Amrith Rajaratnam,individual,,2,67989757,144959976.3919637,0,0,0,Mr. Amrith Rajaratnam
SITHAMPALAMDURGA,Sithampalam Durga,individual,,2,67975930,67975930,0,0,0,Sithampalam Durga | Miss. Sithampalam Durga
KGUNARATNAMDECD,Mr. K. Gunaratnam (Decd.),individual,,1,67960400,67960400,0,0,0,Mr. K. Gunaratnam (Decd.)
MELBOURNEROLLINGMILL,Melbourne Rolling Mill Private Limited,company,,1,67875778.88698076,67875778.88698076,0,0,0,Melbourne Rolling Mill Private Limited
TRUSTHOLDINGSANDINVESTMENTS,Trust Holdings & Investments (Pvt) Ltd,company,,3,66678292,151359554.6065685,0,0,0,Trust Holdings & Investments (Pvt) Ltd | Trust Holdings & Investments (Pvt) Limited
ESTOFLATEMJFERNANDODO,Est. of Late M. J. Fernando do,estate,,1,66189749.99999999,66189749.99999999,0,0,0,Est. of Late M. J. Fernando do
BETAHOLDINGS,Beta Holdings Limited,company,,1,65879040.00000001,65879040.00000001,0,0,0,Beta Holdings Limited
HEMTOURS,Hemtours (Private) Limited,company,,1,65808958.3,65808958.3,0,0,0,Hemtours (Private) Limited
SILVERMILLHOLDINGS,Silvermill Holdings Ltd,company,,1,65517830.00000001,65517830.00000001,0,0,0,Silvermill Holdings Ltd
JBJHOLDINGS,JBJ HOLDINGS,company,,1,65201895,65201895,0,0,0,JBJ HOLDINGS
MJFHOLDINGSDO,MJF Holdings (Pvt) Ltd do,company,,1,65069241.99999999,65069241.99999999,0,0,0,MJF Holdings (Pvt) Ltd do
MSAHUSSNY,MR. M.S.A. HUSSNY,individual,,1,64994858.00000001,64994858.00000001,0,0,0,MR. M.S.A. HUSSNY
HCBALASURIYASRILANKA,H.C.Balasuriya Sri Lanka,individual,,1,64807754.4,64807754.4,0,0,0,Comrnercial Bark of Ceylon PLC/ H.C.Balasuriya Sri Lanka
CWVANDORT,MR. C.W. VANDORT,individual,,1,64242070.2,64242070.2,0,0,0,MR. C.W. VANDORT
IKDESILVA,I.K.DE SILVA,individual,,1,64239999.99999999,172387265.87426814,0,0,0,DFCC BANK PLC/I.K.DE SILVA
SHAHIDMSANGANISSSANGANI,Mr. Shahid M Sangani Ms. S. S. Sangani,individual,,1,64209449,64209449,0,0,0,Mr. Shahid M Sangani Ms. S. S. Sangani
MAOMAR,MR. M.A. OMAR,individual,,1,64048375.8,109974567.05236168,0,0,0,MR. M.A. OMAR
HLTUDAWEDO,Mr. H. L. Tudawe do,individual,,1,63968622,63968622,0,0,0,Mr. H. L. Tudawe do
KNJBALENDRA,MR. K.N.J. BALENDRA,individual,,1,63900000,109719797.68214375,0,0,0,MR. K.N.J. BALENDRA
NDGUNAWARDENA,Dr. N.D. Gunawardena,individual,,1,63847035.00000001,63847035.00000001,0,0,0,Dr. N.D. Gunawardena
LUHUBANDUWADUGEDONABOCLAUDIUSLUVIS,Dr. Luhubanduwaduge Don Abo Claudius Luvis,individual,,1,63679832.7,74943731.55429746,0,0,0,Dr. Luhubanduwaduge Don Abo Claudius Luvis
SCGAMAGE,Mr.S.C Gamage,individual,,1,63667392,63667392,0,0,0,Mr.S.C Gamage
MFFAROOK,MR. M.F. FAROOK,individual,,1,63600000,98599165.15561485,0,0,0,MR. M.F. FAROOK
SANHINDAMILLS,Sanhinda Mills (Pvt) Ltd,company,,1,63447442.5,63447442.5,0,0,0,Sanhinda Mills (Pvt) Ltd
HSDSOYSA,Dr. H.S.D.Soysa,individual,,2,63418127.7,75309904.80058466,0,0,0,Dr. H.S.D.Soysa | Dr. H.S.D. Soysa
WKHWEGAPITIYA,MR. W.K.H. WEGAPITIYA,individual,,1,63371114.40000001,63371114.40000001,0,0,0,MR. W.K.H. WEGAPITIYA
DREDUSSURIYA,Miss. D.R. Edussuriya,individual,,3,63349000,68810522.83988634,0,0,0,Miss. D.R. Edussuriya | Miss. D. R. Edussuriya
CJPERERA,MR. C.J. PERERA,individual,,1,63242086.6,113871847.90705732,0,0,0,MR. C.J. PERERA
VERITRRESEARCH,VERITR RESEARCH (PVT) LTD,company,,1,63216999.99999999,63216999.99999999,0,0,0,PEOPLE'S LEASING & FINANCE PLC/VERITR RESEARCH (PVT) LTD
MKISAMPATH,Mr. M.K.I.Sampath,individual,,1,63043035,63043035,0,0,0,Mr. M.K.I.Sampath
GVMBRFERNANDO,MISS. G.V.M.B.R. FERNANDO,individual,,1,63000000,63000000,0,0,0,MISS. G.V.M.B.R. FERNANDO
NAOMIRASHMINIMATHER,Naomi Rashmini Mather,individual,,1,62980840,62980840,0,0,0,Naomi Rashmini Mather
SHERWOODCAPITAL,SHERWOOD CAPITAL (PVT) LTD,company,,2,62772500,62772500,0,0,0,SHERWOOD CAPITAL (PVT) LTD
LGBYATTDECEASED,Mr. L.G. Byatt,individual,,1,62647750,62647750,0,0,0,Mr. L.G. Byatt (Deceased)
ADPAWIJEGOONEWARDENEDO,Dr. A. D. P. A. Wijegoonewardene do,individual,,1,62563806,62563806,0,0,0,Dr. A. D. P. A. Wijegoonewardene do
MITHILAMEEPALSOMASIRI18,MR. MITHILA MEEPAL SOMASIRI 18,company,,1,62556400,62556400,0,0,0,MR. MITHILA MEEPAL SOMASIRI 18
MMSUGATHAPALA,M.M.SUGATHAPALA,individual,,4,62401708.94430672,68375986.71893345,0,0,0,SENKADAGALA FINANCE PLC/M.M.SUGATHAPALA | SENKADAGALA FINANCE PLC/M. M. SUGATHAPALA | Senkadagala Finance PLC / Mr. M.M.Sugathapala
BSUTHARSHAN,B. SUTHARSHAN,individual,,3,61816454.94433883,61816454.94433883,0,0,0,DFCC BANK PLC/B. SUTHARSHAN | DFCC Bank PLC/B. Sutharshan
SVASUDEVANSVASUDEVAN,Mrs. S. Vasudevan / Mr. S. Vasudevan,joint,,1,61725000,61725000,0,0,0,Mrs. S. Vasudevan / Mr. S. Vasudevan
FERNHOLDINGS,FERN HOLDINGS (PRIVATE) LIMITED,company,,1,61525068.00000001,61525068.00000001,0,0,0,FERN HOLDINGS (PRIVATE) LIMITED
HADUGGUNASEKERA,MR.H.A.D.U.G.GUNASEKERA,individual,,1,61349999.99999999,61349999.99999999,0,0,0,PEOPLE'S LEASING & FINANCE PLC/MR.H.A.D.U.G.GUNASEKERA
CFERNANDO,Mrs. C. Fernando,individual,,1,61315494.5,67081009.91410887,0,0,0,Mrs. C. Fernando
FKASSIM,Mr. F. Kassim,individual,,1,61216288.2,61216288.2,0,0,0,Mr. F. Kassim
OSENANAYAKEANDDRPEIRISANDSPPERERA,O. Senanayake & D.R.Peiris & S.P.PERERA,joint,,1,60992509.2,60992509.2,0,0,0,Peoples Leasing and Finance PLC / O. Senanayake & D.R.Peiris & S.P.PERERA
GPKAPILASENA,Mr.G.P. Kapilasena,individual,,1,60454590,61426136.50355823,0,0,0,Mr.G.P. Kapilasena
PSWIJEWARDENE,Mr.P.S.Wijewardene,individual,,1,60448426.5,60448426.5,0,0,0,Mr.P.S.Wijewardene
KGGSLPERERA,Mrs.K.G.G.S.L. Perera,individual,,1,60420333,61391328.97019802,0,0,0,Mrs.K.G.G.S.L. Perera
NACTHAMBIAYAHINDIVIDUALNIL6HUSSEINALLYMOHSINALLYABDULHUSSEINSAEMAENAYATLOKHANDWALLA,Mrs.N.A.C. Thambiayah - Individual NIL 6 Mr. Husseinally Mohsinally Abdulhussein/Mrs.Saema Enayat Lokhandwalla,joint,,1,60394966,60394966,0,0,0,Mrs.N.A.C. Thambiayah - Individual NIL 6 Mr. Husseinally Mohsinally Abdulhussein/Mrs.Saema Enayat Lokhandwalla
DORITZ,Mr. D.Oritz,individual,,1,60159624,60526021.80975936,0,0,0,Mr. D.Oritz
DEEPTHADARSHANAWATHUDURA,MR. DEEPTHA DARSHANA WATHUDURA,individual,,1,60151999.99999999,161417167.13681474,0,0,0,MR. DEEPTHA DARSHANA WATHUDURA
DRPONNAMPERUMA,MR. D.R. PONNAMPERUMA,individual,,4,60014865.75750926,76720989.12815423,0,0,0,Mr. D.R. Ponnamperuma | MR. D.R. PONNAMPERUMA
SACOORAYANDPTCOORAYSNUGAPITIYA,"MR. S.A. COORAY & MR. P.T.COORAY,MRS. S.NUGAPITIYA",joint,,1,59852100,59852100,0,0,0,"MR. S.A. COORAY & MR. P.T.COORAY,MRS. S.NUGAPITIYA"
ANHANDUNPATHIRANA,Mr. A N Handunpathirana,individual,,5,59802999.96221474,60058538.887623,0,0,0,Mr. A.N. Handunpathirana | Mr. A N Handunpathirana | MR. A.N. Handunpathirana | Mr.A.N.Handunpathirana
DUMINDAMAHALIWEERASEKARE,MR. DUMINDA MAHALI WEERASEKARE,individual,,1,59730293.6,160285523.09419832,0,0,0,MR. DUMINDA MAHALI WEERASEKARE
CORPORATEMANAGERSANDSECRETARIES,CORPORATE MANAGERS & SECRETARIES (PVT) LTD,company,,2,59605181.5,59605181.5,0,0,0,CORPORATE MANAGERS & SECRETARIES (PVT) LTD | Corporate Managers & Secretaries (Pvt) Ltd
JWBURTON,Mr. J. W. Burton,individual,,2,59517465,59793306.20289601,0,0,0,Mr. J. W. Burton | Mr. J.W.Burton
RARIFEEN,MR. R. ARIFEEN,individual,,2,59450000,59450000,0,0,0,MR. R. ARIFEEN | SENKADAGALA FINANCE PLC/R.ARIFEEN | Dialog Finance PLC/R. Arifeen
HEBDEMEL,MR. H. E. B. DE MEL,individual,,1,59251335,69229945.47266111,0,0,0,MR. H. E. B. DE MEL
GOONESEKERACDM,Goonesekera C. D. M. (Mrs.),individual,,1,59125000,59125000,0,0,0,Goonesekera C. D. M. (Mrs.)
HGRDESILVA,Mr. H.G.R De Silva,individual,,1,59088042,87378285.25950593,0,0,0,Mr. H.G.R De Silva
ULBARIYARATNA,U. L. B. Ariyaratna,individual,,4,58868716.58126658,63432622.69986545,0,0,0,People’s Leasing and Finance PLC / U. L. B. Ariyaratna | PEOPLE'S LEASING AND FINANCE PLC/U.L.B.ARIYARATNA | U. L.B.Ariyaratna | People S Leasing And Finance PLC/U.L.B.Ariyaratna
SRIYANGURUSINGHE,MR. SRIYAN GURUSINGHE,individual,,2,58515693.99999999,140986980.1153363,0,0,0,MR. SRIYAN GURUSINGHE
TCSMITH,MR. T.C. SMITH,individual,,1,58471056,90647756.40514474,0,0,0,MR. T.C. SMITH
KEGALLESANASASHAREHOLDERSTRUSTCO,Kegalle SANASA Share Holders Trust Company Limited,company,,1,58321032.00000001,58321032.00000001,0,0,0,Kegalle SANASA Share Holders Trust Company Limited
PRCANAGARATNA,MS. P.R. CANAGARATNA,individual,,3,58240773.4,58240773.4,0,0,0,MS. P.R. CANAGARATNA | Ms P R Canagaratna | Miss P.R Canagaratna
PTHAVARAJAHANDETHAVARAJAH,P.Thavarajah & E.Thavarajah,joint,,1,58222437.87066077,58222437.87066077,0,0,0,Senkadagala Finance Plc/P.Thavarajah & E.Thavarajah
AMDEALWIS,MRS. A.M. DE ALWIS,individual,,3,57928672.5,57928672.5,0,0,0,MRS. A.M. DE ALWIS | Mrs. A M De Alwis | Mrs. A M de Alwis
HMAKBHERATH,H.M.A.K.B. HERATH,individual,,1,57400000,63031862.33068977,0,0,0,ASSETLINE FINANCE PLC/H.M.A.K.B. HERATH
LIPERERA,L I Perera,individual,,1,57289211.40000001,57289211.40000001,0,0,0,L I Perera
SYUSOOF,MR. S. YUSOOF,individual,,3,57099799.95347597,57099799.95347597,0,0,0,MR. S. YUSOOF | Mr. S. Yusoof
ESTOFLATRMAHESWARAN,Est. of LAT R. Maheswaran,estate,,3,57066446.90000001,58148544.42172497,0,0,0,Est. of LAT R. Maheswaran | Est.Of Lat R. Maheswaran | Est.of Lat R. Maheswaran
MDNPFONSEKAANDWHNAWODYA,M.D.N.P. Fonseka & W.H. Nawodya,joint,,1,57005705,57005705,0,0,0,Assetline Finance PLC / M.D.N.P. Fonseka & W.H. Nawodya
LJMCCJAYASUNDARA20,MR. L.J.M.C.C. JAYASUNDARA 20,individual,,1,57000000,57000000,0,0,0,MR. L.J.M.C.C. JAYASUNDARA 20
FERNANDOPATHTHAGEPIOSURESH,Fernando Paththage Pio Suresh,individual,,1,56934742.5,56934742.5,0,0,0,Fernando Paththage Pio Suresh
RCJGOONEWARDENE,R.C.J.Goonewardene,individual,,2,56606400,56606400,0,0,0,LOLC Finance PLC/R.C.J.Goonewardene
LISTED:YORK,YORK ARCADE HOLDINGS PLC,listed,YORK,2,56601489.8,0,0,0,0,York Arcade Holdings PLC
GAGPUNCHIHEWA,G A G Punchihewa,individual,,1,56358950,57191650.85939599,0,0,0,G A G Punchihewa
PVTUDAWEDO,Mr. P. V. Tudawe do,individual,,1,56350840,56350840,0,0,0,Mr. P. V. Tudawe do
SSTIWARIANDSKTIWARI,MRS. S.S. TIWARI & MR. S.K.TIWARI,joint,,1,55880546.6,55880546.6,0,0,0,MRS. S.S. TIWARI & MR. S.K.TIWARI
PVIJENDRAN,Mr. P. Vijendran,individual,,2,55121875,61472642.73180841,0,0,0,Mr. P. Vijendran | Mr. P.Vijendran
RGSENEVIRATHNEANDASENEVIRATHNE,R.G Senevirathne and A. Senevirathne,joint,,1,55118416.8,55118416.8,0,0,0,Merchant Bank of Sri Lanka & Finance PLC/ R.G Senevirathne and A. Senevirathne
NJHMCOORAY,MR. N.J.H.M. COORAY,individual,,2,55044691,88003918.19440757,0,0,0,MR. N.J.H.M. COORAY | N J H M Cooray
BCTAY,Mr. B. C. Tay,individual,,2,54988588.4,54988588.4,0,0,0,Mr. B. C. Tay | Mr. B.C. Tay
KGKHEWAMALLIKA,Mr. K. G. K. Hewamallika,individual,,1,54502942,59627870.9397035,0,0,0,Mr. K. G. K. Hewamallika
TUDAWEENGINEERINGSERVICESDO,Tudawe Engineering Services (Pvt) Ltd do,company,,1,54240000,54240000,0,0,0,Tudawe Engineering Services (Pvt) Ltd do
POLGAHAWELASANASASOCIETIESUNION,Polgahawela Sanasa Societies Union Ltd,company,,2,54201122.6,54201122.6,0,0,0,Polgahawela Sanasa Societies Union Ltd | Polgahawela SANASA Societies Union Ltd
DWEERASINGHE,D.Weerasinghe,individual,,2,54058692,58569171.20084301,0,0,0,Merchant Bank of Sri Lanka & Finance PLC/D.Weerasinghe | Merchant Bank of Sri Lanka & Finance PLC / D. Weerasinghe
SVIGNARAJAHKRVIGNARAJAHJOINT,Mrs. S. Vignarajah / Ms. K.R. Vignarajah,joint,,1,53694462.56032348,84656844.28519137,0,0,0,Mrs. S. Vignarajah / Ms. K.R. Vignarajah (Joint) | Mrs. S. Vignarajah/Ms K.R.Vignarajah (Joint)
MULITEXINVESTMENTS,Mulitex Investments Limited,company,,1,53630647.2,53630647.2,0,0,0,Mulitex Investments Limited
MITHILAMEEPALSOMASIRI,MITHILA MEEPAL SOMASIRI,individual,,1,53516481.1,53516481.1,0,0,0,NATIONAL DEVELOPMENT BANK PLC/ MITHILA MEEPAL SOMASIRI
PNANAYAKKARA,Mrs. P. Nanayakkara,individual,,1,53200203,53200203,0,0,0,Mrs. P. Nanayakkara
MADANAYAKEUG,Madanayake U. G.,individual,,1,53165200,53165200,0,0,0,Madanayake U. G.
TRUCHIRA,T. Ruchira,individual,,2,52928142.72364092,52928142.72364092,0,0,0,Citizens Development Business Finance PLC/ T. Ruchira | Citiezens Development Business Finance Plc / T. Ruchira
STERADIANCAPITALINVESTMENTS,STERADIAN CAPITAL INVESTMENTS PRIVATE LIMITED,company,,1,52923024,82046634.96714732,0,0,0,STERADIAN CAPITAL INVESTMENTS PRIVATE LIMITED
GIVASUNTHARA,Mrs. G.I.Vasunthara,individual,,3,52876900,129279360.9362543,0,0,0,Mrs. G.I.Vasunthara | Mrs. G I Vasunthara | Mrs. G.I. Vasunthara
JASSADHIHETTY,J A S S Adhihetty,individual,,2,52776475,65744468.39955417,0,0,0,J A S S Adhihetty | Mr. J A S S Adhihetty
GUINNESSMORISONINTERNATIONAL,GUINNESS MORISON INTERNATIONAL LIMITED,company,,1,52649650.75,127761678.9972202,0,0,0,GUINNESS MORISON INTERNATIONAL LIMITED
AIGOONERATHNE,Mr.A.I.Goonerathne,individual,,1,52501179.50000001,52501179.50000001,0,0,0,Mr.A.I.Goonerathne
YWSRYATANWALA,Mrs. Y.W.S.R. Yatanwala,individual,,1,52235819.99999999,90949389.40060526,0,0,0,Mrs. Y.W.S.R. Yatanwala
MMATHEWS,Mrs. M. Mathews,individual,,1,52020000,61273975.83777796,0,0,0,Mrs. M. Mathews
AWATHUKORALA,Mr. A.W.Athukorala,individual,,1,51929500,52245772.83877138,0,0,0,Mr. A.W.Athukorala
MMCIFERNANDO,Dr. M M C I Fernando,individual,,1,51884000,51884000,0,0,0,Dr. M M C I Fernando
NUSILVA,Mrs.N.U. Silva,individual,,1,51717552.5,52548688.85050645,0,0,0,Mrs.N.U. Silva
MIASJAYASINGHESRILANKA,"MI.A.S. Jayasinghe Sri l""anka",individual,,1,51623956.8,51623956.8,0,0,0,"MI.A.S. Jayasinghe Sri l""anka"
JDBANDARANAYAKEANDNBANDARANAYAKE,Mr. J.D. Bandaranayake & Ms. N. Bandaranayake,joint,,1,51600000.00000001,51600000.00000001,0,0,0,Mr. J.D. Bandaranayake & Ms. N. Bandaranayake
BENSEISECURITIESCAPITAL,Bensei Securities Capital (PVT) LTD,company,,1,51370775.8,51370775.8,0,0,0,Bensei Securities Capital (PVT) LTD/
ANWEERAKKODY,A.N.Weerakkody,individual,,1,51365762,61613152.79023837,0,0,0,Commercial Bank of Ceylon PLC/A.N.Weerakkody
ZGCARIMJEE,Mr. Z.G. Carimjee,individual,,6,51276768.7460245,73335775.10608804,0,0,0,Mr. Z.G. Carimjee | Mr. Z.G Carimjee | Mr.Z.G. Carimjee | Mr.Z.G.Carimjee
HSCHAMIKARA,Mr. H.S. Chamikara,individual,,1,51149999.99999999,128863939.04916686,0,0,0,Mr. H.S. Chamikara
PRANTHONIS,MR. P.R. ANTHONIS,individual,,1,51132800,51132800,0,0,0,MR. P.R. ANTHONIS
LKRANASINGHE,Mr. L.K. Ranasinghe,individual,,1,50979012.9,50979012.9,0,0,0,Mr. L.K. Ranasinghe
MESSAMSONRUBBERINDUSTRIES,MES SAMSON RUBBER INDUSTRIES (PRIVATE) LTD,company,,1,50865374,50865374,0,0,0,MES SAMSON RUBBER INDUSTRIES (PRIVATE) LTD
SADAHARITHACAPITALTRUST,SADAHARITHA CAPITAL TRUST LIMITED,company,,3,50581700,50581700,0,0,0,PEOPLE S LEASING AND FINANCE PLC/SADAHARITHA CAPITAL TRUST LIMITED | People's Leasing and Finance PLC/ Sadaharitha Capital Trust Limited | Peoples leasing & Finance PLC/Sadaharitha Capital Trust Ltd
WASPDESARAM,MR. W.A.S.P. DE SARAM,individual,,6,50505268.97298528,50505268.97298528,0,0,0,Mr. W.A.S.P. De Saram | MR. W.A.S.P. DE SARAM | Mr.W.A.S.P De Saram
JDBANDARANAYAKEANDVBANADARANAYAKE,Mr. J.D. Bandaranayake & Dr. (Mrs) V. Banadaranayake,joint,,1,50428852,50428852,0,0,0,Mr. J.D. Bandaranayake & Dr. (Mrs) V. Banadaranayake
WTJRSFERNANDO,Mr.W.T.J.R.S. Fernando,individual,,3,49972433.68544358,49972433.68544358,0,0,0,Mr.W.T.J.R.S. Fernando | MR. W.T.J.R.S. Fernando | Mr. W.T.J.R.S. Fernando
GACDESILVASRILANKAR780872,"G.A.C De Silva Sri Lanka {r,780,872",individual,,1,49913841.59999999,49913841.59999999,0,0,0,"DFCC Bank T'LC/G.A.C De Silva Sri Lanka {r,780,872"
AGNATIONALEQUITYFUND,AG National Equity Fund,institution,,1,49911150,49911150,0,0,0,Deustche Bank - AG National Equity Fund
SNSAMARASINGHE,Dr. S. N. Samarasinghe,individual,,1,49841780,56863272.24240848,0,0,0,Dr. S. N. Samarasinghe
BSRASANAYAGAM,MRS. B.S. RASANAYAGAM,individual,,2,49802640.00000001,49802640.00000001,0,0,0,MRS. B.S. RASANAYAGAM | MRS.B.S.RASANAYAGAM
AMILAJEEVANWIJAYAWARDHANA,MR. AMILA JEEVAN WIJAYAWARDHANA,individual,,1,49793914.5,49793914.5,0,0,0,MR. AMILA JEEVAN WIJAYAWARDHANA
TRADINGPARTNERS,Trading Partners (Pvt) Ltd,company,,3,49573384.5,57130957.45365709,0,0,0,Trading Partners (Pvt) Ltd | TRADING PARTNERS (PVT) LTD
THALWILAPIBIDENASARVODAYASHRAMADANASOCIETY,Thalwila Pibidena Sarvodaya Shramadana Society,individual,,1,49490000,49490000,0,0,0,Thalwila Pibidena Sarvodaya Shramadana Society
GJFERNANDO,Mr. G.J. Fernando,individual,,1,49489446.3,49489446.3,0,0,0,Mr. G.J. Fernando
AGSOMADASA,Mr. A.G. Somadasa,individual,,1,49226450,49226450,0,0,0,Mr. A.G. Somadasa
PRATHNAYAKA,Mr. P. Rathnayaka,individual,,2,49188000,49238348.14870725,0,0,0,Mr. P. Rathnayaka
FREUDENBERGSHIPPINGAGENCIES,Freudenberg Shipping Agencies Limited,company,,2,49161492.2,49161492.2,0,0,0,Freudenberg Shipping Agencies Limited
SJFANCY,Mr. S J Fancy,individual,,1,49132196.40000001,226349678.98726153,0,0,0,Mr. S J Fancy
VASUDEVANSAND,Vasudevan S. &,individual,,1,49105000,49105000,0,0,0,Vasudevan S. & Vasudevan S.
MSJAYEWARDENE,MRS. M S JAYEWARDENE,individual,,1,48986524.9,48986524.9,0,0,0,MRS. M S JAYEWARDENE
LAMGUNASEKERAANDGGUNASEKERA,Ms. L.A.M. Gunasekera & Mr. G. Gunasekera,joint,,1,48978500,48978500,0,0,0,Seylan Bank PLC. /Ms. L.A.M. Gunasekera & Mr. G. Gunasekera
HATTONNATIONALBANKCAPITALALLIANCEQUANTITATIVEEQUITY,Hatton National Bank Plc - Capital Alliance Quantitative Equity,company,,1,48936006.3382879,77154471.26163802,0,0,0,Hatton National Bank Plc - Capital Alliance Quantitative Equity
KEYSTONE,KEYSTONE (PRIVATE) LIMITED,company,,1,48925989.9791526,48925989.9791526,0,0,0,KEYSTONE (PRIVATE) LIMITED
MWDESILVA,Mr. M.W.De Silva,individual,,1,48883905,49181628.86417317,0,0,0,Mr. M.W.De Silva
SDWIDANAGAMA,MR. S.D. WIDANAGAMA,individual,,2,48674395.93924688,48674395.93924688,0,0,0,MR. S.D. WIDANAGAMA | Mr.S.D.Widanagama
RVDPIYATHILAKE,Mr. R.V.D. Piyathilake,individual,,3,48644293,51239042.94205727,0,0,0,Mr. R.V.D. Piyathilake | Mr. R. V. D. Piyathilake | MR. R.V.D. Piyathilake
SSRIKANTHANANDSSRIKANTHAN,Mr. S. Srikanthan & Mrs. S. Srikanthan,joint,,1,48619181.61200179,144427264.61615187,0,0,0,Mr. S. Srikanthan & Mrs. S. Srikanthan
BCSTIRODRIGO,Mr. B.C.S.T.I. Rodrigo,individual,,1,48250000,48250000,0,0,0,Mr. B.C.S.T.I. Rodrigo
SARATHCHANDRAWEERASOORIA,Mr. Sarath Chandra Weerasooria,individual,,1,48178807.3,48178807.3,0,0,0,Mr. Sarath Chandra Weerasooria
JAYASURIYAJADKR,Jayasuriya J A D K R,individual,,1,47637230,47637230,0,0,0,Jayasuriya J A D K R
HUSSEINALLYMOHSINALLYABDULHUSSEINSAEMAENAYATLOKHANDWALLA,Mr.Husseinally Mohsinally Abdulhussein/ Saema Enayat Lokhandwalla,joint,,1,47594244.75,121019877.10428849,0,0,0,Mr.Husseinally Mohsinally Abdulhussein/ Saema Enayat Lokhandwalla
HMAKBHERATHDO,H.M.A.K.B. Herath do,individual,,1,47554694,47554694,0,0,0,Assetline Finance Limited/H.M.A.K.B. Herath do
AVIJAYARAM,Mr. A. Vijayaram,individual,,1,47505042,70249562.69731887,0,0,0,Mr. A. Vijayaram
YRTSPREMACHANDRA,Mr. Y.R.T.S. Premachandra,individual,,1,47500050,47500050,0,0,0,Mr. Y.R.T.S. Premachandra
EJBUFERNANDO,MR. E.J.B.U. FERNANDO,individual,,1,47405736,99210610.93294936,0,0,0,MR. E.J.B.U. FERNANDO
PSDANGAMPOLA,MR. P.S. DANGAMPOLA,individual,,2,47341400,47341400,0,0,0,MR. P.S. DANGAMPOLA | Mr. P.S. Dangampola
ARUNODHAYAINVESTMENT,Arunodhaya Investment (Private) Limited,company,,1,47300000,47300000,0,0,0,Arunodhaya Investment (Private) Limited
UMBANDARA,MR. U M BANDARA,individual,,1,47207500,47207500,0,0,0,MR. U M BANDARA
KIMLENGYEOH,MR. KIM LENG YEOH,individual,,1,47075292,61279376.38028605,0,0,0,MR. KIM LENG YEOH
LHETTIARACHCHI,Mr. L. Hettiarachchi,individual,,1,47056716,47056716,0,0,0,Mr. L. Hettiarachchi
GMDHANSINGANI,Mr. G.M. Dhansingani,individual,,1,47044050,184945703.56403533,0,0,0,Mr. G.M. Dhansingani
CYOGAGOPALAKRISHNANANDYTHIRUKUMAR,Mrs.C. Yogagopalakrishnan & Mrs.Y. Thirukumar,joint,,1,46853960,47606935.10107764,0,0,0,Mrs.C. Yogagopalakrishnan & Mrs.Y. Thirukumar
SANGERGMBH,MR SANGER GMBH,company,,1,46744602,46744602,0,0,0,MR SANGER GMBH
OSENANAYAKEDRPIERISANDSPPERERA,"O. Senanayake, D. R. Pieris and S. P. Perera",joint,,1,46654224,46654224,0,0,0,"People’s Leasing & Finance PLC / O. Senanayake, D. R. Pieris and S. P. Perera"
JDBANDARANAYAKEANDVBANDARANAYAKEANDSSELLIAH,Mr. J.D. Bandaranayake & Dr. (Mrs.) V. Bandaranayake & Dr. S. Selliah,joint,,1,46576000,46576000,0,0,0,Mr. J.D. Bandaranayake & Dr. (Mrs.) V. Bandaranayake & Dr. S. Selliah
FIAABBAS,F.I.A. ABBAS,individual,,1,46541581.8,46541581.8,0,0,0,F.I.A. ABBAS
HVALANKAEXPORTS,HVA LANKA EXPORTS (PRIVATE) LIMITED,company,,1,46500060,46500060,0,0,0,HVA LANKA EXPORTS (PRIVATE) LIMITED
MITHANUDARA,MISS. M.I. THANUDARA,individual,,2,46452100,46452100,0,0,0,MISS. M.I. THANUDARA | Miss. M.I. Thanudara
NHDAWOODBHOYANDCO,N.H. Dawoodbhoy and Company (Private) Limited,company,,1,46368327.5,58084324.07310343,0,0,0,Commercial Bank of Ceylon PLC / N.H. Dawoodbhoy and Company (Private) Limited
MMSOMASIRI,Mr. M. M. Somasiri,individual,,1,46312267.5,50981961.73881347,0,0,0,Mr. M. M. Somasiri
AIEDIRISINGHE,Mr.A.I.Edirisinghe,individual,,1,46206617.6,46206617.6,0,0,0,Mr.A.I.Edirisinghe
FFHANIFFA,F.F.Haniffa,individual,,3,46077706.82774034,46077706.82774034,0,0,0,Senkadagala Finance PLC / F.F.Haniffa | Senkadagala Finance PLC/F.F.Haniffa | Mrs.F.F Haniffa
MACWITHANAGE,M. A. C. Withanage,individual,,2,46044123.29494393,46044123.29494393,0,0,0,Senkadagala Finance PLC / M. A. C. Withanage | Mr. M. A. C. Withanage | MR. M.A.C. WITHANAGE | SENKADAGALA FINANCE PLC/M.A.C.WITHANAGE
NIKAWARATIYATHRIFTANDCREDITCOOPERATIVESOCIETYUNION,Nikawaratiya Thrift and Credit Co-Operative Society Union Limited,company,,1,45946566.9,45946566.9,0,0,0,Nikawaratiya Thrift and Credit Co-Operative Society Union Limited
MBHERATH,Mr. M.B. Herath,individual,,1,45900000,54065272.79803937,0,0,0,Mr. M.B. Herath
HAAHALGHARABALLY,Mr.H.A.A.H.Algharabally,individual,,1,45878292.80682824,47184699.05741718,0,0,0,Mr.H.A.A.H.Algharabally
DTSEMAGE,MR. D.T. SEMAGE,individual,,1,45688681.5,45688681.5,0,0,0,MR. D.T. SEMAGE
LKNKKULAWARDENA,L.K.N.K.Kulawardena,individual,,3,45591344.2,45591344.2,0,0,0,People's Leasing and Finance PLC/L.K.N.K.Kulawardena | PEOPLE S LEASING AND FINANCE PLC/L.K.N.K.KULAWARDENA | People S Leasing And Finance PLC/L.K.N.K.Kulawardena | Assetline Finance PLC/L.K.N.K.Kulawardena
PALAMANDADIGELAHIRUSHANTHAWARNAARIYANANDA,DR. PALAMANDADIGE LAHIRU SHANTHAWARNA ARIYANANDA,individual,,3,45404000,48811276.7100673,0,0,0,SAMPATH BANK PLC/ DR. PALAMANDADIGE LAHIRU SHANTHAWARNA ARIYANANDA | Sampath Bank Plc/ Dr. Palamandadige Lahiru Shanthawarna Ariyananda
AHMUNASINGHE,Mr.A.H. Munasinghe,individual,,4,45239471.9,45469481.06047055,0,0,0,Mr. A.H. Munasinghe | Mr.A.H. Munasinghe | MR. A.H. MUNASINGHE
SSABEYSINGHE,S.S.ABEYSINGHE,individual,,2,45205118.4,45205118.4,0,0,0,DFCC BANK PLC/S.S.ABEYSINGHE | DFCC Bank PLC/S.S.Abeysinghe
GAMPCHANDANA,G.A.M.P.Chandana,individual,,2,45111726,45111726,0,0,0,Senkadagala Finance PLC/G.A.M.P.Chandana | SENKADAGALA FINANCE PLC/G.A.M.P.CHANDANA
SATHALANGAMA,Mr. S. A. Thalangama,individual,,3,45040369.66048038,48729284.79950815,0,0,0,Mr. S. A. Thalangama | Mr. S.A. Thalangama | Mr. S.A Thalangama
ISJAYASINGHE,Mrs.I.S.Jayasinghe,individual,,1,45000000,45000000,0,0,0,Mrs.I.S.Jayasinghe
NARAWALAGAMAGEMAHINDA,Mr. Narawala Gamage Mahinda,individual,,1,44926582.8,44926582.8,0,0,0,Mr. Narawala Gamage Mahinda
JOINTWITHRBTHAMBIAYAHSRTHAMBIAYAH22337MURTAZAALIJAFFERJEE,"Joint with Mr R.B.Thambiayah/Ms.S.R.Thambiayah 2,233 7 Mr . Murtaza Ali Jafferjee",joint,,1,44919841,44919841,0,0,0,"- Joint with Mr R.B.Thambiayah/Ms.S.R.Thambiayah 2,233 7 Mr . Murtaza Ali Jafferjee"
ISGURUSINGHE,I.S.GURUSINGHE,individual,,2,44833335,44833335,0,0,0,ASSETLINE FINANCE PLC/I.S.GURUSINGHE | People's Leasing & Finance PLC / Mr. I. S. Gurusinghe
BWRISIJAYASRIKANTHA,Mr. B. W. Risijaya Srikantha,individual,,1,44793573,44793573,0,0,0,Mr. B. W. Risijaya Srikantha
NITHIABALABALASINGAM,Mr. Nithiabala Balasingam,individual,,1,44786800,44786800,0,0,0,Mr. Nithiabala Balasingam
ADTUDAWECSTUDAWEDO,Mr. A. D. Tudawe / Mrs. C.S. Tudawe do,joint,,1,44452844,44452844,0,0,0,Mr. A. D. Tudawe / Mrs. C.S. Tudawe do
CEYLINCOSHRIRAMCAPITALMANAGEMENTSERVICES,Ceylinco Shriram Capital Management Services,individual,,1,43989000,43989000,0,0,0,Ceylinco Shriram Capital Management Services
DLSRPERERAANDDCMAPERERA,Mr.D.L.S.R. Perera & Mrs. D.C.M.A Perera,joint,,1,43960144.99999999,44666614.51986048,0,0,0,Mr.D.L.S.R. Perera & Mrs. D.C.M.A Perera
MLAJITBENEDICT,Mr. M. L. Ajit Benedict,individual,,1,43771334,43771334,0,0,0,Mr. M. L. Ajit Benedict
SVWBKSIRIMALWATTA,Mr. S. V. W. B. K. Sirimalwatta,individual,,1,43723914,47835287.51476748,0,0,0,Mr. S. V. W. B. K. Sirimalwatta
EBCREASYCEYLON,E.B.Creasy Ceylon (Private) Limited,company,,3,43539074.1,52559904.16617084,0,0,0,E.B.Creasy Ceylon (Private) Limited | E.B. CREASY CEYLON (PRIVATE) LIMITED | E.B. Creasy Ceylon (Pvt) Ltd
CICCHARITABLEANDEDUCATIONALTRUSTFUND,CIC Charitable & Educational Trust Fund,institution,,1,43536000,43536000,0,0,0,CIC Holdings PLC / CIC Charitable & Educational Trust Fund
THEJATHUSHARIWEERASINGHE,Miss.Theja Thushari Weerasinghe,individual,,1,43491087,51183933.92281315,0,0,0,Miss.Theja Thushari Weerasinghe
WKGNPERERA,Mr. W.K.G.N. Perera,individual,,1,43350000,51061646.53148162,0,0,0,Mr. W.K.G.N. Perera
DMFERNANDODECEASED,Mrs. D. M. Fernando,individual,,1,43150713,43150713,0,0,0,Mrs. D. M. Fernando (Deceased)
MERCANTILEBANKAGENCY,Mercantile Bank (Agency) Private Limited,company,,1,43129642.5,47478430.71479287,0,0,0,Mercantile Bank (Agency) Private Limited
MTAFURKHANFOUNDATION,M.T.A. Furkhan Foundation,institution,,1,42719557.5,42719557.5,0,0,0,M.T.A. Furkhan Foundation
SIVAKUMARSELLIAH,Dr. Sivakumar Selliah,individual,,1,42636000,42636000,0,0,0,Dr. Sivakumar Selliah
SITHAMPALAMUMESHWARY,Mrs. Sithampalam Umeshwary,individual,,1,42623156,42623156,0,0,0,Mrs. Sithampalam Umeshwary
RSAMARAWEERA,Mr. R. Samaraweera,individual,,2,42561716.2,42561716.2,0,0,0,Mr. R. Samaraweera | ASSETLINE FINANCE PLC/R.SAMARAWEERA
MDKPERERA,MR. M.D.K. PERERA,individual,,2,42500000,42500000,0,0,0,MR. M.D.K. PERERA | M D K Perera
JOINTWITHRBTHAMBIAYAHALTHAMBIAYAH22348DILHANCRISHANTHAFERNANDO,"Joint with Mr R.B.Thambiayah/Ms.A.L.Thambiayah 2,234 8 Mr. Dilhan Crishantha Fernando",joint,,1,42483665,42483665,0,0,0,"- Joint with Mr R.B.Thambiayah/Ms.A.L.Thambiayah 2,234 8 Mr. Dilhan Crishantha Fernando"
AITHETTIARACHCHI,Mr. A.I.T.Hettiarachchi,individual,,1,42336085,61776067.82230993,0,0,0,Mr. A.I.T.Hettiarachchi
MSSIRAJ,Mr.M.S. Siraj,individual,,1,42232326.5,42232326.5,0,0,0,Mr.M.S. Siraj
TOYOCUSHIONLANKA,Toyo Cushion Lanka (Pvt) Ltd,company,,1,42214660,42214660,0,0,0,Toyo Cushion Lanka (Pvt) Ltd
LALANRUBBERHOLDINGS,Lalan Rubber Holdings (Pvt) Ltd,company,,1,42112882.4,42112882.4,0,0,0,Lalan Rubber Holdings (Pvt) Ltd
MAHIRBA,Mahir B.A,individual,,1,42077350,42077350,0,0,0,Mahir B.A
HJKUWIJERAME,Miss. H.J.K.U. Wijerame,individual,,1,42000000,42000000,0,0,0,Miss. H.J.K.U. Wijerame
GWICKREMASINGHE,MR. G. WICKREMASINGHE,individual,,3,41962578.5,72045393.61580653,0,0,0,MR. G. WICKREMASINGHE | Mr. G. Wickremasinghe
SUNILGAVASKERV,Sunil Gavasker V.,individual,,1,41860000,41860000,0,0,0,Sunil Gavasker V.
RJMCMULLEN,MR. R.J. MCMULLEN,individual,,1,41832000,64852205.60990064,0,0,0,MR. R.J. MCMULLEN
DDKRAJAPAKSHA,Mr.D.D.K.Rajapaksha,individual,,1,41800320,41800320,0,0,0,Mr.D.D.K.Rajapaksha
TRLHOLDINGS,T R L HOLDINGS (PVT) LIMITED,company,,5,41786698.2,41786698.2,0,0,0,T R L HOLDINGS (PVT) LIMITED | TRL Holdings (Pvt) Limited | T R L Holdings (Pvt) Limited | T R L Holdings (Private) Limited
MSKANDANAGE,M.S.KANDANAGE,individual,,2,41530250,41530250,0,0,0,ASSETLINE FINANCE PLC/M.S.KANDANAGE | Assetline Finance Limited / M. S. Kandanage
HRPERIES,Mr. H.R. Peries,individual,,2,41503809.28979313,64838593.37765633,0,0,0,Mr. H.R. Peries | Mr. H.R.Peries
ASTRUEALPHAFUND,Astrue Alpha Fund,institution,,1,41500000,41500000,0,0,0,Hatton National Bank PLC- Astrue Alpha Fund
SAMARANAYAKEHDFDS,Samaranayake H D F D S,individual,,1,41403585,41403585,0,0,0,Samaranayake H D F D S
SURIYABANDARAUI,Suriyabandara U.I.,individual,,1,41326929,41326929,0,0,0,Suriyabandara U.I.
HKSRPERERA,H.K.S.R. Perera,individual,,2,41300000,55442816.25065581,0,0,0,H.K.S.R. Perera | Mrs. H.K.S.R Perera
NNDISSANAYAKA,N.N.Dissanayaka,individual,,2,41275969,41275969,0,0,0,People's Leasing And Finance Plc/N.N.Dissanayaka | Peoples Leasing and Finance PLC/N.N.Dissanayaka
GEORGEMOHANWEERAKOON,Mr. George Mohan Weerakoon,individual,,3,41240973.92911334,41240973.92911334,0,0,0,MR. GEORGE MOHAN WEERAKOON | Mr. George Mohan Weerakoon
FNMKHAN,F.N.M. KHAN,individual,,1,41202056.7,41202056.7,0,0,0,F.N.M. KHAN
KIWEERASINGHE,Mr. K. I. Weerasinghe,individual,,1,40950954,40950954,0,0,0,Mr. K. I. Weerasinghe
ADZINSURANCEBROKERS,ADZ Insurance Brokers (Pvt) Ltd,company,,1,40828586.82860975,44649896.35782193,0,0,0,ADZ Insurance Brokers (Pvt) Ltd
SUNILSOMINDRANATHPOHOLIYADDE,MR. SUNIL SOMINDRANATH POHOLIYADDE,individual,,2,40800598.6,40800598.6,0,0,0,MR. SUNIL SOMINDRANATH POHOLIYADDE
AMWIJEWARDENE,Mrs. A.M.Wijewardene,individual,,1,40748568.5,40748568.5,0,0,0,Mrs. A.M.Wijewardene
ESTATEOFTHELATERASIAHYOGARAJAH,The Estate of the Late Rasiah Yogarajah,estate,,1,40579012.5,103181952.59865713,0,0,0,The Estate of the Late Rasiah Yogarajah
MAJAYAWARDENANIL9MUTHUSAMYASOKAN,Mrs.M.A.Jayawardena NIL 9 Mr. Muthusamy Asokan,individual,,1,40509252.5,40509252.5,0,0,0,Mrs.M.A.Jayawardena NIL 9 Mr. Muthusamy Asokan
SHANAKAASITHACOORAYANDPATHMASIRITHOMPSONCOORAY,MR. SHANAKA ASITHA COORAY AND MR. PATHMASIRI THOMPSON COORAY,joint,,1,40500000,40500000,0,0,0,MR. SHANAKA ASITHA COORAY AND MR. PATHMASIRI THOMPSON COORAY
ASSETLINEFINANCEPLCMSKANDANAGE,Assetline FinancePLC/ M. S. Kandanage,joint,,1,40412647,40412647,0,0,0,Assetline FinancePLC/ M. S. Kandanage
PSRCASIECHITTY,P.S.R.CASIE CHITTY,individual,,1,40187048,40187048,0,0,0,DFCC BANK PLC/P.S.R.CASIE CHITTY
ADTUDAWEDO,Mr. A. D. Tudawe do,individual,,1,40062568,40062568,0,0,0,Mr. A. D. Tudawe do
DVGOONETILLEKE,D.V.GOONETILLEKE,individual,,1,40019918.40000001,40019918.40000001,0,0,0,SENKADAGALA FINANCE PLC/D.V.GOONETILLEKE
AHDDEALWIS,MRS. A.H.D. DE ALWIS,individual,,1,40000000,40000000,0,0,0,MRS. A.H.D. DE ALWIS
GLENFORDINVESTMENTS,Glenford Investments (Private) Ltd,company,,1,39901774,49983850.98336214,0,0,0,Glenford Investments (Private) Ltd
PCCOORAY,Mrs. P.C Cooray,individual,,1,39851812,103180621.94739078,0,0,0,Mrs. P.C Cooray
RLHEWAVITARNE,Mr. R. L. Hewavitarne,individual,,2,39848247.3,39848247.3,0,0,0,Mr. R. L. Hewavitarne | MR. R.L. HEWAVITARNE
DWARNAKULASOORIYA,Mr. D. Warnakulasooriya,individual,,1,39803566,39803566,0,0,0,Mr. D. Warnakulasooriya
LHABEYSUNDERA,Mr. L. H. Abeysundera,individual,,1,39793062.5,43805421.31402253,0,0,0,Mr. L. H. Abeysundera
AGAMPODIUSHANDESILVA,AGAMPODI USHAN DE SILVA,individual,,1,39754918.40000001,39754918.40000001,0,0,0,AGAMPODI USHAN DE SILVA
LSWICKRAMASINGHE,L.S.WICKRAMASINGHE,individual,,1,39507553.7741925,39507553.7741925,0,0,0,ASSETLINE FINANCE PLC/L.S.WICKRAMASINGHE
RUWANPURACHANAKADHARMAJITH,Mr. Ruwanpura Chanaka Dharmajith,individual,,1,39453804,100320837.8756065,0,0,0,Mr. Ruwanpura Chanaka Dharmajith
LEONARDDS,Leonard D.S.,individual,,1,39451038,39451038,0,0,0,Leonard D.S.
KDSRKULATUNGA,K.D.S.R. Kulatunga,individual,,2,39420268.47225904,39420268.47225904,0,0,0,Commercial Bank Of Ceylon PLC/K.D.S.R. Kulatunga
SWEERARATNE,MR. S. WEERARATNE,individual,,1,39384092.66864815,39384092.66864815,0,0,0,MR. S. WEERARATNE
SHIVANTHACHULAKADEZOYSA,Mr. Shivantha Chulaka De Zoysa,individual,,1,39331160.09999999,105601159.94930781,0,0,0,Mr. Shivantha Chulaka De Zoysa
RMDABEYGUNAWARDENA,R M D Abeygunawardena,individual,,1,39278400,51712782.18789788,0,0,0,R M D Abeygunawardena
RTJINASENA,Mr R T Jinasena,individual,,1,39261534,39261534,0,0,0,Mr R T Jinasena
SMPLJAYARATNE,MR. S.M.P.L. JAYARATNE,individual,,1,39082569.4,42917197.45558237,0,0,0,MR. S.M.P.L. JAYARATNE
KRALKAHATAPITIYA,K.R.A.L.Kahatapitiya,individual,,3,39033465.97634535,39033465.97634535,0,0,0,Senkadagala Finance PLC/K.R.A.L.Kahatapitiya | Senkadagala Finance PLC/ K. R. A. L. Kahatapitiya | SENKADAGALA FINANCE PLC/K.R.A.L.KAHATAPITIYA
FTSHAFIE,Mrs. F.T. Shafie,individual,,2,38940000.00000001,62285616.78402036,0,0,0,Mrs. F.T. Shafie
RJAFFERJEE,Mr. R. Jafferjee,individual,,1,38839095,42755264.68791755,0,0,0,Mr. R. Jafferjee
KADIKULASINGHE,K.A.D.I. Kulasinghe,individual,,1,38739558.4,38739558.4,0,0,0,PMF Finance PLC/K.A.D.I. Kulasinghe
ASMARAPANA,A.S.Marapana,individual,,1,38638198.5,38638198.5,0,0,0,Senkadagala Finance PLC/A.S.Marapana
ARUNAPRASADLEKAMGE,MR.ARUNA PRASAD LEKAMGE,individual,,1,38523361.6,38523361.6,0,0,0,MR.ARUNA PRASAD LEKAMGE
ANNEJUDITHSYLVIANIMSMIAMERASINGHE,MISS. ANNE JUDITH SYLVIA NIMSMI AMERASINGHE,individual,,1,38250000,38250000,0,0,0,MISS. ANNE JUDITH SYLVIA NIMSMI AMERASINGHE
TPAMBAGAHAKUMBURAGE,Mr. T.P. Ambagahakumburage,individual,,4,38127672.74575116,42462557.91451194,0,0,0,Mr. T.P. Ambagahakumburage | Mr. T.P.Ambagahakumburage | Mr.T.P.Ambagahakumburage
GUNEWARDENEAD,Gunewardene A. D.,individual,,1,38029200,38029200,0,0,0,Gunewardene A. D.
FLMCPLANTATIONS,F L M C Plantations (Private) Limited,company,,1,37800000,37800000,0,0,0,F L M C Plantations (Private) Limited
AJCRATNANATHER,Mr.A J C Ratnanather,individual,,2,37778142.5,37778142.5,0,0,0,Mr.A J C Ratnanather | Mr. A J C Ratnanather
JETWINGECOHOLIDAYS,JETWING ECO HOLIDAYS (PVT) LTD,company,,1,37725787.2,37725787.2,0,0,0,JETWING ECO HOLIDAYS (PVT) LTD
SANASAGENERALINSURANCECO,SANASA GENERAL INSURANCE COMPANY LTD,company,,3,37670209.18196186,37670209.18196186,0,0,0,SANASA GENERAL INSURANCE COMPANY LTD | Sanasa General Insurance Company Ltd
PARAMETRICTAXMANAGEDEMERGINGMARKETSFUND,PARAMETRIC TAX-MANAGED EMERGING MARKETS FUND,institution,,1,37653687,37653687,0,0,0,SSBT-PARAMETRIC TAX-MANAGED EMERGING MARKETS FUND
VIGNESWARAMOORTHYSUNILGAVASKER,Mr.Vigneswaramoorthy Sunilgavasker,individual,,1,37635354,44292419.55478559,0,0,0,Mr.Vigneswaramoorthy Sunilgavasker
RANSIRIENTERPRISES,Ransiri Enterprises ( Pvt ) Ltd,company,,2,37572575,37572575,0,0,0,Ransiri Enterprises ( Pvt ) Ltd | RANSIRI ENTERPRISES (PRIVATE) LIMITED
GUNAWARDENADMSW,Gunawardena D M S W,individual,,1,37508885,37508885,0,0,0,Gunawardena D M S W
WATAWALASUNILJAYALATH,Watawala Sunil Jayalath,individual,,1,37478497.5,37478497.5,0,0,0,Watawala Sunil Jayalath
HJCPERERA,Mr.H.J.C.Perera,individual,,1,37394016,37394016,0,0,0,Richard Pieris Financial Services (Pvt) Ltd / Mr.H.J.C.Perera | Mr. H.J.C.Perera
GATUDAWEDO,Mr. G. A. Tudawe do,individual,,1,37298136,37298136,0,0,0,Mr. G. A. Tudawe do
UDITHAHARILALPALIHAKKARA,Mr.Uditha Harilal Palihakkara,individual,,1,37271739.3,43864487.48727569,0,0,0,Mr.Uditha Harilal Palihakkara
CSATHKUMARA,C. SATHKUMARA,individual,,3,37260226.59999999,37260226.59999999,0,0,0,MERCHANT BANK OF SRI LANKA LTD/C. SATHKUMARA | Merchant Bank of Sri Lanka/ C. Sathkumara | Merchant Bank of Sri Lanka & Finance PLC/C. Sathkumara
FLYASIASDNBHD,FLYASIA SDN.BHD,company,,2,37176796.8,47829252.70030745,0,0,0,FLYASIA SDN.BHD | Flyasia Sdn.BHD
RAJAKSADMANDRAJAPAKSEDSD,Rajaksa D. M. and Rajapakse D. S. D.,joint,,1,37073740,37073740,0,0,0,Rajaksa D. M. and Rajapakse D. S. D.
WICKRAMARACHCHISK,Wickramarachchi S K,individual,,1,37072367.5,37072367.5,0,0,0,Wickramarachchi S K
SASILVAANDSONSLANKA,S A Silva & Sons Lanka (Pvt) Ltd,company,,1,37001477.5,37001477.5,0,0,0,S A Silva & Sons Lanka (Pvt) Ltd
AFGEBBIE,MR A.F. GEBBIE,individual,,1,36993000,36993000,0,0,0,MR A.F. GEBBIE
AIWIJESUNDERE,Mrs.A.I.Wijesundere,individual,,1,36913164.75,36913164.75,0,0,0,Mrs.A.I.Wijesundere
JWNANAYAKKARA,Mr. J.W. Nanayakkara,individual,,1,36900000,36900000,0,0,0,Mr. J.W. Nanayakkara
HADRATNAPALAHEWAALGIRIYAGEDIAS,Mr. H.A.D. Ratnapala / Hewa Algiriyage Dias,joint,,1,36900000,36900000,0,0,0,Mr. H.A.D. Ratnapala / Hewa Algiriyage Dias
SURANJANPRAVEENPERERA,Mr. Suranjan Praveen Perera,individual,,1,36813467.09999999,98841346.59724113,0,0,0,Mr. Suranjan Praveen Perera
SAMARASEKERA,MRS. S. AMARASEKERA,individual,,1,36810000,36810000,0,0,0,MRS. S. AMARASEKERA
NMULJIE,Mrs. N. Muljie,individual,,2,36676746,36676746,0,0,0,Mrs. N. Muljie | MRS N MULJIE
WAPDMWICKRAMATUNGA,Mr. W. A. P. D. M. Wickramatunga,individual,,1,36668000,41833627.66306971,0,0,0,Mr. W. A. P. D. M. Wickramatunga
GLHPREMARATNE,Mr. G.L.H. Premaratne,individual,,1,36500000,36500000,0,0,0,Mr. G.L.H. Premaratne
DURGAS,Durga S.,individual,,1,36497090,36497090,0,0,0,Durga S.
GERADSHAMILNIRANJANPERIS,Mr.Gerad Shamil Niranjan Peris,individual,,2,36379706.1,94874366.5210511,0,0,0,Hatton National Bank PLC/Mr.Gerad Shamil Niranjan Peris | Hatton National Bank Plc/Mr.Gerad Shamil Niranjan Peris
BAJRATNASABAPATHY,Mrs.B.A.J Ratnasabapathy,individual,,2,36371565,36371565,0,0,0,Mrs.B.A.J Ratnasabapathy | Mrs. B A J Ratnasabapathy
CWGUNASEKARA,MR. C.W. GUNASEKARA,individual,,1,36215257.62634313,36215257.62634313,0,0,0,MR. C.W. GUNASEKARA
MVGCMALEWANA,M.V.G.C. Malewana,individual,,1,36122730,62894393.86579797,0,0,0,Dialog Finance PLC/M.V.G.C. Malewana
RDBANDARANAIKEJOINTWITHADBANDARANAIKE,Dr. R.D. Bandaranaike (Joint with Mrs. A.D. Bandaranaike),joint,,1,35870993.01543155,35870993.01543155,0,0,0,Dr. R.D. Bandaranaike (Joint with Mrs. A.D. Bandaranaike)
ALLANJAGATHMONESHJINADASA,Mr. Allan Jagath Monesh Jinadasa,individual,,3,35749499.65056001,35749499.65056001,0,0,0,MR. ALLAN JAGATH MONESH JINADASA | Mr. Allan Jagath Monesh Jinadasa
LAJFMORAIS,L.A.J.F.MORAIS,individual,,4,35700539.1,46039158.02349574,0,0,0,SENKADAGALA FINANCE PLC/L.A.J.F.MORAIS | SENKADAGALA FINANCE PLC/L. A. J. F. MORAIS
RAMARAJKUHAN,Ramaraj Kuhan,individual,,2,35692364.7,35692364.7,0,0,0,Hatton National Bank PLC/Ramaraj Kuhan | Hatton National Bank PLC / Ramaraj Kuhan
BCCCORPORATION,BCC CORPORATION,company,,1,35601264,35601264,0,0,0,BCC CORPORATION
JBAYMER,Miss J.B. Aymer,individual,,1,35581337.5,39169025.50799977,0,0,0,Miss J.B. Aymer
SMPBSAMARAPPERUMA,MR. S.M.P.B. SAMARAPPERUMA,individual,,2,35505416.7,39883363.79854877,0,0,0,MR. S.M.P.B. SAMARAPPERUMA | Mr. S.M.P.B. Samarapperuma
NSTPREMATHIRATNEANDPNPREMATHIRATNE,N.S.T. Premathiratne & P.N. Premathiratne,joint,,1,35358679.2,94935352.23222321,0,0,0,Commercial Bank Of Ceylon Plc/N.S.T. Premathiratne & P.N. Premathiratne
PRASHANTHAWANIGASURIYA,MR. PRASHANTHA WANIGASURIYA,individual,,1,35320129,35320129,0,0,0,MR. PRASHANTHA WANIGASURIYA
TALPAWILAKANKANAMGEDONARUNAPRASAD,Talpawila Kankanamge Don Aruna Prasad,individual,,1,35220000,35220000,0,0,0,Talpawila Kankanamge Don Aruna Prasad
PALAMANDADIGELAHIRUS,Dr. Palamandadige Lahiru S.,individual,,1,35003892,35003892,0,0,0,Sampath Bank PLC/Dr. Palamandadige Lahiru S.
ABVUALAHARUWAN,Mr. A.B.V.U. Alaharuwan,individual,,1,35000000,35000000,0,0,0,Mr. A.B.V.U. Alaharuwan
FARYDE,MR. F.A. RYDE,individual,,1,34993350,34993350,0,0,0,MR. F.A. RYDE
DARYDE,MR. D.A. RYDE,individual,,1,34993350,34993350,0,0,0,MR. D.A. RYDE
PTILLAKARATNE,P. Tillakaratne,individual,,2,34946386.7,38236762.19964056,0,0,0,Mrs A.L.Thambiayah NIL 11 Peoples Leasing and Finance PLC /P. Tillakaratne | People S Leasing And Finance PLC/P.Tillakaratne
VARATHARAJAHSIVAKUMAR,MR. VARATHARAJAH SIVAKUMAR,individual,,1,34799856,34799856,0,0,0,MR. VARATHARAJAH SIVAKUMAR
MACHOLDINGS,MAC Holdings Pvt Ltd,company,,2,34730472.5,34730472.5,0,0,0,MAC Holdings Pvt Ltd | MAC Holdings PVT LTD
ARUNAENTERPRISESPVT,ARUNA ENTERPRISES(PVT) LTD,company,,1,34570400,34570400,0,0,0,SAMPATH BANK PLC / ARUNA ENTERPRISES(PVT) LTD
MBSLKSDEVSHANKAR,MBSL/K S DEVSHANKAR,joint,,1,34568655,40390416.5317665,0,0,0,MBSL/K S DEVSHANKAR
JKMAYAKADUWAGE,MR.J.K.MAYAKADUWAGE,individual,,1,34546776,34546776,0,0,0,MR.J.K.MAYAKADUWAGE
PMURALTHARAN,P. Muraltharan,individual,,1,34408668.8,34408668.8,0,0,0,DFCC Bank PLC/P. Muraltharan
RAMPRITAMDASDPHATHIRAMANIANDLPHATHIRAMANI,"Mr. Ram Pritamdas, Mr. D. P. Hathiramani & Miss. L.P. Hathiramani",joint,,1,34400000,34400000,0,0,0,"Mr. Ram Pritamdas, Mr. D. P. Hathiramani & Miss. L.P. Hathiramani"
AJITADEZOYSAANDCO,Ajita De Zoysa & Company Limited,company,,1,34212013,49921565.38389765,0,0,0,Ajita De Zoysa & Company Limited
WMKSNDFERNANDO,Mr. W.M.K.S.N.D. Fernando,individual,,1,34133528,34133528,0,0,0,Mr. W.M.K.S.N.D. Fernando
MAPANAPITIYA,M.A. Panapitiya,individual,,1,34022176.5,34022176.5,0,0,0,Merchant Bank of Sri Lanka & Finance PLC/M.A. Panapitiya
TAMIRTHALINGAM,MR. T. AMIRTHALINGAM,individual,,3,33999740.09999999,38536002.76557744,0,0,0,MR. T. AMIRTHALINGAM | Mr. T. Amirthalingam
NAMALGROWTHFUND,Namal Growth Fund,institution,,1,33960084.9,33960084.9,0,0,0,Deutsche Bank Ag-Namal Growth Fund
4RSGURUSINGHESRILANKA,\4r. S. Gurusinghe Sri l-anka,company,,1,33912000,33912000,0,0,0,\4r. S. Gurusinghe Sri l-anka
CHANDIMABANDARAWELAGEDARA,MR. CHANDIMA BANDARA WELAGEDARA,individual,,2,33896100,33896100,0,0,0,MR. CHANDIMA BANDARA WELAGEDARA
ANADARADENIYAESTATE,Anadaradeniya Estate Private Limited,company,,1,33750752,40483975.29392133,0,0,0,Sampath Bank PLC/Anadaradeniya Estate Private Limited
DMRTRANCHELL,D. M. R. Tranchell,individual,,1,33674004,33682561.29081403,0,0,0,Peoples Leasing and Finance PLC / D. M. R. Tranchell
KPUSPARAJ,MRS. K. PUSPARAJ,individual,,1,33667588,33667588,0,0,0,MRS. K. PUSPARAJ
ARUNASALAMSITHAMP,Arunasalam Sithamp,individual,,1,33649000,33649000,0,0,0,Hatton National Bank Plc/Arunasalam Sithamp
NISHANTHAPRADEEPWIJETUNGADELGODA,NISHANTHA PRADEEP WIJETUNGA DELGODA,individual,,1,33541558.3,33541558.3,0,0,0,HATTON NATIONAL BANK PLC/ NISHANTHA PRADEEP WIJETUNGA DELGODA
IAGOONETILLEKE,MRS. I. A. GOONETILLEKE,individual,,1,33396000,39020272.85975903,0,0,0,MRS. I. A. GOONETILLEKE
SUMATHIPALAUWJPA,Sumathipala U. W. J. P. A.,individual,,1,33299200,33299200,0,0,0,Sumathipala U. W. J. P. A.
VOLANKAEXPORTS,Volanka Exports Limited,company,,1,33243234,33243234,0,0,0,Volanka Exports Limited
SHABBIRABBASGULAMHUSEIN,MR SHABBIR ABBAS GULAMHUSEIN,individual,,1,33111973,33111973,0,0,0,SAMPATH BANK PLC/MR SHABBIR ABBAS GULAMHUSEIN
MRZIARD,MR. M.R. ZIARD,individual,,2,33069485.8,33069485.8,0,0,0,MR. M.R. ZIARD | Mr. M.R. Ziard
PERERAGAMAMEDALIYANAGEJOSEPHLALITHNEOMAL,Perera Gamamedaliyanage Joseph Lalith Neomal,individual,,1,33053652.5,33053652.5,0,0,0,Perera Gamamedaliyanage Joseph Lalith Neomal
SACKEERTHISINGHEANDDMJSDISSANAYAKE,Mr. S. A. C. Keerthisinghe and Mrs. D. M. J. S. Dissanayake,joint,,1,32994000,33002384.48712895,0,0,0,Mr. S. A. C. Keerthisinghe and Mrs. D. M. J. S. Dissanayake
WPADGUNATHILAKE,MR. W.P.A.D. GUNATHILAKE,individual,,2,32922700,35741447.09651024,0,0,0,MR. W.P.A.D. GUNATHILAKE | Mr. W. P. A. D. Gunathilake
OUKJAYASUNDARA,MISS. O.U.K. JAYASUNDARA,individual,,4,32855837.55442702,32855837.55442702,0,0,0,Miss. O.U.K. Jayasundara | MISS. O.U.K. JAYASUNDARA | Miss.O.U.K Jayasundara
ARUNAENTERPRISES,Aruna Enterprises (Pvt) Ltd,company,,2,32779881.04725402,34176404.01364673,0,0,0,Sampath Bank PLC/Aruna Enterprises (Pvt) Ltd | Sampath Bank PLC/Aruna Enterprises Pvt Ltd.
JAYASINGHEJASN,Jayasinghe J A S N,individual,,1,32748502.5,32748502.5,0,0,0,Jayasinghe J A S N
COMMERCIALAGENCIESCEYLON,Commercial Agencies (Ceylon) Ltd,company,,1,32711228,47731646.40705543,0,0,0,Commercial Agencies (Ceylon) Ltd
ACJAYASINGHE,Mr. A C Jayasinghe,individual,,1,32656932.0,150448923.85288984,0,0,0,Seylan Bank PLC/ Mr. A C Jayasinghe | Hatton National Bank PLC/ Mr. A C Jayasinghe
HASPKUMARA,H.A.S.P.Kumara,individual,,2,32653527.47755003,32653527.47755003,0,0,0,Assetline Finance PLC/ H.A.S.P.Kumara | Assetline Finance Plc/H.A.S.P.Kumara
GERALDDMICHAELRANASINGHEORKRANASINGHE,Mr. Gerald D. Michael Ranasinghe / Mrs. O. R. K. Ranasinghe,joint,,1,32519616,32519616.0,0,0,0,Mr. Gerald D. Michael Ranasinghe / Mrs. O. R. K. Ranasinghe
YKURUNERU,Mr. Y. Kuruneru,individual,,1,32487819,32487819,0,0,0,Mr. Y. Kuruneru
WICKRAMESOORIYAVSPANDWICKRAMESOORIYASE,Wickramesooriya V.S.P. & Wickramesooriya S.E.,joint,,1,32466294.0,32466294.0,0,0,0,Wickramesooriya V.S.P. & Wickramesooriya S.E.
FHTCSILVA,F.H.T.C.Silva,individual,,4,32427936.8,47601532.7566824,0,0,0,Citizens Development Business Finance PLC/F.H.T.C.Silva | F H T C.Silva | CITIZENS DEVELOPMENT BUSINESS FINANCE PLC/MR. F.H.T.C.SILVA
IJAKARUNARATNA,Mr. I J A Karunaratna,individual,,1,32391709.2,32391709.2,0,0,0,Mr. I J A Karunaratna
HSRANAWEERA,Mr. H.S.Ranaweera,individual,,1,32258044,32454509.26827896,0,0,0,Mr. H.S.Ranaweera
FERNANDOPULLEJOSEPHFELIX,Fernandopulle Joseph Felix,individual,,1,32252230,32252230,0,0,0,Fernandopulle Joseph Felix
SWANEEMILLS,Swanee Mills Ltd,company,,1,32229152.5,32229152.5,0,0,0,Swanee Mills Ltd
MMMISSO,MRS. M. M. MISSO,individual,,1,32227140,37654563.30966745,0,0,0,MRS. M. M. MISSO
MCPUSHPAKUMARA,Mr. M.C.Pushpakumara,individual,,2,32036736.91451885,32036736.91451885,0,0,0,Mr. M.C.Pushpakumara | Mr. M. C. Pushpakumara
EDESILVA,MRS. E. DE SILVA,individual,,1,32003235,37392950.11663043,0,0,0,MRS. E. DE SILVA
NDKURUKULASURIYA,Mr. N. D. Kurukulasuriya,individual,,2,31809926.4,35999320.64716438,0,0,0,Mr. N. D. Kurukulasuriya | Mr. N.D. Kurukulasuriya
JUDENISHANTHAWEERAKOON,JUDE NISHANTHA WEERAKOON,individual,,2,31709173.38162096,31709173.38162096,0,0,0,HATTON NATIONAL BANK PLC/JUDE NISHANTHA WEERAKOON
PANDUWAWELAPKKUMARASIRI,Panduwawela P K Kumarasiri,individual,,1,31555230,31555230,0,0,0,Panduwawela P K Kumarasiri
GSBIYANWILA,MR. G S BIYANWILA,individual,,1,31530176.6,31530176.6,0,0,0,MR. G S BIYANWILA
PDPANAGODA,Mr. P D Panagoda,individual,,1,31524990.0,31524990.0,0,0,0,Mr. P D Panagoda
ATWEERASEKARA,A.T.Weerasekara,individual,,1,31444379.7,31444379.7,0,0,0,DFCC Bank PLC/A.T.Weerasekara
KASSRODRIGO,Dr. K.A.S.S. Rodrigo,individual,,2,31374500,31374500,0,0,0,Dr. K.A.S.S. Rodrigo
EHTUDAWEDO,Mr. E. H. Tudawe do,individual,,1,31327216.0,31327216.0,0,0,0,Mr. E. H. Tudawe do
KAHKURUPPU,Mr. K A H Kuruppu,individual,,1,31252480,31252480,0,0,0,Mr. K A H Kuruppu
RSHNANAYAKKARAANDRANANAYAKKARA,R.S.H. Nanayakkara & R.A. Nanayakkara,joint,,1,31200000,31200000,0,0,0,Senkadagala Finance PLC /R.S.H. Nanayakkara & R.A. Nanayakkara
MSSSARJEE,MR. M.S.S. SARJEE,individual,,1,31156488,31156488,0,0,0,MR. M.S.S. SARJEE
JMPBJAYASUNDARA,J.M.P.B. Jayasundara,individual,,1,31081315.5,83450957.49032842,0,0,0,Dialog Fanance Plc/J.M.P.B. Jayasundara
PBRAHMANAGE,Mr. P. Brahmanage,individual,,1,31075000,45344091.39575095,0,0,0,Mr. P. Brahmanage
GOLDINVESTMENT,GOLD INVESTMENT LIMITED.,company,,1,30998583,34040042.09237735,0,0,0,GOLD INVESTMENT LIMITED.
GIRATNANATHER,Mr. G I Ratnanather,individual,,2,30965355,30965355,0,0,0,Mr. G I Ratnanather | Mr. G. I Ratnanather
JSRATNANATHER,Mr. J S Ratnanather,individual,,2,30960207.5,30960207.5,0,0,0,Mr. J S Ratnanather | Mr.J.S Ratnanather
MAYFIELDINVESTMENT,Mayfield Investment ( Private ) Limited,company,,1,30848990,75145019.38292685,0,0,0,Mayfield Investment ( Private ) Limited
PMTISSERA,Mrs. P. M. Tissera,individual,,2,30817680,33738516.45725418,0,0,0,Mrs. P. M. Tissera
SRTHAMBIAYAHNIL10MALIKJOSEPHFERNANDO,Mrs.S.R.Thambiayah NIL 10 Mr. Malik Joseph Fernando,individual,,1,30694110,30694110,0,0,0,Mrs.S.R.Thambiayah NIL 10 Mr. Malik Joseph Fernando
JAPANABOKKE,Mr. J A Panabokke,individual,,1,30684313.8,30684313.8,0,0,0,Mr. J A Panabokke
SDLOUKUGE,Miss. S.D. Loukuge,individual,,1,30642200,30642200,0,0,0,Miss. S.D. Loukuge
ABDULHUSSEINYH,Abdulhussein Y.H,individual,,1,30590000,30590000,0,0,0,Abdulhussein Y.H
RJROCKWOOD,Mr. R. J. Rockwood,individual,,4,30386679.7,30386679.7,0,0,0,MR. R.J. ROCKWOOD | Mr. R. J. Rockwood | MR.R.J.ROCKWOOD
GAUTHAMR,Gautham R.,individual,,1,30380700,30380700,0,0,0,Gautham R.
SHALSRIINVESTMENTS,Shalsri Investments (Pvt) Ltd,company,,4,30350704.73499841,65886477.50841851,0,0,0,Shalsri Investments (Pvt) Ltd | Shalsri Investments (Private) Limited | Shalsri Investments (Private) Ltd | Shalsri Investments (Private) Ltd.
MAOMARANDMASHROFFOMAR,Mr. M.A.Omar & Mrs. M.Ashroff Omar,joint,,1,30328257.6,30328257.6,0,0,0,Mr. M.A.Omar & Mrs. M.Ashroff Omar
HASHIMAHMEDALSAYIDHASHIMALGHARABALLY,Mr. Hashim Ahmed Alsayid Hashim Algharabally,individual,,2,30171359.71280401,30171359.71280401,0,0,0,Mr. Hashim Ahmed Alsayid Hashim Algharabally | MR. HASHIM AHMED ALSAYID HASHIM ALGHARABALLY
ARNPERERA,Mrs. A.R.N. Perera,individual,,1,30127838.4,30127838.4,0,0,0,Mrs. A.R.N. Perera
JAWAHARLALVIJAYASRIKUMARADASCOREA,Mr.Jawaharlal Vijaya Srikumaradas Corea,individual,,1,30119848,37730302.26860385,0,0,0,Mr.Jawaharlal Vijaya Srikumaradas Corea
MMUDESHIDESC,Mrs. M. M. Udeshi (DESC),individual,,1,30008070.0,30008070.0,0,0,0,Mrs. M. M. Udeshi (DESC)
AAMARIKAR,Mr. A.A. Marikar,individual,,2,29934000,31595803.78933803,0,0,0,Mr. A.A. Marikar | Mr. A. A. Marikar
MMANNAWARAJAN,Mr. M. Mannawarajan,individual,,1,29905704,35871846.1112607,0,0,0,Mr. M. Mannawarajan
ABDULHUSSEINRH,Abdulhussein R.H,individual,,1,29844570.0,29844570.0,0,0,0,Abdulhussein R.H
RAYMAKERSMAT,Raymakers M. A. T,individual,,1,29796270.0,29796270.0,0,0,0,Raymakers M. A. T
HATTONNATIONALBANKPLCSENFINDIVIDENDFUND,Hatton National BankPLC-Senfin Dividend Fund,institution,,1,29676755.58158236,29676755.58158236,0,0,0,Hatton National BankPLC-Senfin Dividend Fund
JKDJAYATILLAKEANDAJAYATILLAKE,J. K. D.Jayatillake & A. Jayatillake,joint,,3,29658085.2,32865600.87072458,0,0,0,Citizens Development Business Finance PLC/J. K. D.Jayatillake & A. Jayatillake | Citizens Development Business Finance PLC/J.K.D. Jayatillake & A. Jayatillake | Citizens Development Business Finance PLC/J.K.D.Jayatillake & A. Jayatillake
PADRUWANUDAYANGANAPUSHPAKUMARA,Mr. P.A.D. Ruwan Udayangana Pushpakumara,individual,,1,29643600,51613381.76821543,0,0,0,Mr. P.A.D. Ruwan Udayangana Pushpakumara
CITIZENSDEVELOPMENTBUSINESSFINANCEACCTNO01,Citizens Development Business Finance Acct No 01,company,,1,29640324.47702642,46732124.95599761,0,0,0,Citizens Development Business Finance Acct No 01
JAYALATHTS,Jayalath T S,individual,,1,29550760,29550760,0,0,0,Jayalath T S
MTRAJABKHAN,Mr. M.T. Rajab Khan,individual,,3,29377200,29377200,0,0,0,Mr. M.T. Rajab Khan | MR. M.T. RAJAB KHAN
JOINT1PATHMASIRITHOMPSONCOORAY,Joint - 1 : Mr. Pathmasiri Thompson Cooray,joint,,1,29330318.67573209,29330318.67573209,0,0,0,Joint - 1 : Mr. Pathmasiri Thompson Cooray
DINLANKALOGISTICS,DINLANKA LOGISTICS PVT LTD,company,,1,29246745,71076218.52430971,0,0,0,DINLANKA LOGISTICS PVT LTD
MSFHAQQUE,M.S.F.HAQQUE,individual,,5,29222456.42178456,29222456.42178456,0,0,0,SENKADAGALA FINANCE PLC/M.S.F.HAQQUE | MR. M.S.F. HAQQUE | Senkadagala Finance PLC/M.S.F Haqque | Mr. M.S.F. Haqque
SCFERNANDO,MRS. S. C. FERNANDO,individual,,1,29221500,34142738.75228915,0,0,0,MRS. S. C. FERNANDO
OISHEUNN,Mr O.I. Sheunn,individual,,1,29211768,29211768,0,0,0,Mr O.I. Sheunn
AMIRALLYLUKMANJEE,Amirally Lukmanjee,individual,,2,29096058,29096058,0,0,0,Amirally Lukmanjee | MR. AMIRALLY LUKMANJEE
LKGOONEWARDENE,Mrs. L.K. Goonewardene,individual,,2,29049400,29049400,0,0,0,Mrs. L.K. Goonewardene
LALANTHAWILFREDANOMALDESOYSA,Mr. Lalantha Wilfred Anomal De Soysa,individual,,1,28978830,77805944.55371279,0,0,0,Mr. Lalantha Wilfred Anomal De Soysa
BWRSRIKANTHA,Mr. B.W.R. Srikantha,individual,,2,28918957.2,28918957.2,0,0,0,Mr. B.W.R. Srikantha | Mr. B.W.R Srikantha
RDLEHELIYAGODAANDSUREHELIYAGODA,Mr. R.D.L. Eheliyagoda & Mrs. S.U.R.Eheliyagoda,joint,,1,28903271.1,28903271.1,0,0,0,Mr. R.D.L. Eheliyagoda & Mrs. S.U.R.Eheliyagoda
DEREKJOSEPHDESILVAWIJEYERATNE,Mr. Derek Joseph De Silva Wijeyeratne,individual,,2,28879784,28879784,0,0,0,Mr. Derek Joseph De Silva Wijeyeratne | MR. DEREK JOSEPH DE SILVA WIJEYERATNE
SVASUDEVANSUBRAMANIAM,Mr S Vasudevan Subramaniam,individual,,1,28860000.0,74721639.99473092,0,0,0,Mr S Vasudevan Subramaniam
HMIJAYASINGHE,Mr. H. M. I. Jayasinghe,individual,,1,28810000.0,28810000.0,0,0,0,Citizens Development Business PLC / Mr. H. M. I. Jayasinghe
WNSCANAGARATNA,Mr. W N S Canagaratna,individual,,2,28807172.5,28807172.5,0,0,0,Mr. W N S Canagaratna
DAMIANAMALCABRAAL,Mr. Damian Amal Cabraal,individual,,1,28800000,28800000,0,0,0,Mr. Damian Amal Cabraal
HUSEINNURUDDINESUFALLYANDSHAMSHUNRUKKIYAAZIRAESUFALLY,Mr. Husein Nuruddin Esufally and Mrs. Shamshun Rukkiya Azira Esufally,joint,,1,28793488,35909964.13375543,0,0,0,Mr. Husein Nuruddin Esufally and Mrs. Shamshun Rukkiya Azira Esufally
BWKUNDANMAL,Mr. B.W. Kundanmal,individual,,1,28750000,28750000,0,0,0,Mr. B.W. Kundanmal
YWATANABE,MR. Y. WATANABE,individual,,1,28710000.0,28710000.0,0,0,0,MR. Y. WATANABE
NKDALWIS,MR. N.K. D'ALWIS,individual,,1,28700000,31515931.16534489,0,0,0,MR. N.K. D'ALWIS
SSSITHAMBARANATHAN,MR. S.S. SITHAMBARANATHAN,individual,,2,28502507.24917315,29721367.6769346,0,0,0,MR. S.S. SITHAMBARANATHAN | Mr. S. S. Sithambaranathan
EJDESOYSA,Mr. E.J. De Soysa,individual,,2,28495094.6,37759080.76719005,0,0,0,Mr. E.J. De Soysa
MANHAMMAD,M.A.N. Hammad,individual,,1,28423830.9,76315814.37240593,0,0,0,Dfcc Bank Plc/M.A.N. Hammad
AMAALSAAD,Mr. A.M.A. Alsaad,individual,,1,28374174.3,28374174.3,0,0,0,Mr. A.M.A. Alsaad
AASUNIL,Mr. A.A. Sunil,individual,,1,28327340,28327340,0,0,0,Mr. A.A. Sunil
SIDATHVIVENDRAKODIKARA,Mr. Sidath Vivendra Kodikara,individual,,1,28280494.0,35426194.27977982,0,0,0,Mr. Sidath Vivendra Kodikara
SENTHILVERLHOLDING,Senthilverl Holding (Pvt) Ltd,company,,1,28071999.47970001,28071999.47970001,0,0,0,Sampath Bank PLC/Senthilverl Holding (Pvt) Ltd
IBMCLANKA,IBMC Lanka (Pvt) Ltd,company,,2,28044352.13450993,29510476.13544177,0,0,0,IBMC Lanka (Pvt) Ltd | I B M C Lanka (Pvt) Ltd
UGJCHAMINDA,MR. U.G.J. CHAMINDA,individual,,3,28013055.4,37507054.05728096,0,0,0,MR. U.G.J. CHAMINDA | Mr. U.G.J. Chaminda | Mr.U.G.J Chaminda
MMURALIDARAN,Mr.M. Muralidaran,individual,,1,27864181.9835518,27864181.9835518,0,0,0,Mr.M. Muralidaran
BPOBRAN,MR. B POBRAN,individual,,1,27668960.0,27668960.0,0,0,0,MR. B POBRAN
NUTRIPLUS,NUTRI PLUS (PVT) LTD,company,,3,27665552.8,34355969.02271663,0,0,0,MERCHANT BANK OF SRI LANKA & FINANCE PLC/NUTRI PLUS (PVT) LTD
ADCGGUNAWARDANA,Mr A D C G Gunawardana,individual,,1,27658702.5,71611351.72995025,0,0,0,Mr A D C G Gunawardana
STJOSEPHDCMANUFACTURES,St. Joseph D C Manufactures (Pvt) Ltd,company,,1,27651945,27651945,0,0,0,St. Joseph D C Manufactures (Pvt) Ltd
MJTMOHAMED,Mr.M.J.T. Mohamed,individual,,1,27625000,27625000,0,0,0,Mr.M.J.T. Mohamed
DCPDESILVASIRIWARDANE,Mr. D. C. P. De Silva Siriwardane,individual,,1,27555948.0,27555948.0,0,0,0,Mr. D. C. P. De Silva Siriwardane
PRAVINDRAN,Ms. P. Ravindran,individual,,1,27552800,27552800,0,0,0,Ms. P. Ravindran
BLUEOCEANICBEACHHOTELS,Blue Oceanic Beach Hotels (Pvt) Ltd,company,,1,27539547.6,35819270.4796542,0,0,0,Blue Oceanic Beach Hotels (Pvt) Ltd
HEWAFONSEKAGEDINESHACHATHURANGIFONSEKA,MRS. HEWA FONSEKAGE DINESHA CHATHURANGI FONSEKA,individual,,1,27537450,27537450,0,0,0,MRS. HEWA FONSEKAGE DINESHA CHATHURANGI FONSEKA
WIMGFERNANDO,W.I.M.G. Fernando,individual,,1,27535027.5,27535027.5,0,0,0,W.I.M.G. Fernando
KFURUSATO,MR. K. FURUSATO,individual,,1,27360000.0,27360000.0,0,0,0,MR. K. FURUSATO
PPOONGUNASEELAN,Mr. P. Poongunaseelan,individual,,2,27351368.6,27351368.6,0,0,0,Mr. P. Poongunaseelan
HGSANSELLANDAPANSELL,Mrs. H.G.S. Ansell & Mrs. A.P. Ansell,joint,,2,27349810.81455109,49764254.28383973,0,0,0,Mrs. H.G.S. Ansell & Mrs. A.P. Ansell
HGSANSELL,H.G.S.Ansell,individual,,2,27323875,34869121.58437791,0,0,0,Mrs. H.G.S. Ansell | H.G.S.Ansell
MESDSAMSONINDUSTRIES,MES D.SAMSON INDUSTRIES LIMITED,company,,1,27314708,27314708,0,0,0,MES D.SAMSON INDUSTRIES LIMITED
RNWIJEWARDENE,Mrs.R.N.Wijewardene,individual,,1,27259347.5,27259347.5,0,0,0,Mrs.R.N.Wijewardene
CSDHARMADASA,Mrs. C.S. Dharmadasa,individual,,1,27109593,27109593,0,0,0,Mrs. C.S. Dharmadasa
DONBUDDHADASAWETHASINGHE,MR. DON BUDDHADASA WETHASINGHE,individual,,1,27000000,27000000,0,0,0,MR. DON BUDDHADASA WETHASINGHE
WBALIEWWMDISRILANKA,"Miss, W.B,A, lieww-mdi Sri l-anka",individual,,1,27000000,27000000,0,0,0,"Miss, W.B,A, lieww-mdi Sri l-anka"
DSNAKANDALA,D.S.Nakandala,individual,,1,26970000,72412389.47927275,0,0,0,Dialog Finance Plc/D.S.Nakandala
KMATHIVANAN,Mr. K.Mathivanan,individual,,1,26952558.5927712,26952558.5927712,0,0,0,Mr. K.Mathivanan
ANGWIJEYEKOON,Mr. A. N. G. Wijeyekoon,individual,,1,26814528,26814528,0,0,0,Mr. A. N. G. Wijeyekoon
PPANDARARAJA,Mr. P. P. Andararaja,individual,,1,26677200,26677200,0,0,0,Mr. P. P. Andararaja
MALUKMANJEE,Mr. M. A. Lukmanjee,individual,,1,26677200,26677200,0,0,0,Mr. M. A. Lukmanjee
DYANDDURAJAPAKSA,D.Y.& D.U.Rajapaksa (Pvt) Ltd,company,,1,26489485,26489485,0,0,0,D.Y.& D.U.Rajapaksa (Pvt) Ltd
SLWARMAN,MRS. S.L. WARMAN,individual,,1,26428992,40972901.68403182,0,0,0,MRS. S.L. WARMAN
USRATHNAYAKE,U S RATHNAYAKE,individual,,1,26400000,40927955.34761371,0,0,0,MERCHANT BANK OF SRI LANKA & FINANCE PLC/U S RATHNAYAKE
FATHIMARIZWANABUHARDEEN,Mrs. Fathima Rizwana Buhardeen,individual,,1,26400000,26400000,0,0,0,Mrs. Fathima Rizwana Buhardeen
SIVAPIRAGASAMKANAGASINGAMAATHITHAN,SIVAPIRAGASAM KANAGASINGAM AATHITHAN,individual,,1,26305559,28886557.02822015,0,0,0,SEYLAN BANK PLC/SIVAPIRAGASAM KANAGASINGAM AATHITHAN
DMSSJAYASINGHE,MR. D.M.S.S. JAYASINGHE,individual,,1,26251670.48106575,26251670.48106575,0,0,0,MR. D.M.S.S. JAYASINGHE
JAYANTHADEWAGE,Jayantha Dewage,individual,,2,26234235.6,26234235.6,0,0,0,Seylan Bank PLC/Jayantha Dewage | Seylan Bank PLC / Jayantha Dewage
MTSTANISLAUS,Dr. M.T.Stanislaus,individual,,2,26076565,26076565,0,0,0,Dr. M.T.Stanislaus | Dr. M T Stanislaus
KSWARUSAVITARANA,Mr. K.S. Warusavitarana,individual,,1,25958068.5,25958068.5,0,0,0,Mr. K.S. Warusavitarana
NRTHAMBIAYAHNIL12THEESTATEOFLATEKANGASUCHELVADURAIVIGNARAJAH,Ms N.R.Thambiayah NIL 12 The Estate of Late Mr Kangasu Chelvadurai Vignarajah,estate,,1,25953385.5,25953385.5,0,0,0,Ms N.R.Thambiayah NIL 12 The Estate of Late Mr Kangasu Chelvadurai Vignarajah
FRONTIERWEALTH,FRONTIER WEALTH (PVT) LTD,company,,1,25920000,25920000,0,0,0,FRONTIER WEALTH (PVT) LTD
FRMUZAMMIL,Mr. F R Muzammil,individual,,1,25902437.6,119331291.19681635,0,0,0,Mr. F R Muzammil
SILVASADUSHEHAN,"Silva, S.A.D.U. Shehan",individual,,1,25885942.5,25885942.5,0,0,0,"Silva, S.A.D.U. Shehan"
MIBUHARDEEN,MR. M. I. BUHARDEEN,individual,,2,25869822.0,33182337.99614312,0,0,0,MR. M. I. BUHARDEEN | Mr. M.I. Buhardeen
IWPKALPA,I W P Kalpa,individual,,1,25830118.2,25830118.2,0,0,0,Nation Lanka Capital Ltd/I W P Kalpa
WEERAHENNEDIGESOHANRAMINALFERNANDO,Mr.Weerahennedige Sohan Raminal Fernando,individual,,1,25767665,32278442.74666075,0,0,0,Mr.Weerahennedige Sohan Raminal Fernando
AUDESILVA,MR. A.U. DE SILVA,individual,,1,25760005.6,25760005.6,0,0,0,MR. A.U. DE SILVA
PAKDJEEVANTHI,Mrs. P.A.K.D. Jeevanthi,individual,,2,25718520.3,60423404.98416793,0,0,0,Mrs. P.A.K.D. Jeevanthi
SINHARAJAHILLSPLANTATION,Sinharaja Hills Plantation (Pvt) Ltd,company,,2,25711003.9,25711003.9,0,0,0,Sinharaja Hills Plantation (Pvt) Ltd | Sinharaja Hills Plantation Pvt Limited
RSENTHILNATHAN,Mr. R. Senthilnathan,individual,,1,25670783.25,25670783.25,0,0,0,Mr. R. Senthilnathan
WELLAPPULIARACHCHIGESATHIRALIMALPRABHUWELLAPPULIARACHCHI,MR. WELLAPPULI ARACHCHIGE SATHIRA LIMAL PRABHU WELLAPPULIARACHCHI,individual,,2,25655291.2,25655291.2,0,0,0,MR. WELLAPPULI ARACHCHIGE SATHIRA LIMAL PRABHU WELLAPPULIARACHCHI
BADRDISSANAYAKE,Mr. B. A. D. R. Dissanayake,individual,,1,25650000,25650000,0,0,0,Mr. B. A. D. R. Dissanayake
RENAISSANCECAPITALINVESTMENTS,RENAISSANCE CAPITAL INVESTMENTS LIMITED,company,,1,25395909,25395909,0,0,0,RENAISSANCE CAPITAL INVESTMENTS LIMITED
WHNFERNANDO,W.H.N. Fernando,individual,,1,25387193,25387193,0,0,0,People's Leasing & Finance Plc/W.H.N. Fernando
DEDUNUCAPITAL,DEDUNU CAPITAL (PRIVATE) LIMITED,company,,1,25385250,25385250,0,0,0,DEDUNU CAPITAL (PRIVATE) LIMITED
MUTUTANTRIGEPARAKRAMADEVAKACOORAY,MR. MUTUTANTRIGE PARAKRAMA DEVAKA COORAY,individual,,1,25320000,25320000,0,0,0,MR. MUTUTANTRIGE PARAKRAMA DEVAKA COORAY
DNSELLAMUTTU,MR. D.N. SELLAMUTTU,individual,,1,25296729,26000719.24802673,0,0,0,HATTON NATIONAL BANK PLC/MR. D.N. SELLAMUTTU
KTHINESKUMAR,MR. K. THINESKUMAR,individual,,2,25291190.9,25291190.9,0,0,0,MR. K. THINESKUMAR | Mr. K. Thineskumar
LRJAYASUNDERA,Miss. L.R.Jayasundera,individual,,1,25263000,25416862.46210499,0,0,0,Miss. L.R.Jayasundera
SHMKALEEL,Dr. S.H.M.Kaleel,individual,,1,25241947.5,25395681.74338657,0,0,0,Dr. S.H.M.Kaleel
RRATNAGOPAL,MR R.RATNA GOPAL,individual,,2,25230580,25230580,0,0,0,MR R.RATNA GOPAL | MR. R. Ratna Gopal
AVRDESILVAJAYATILLEKE,Mr. A.V.R. De Silva Jayatilleke,individual,,3,24965608,24965608,0,0,0,Mr. A.V.R. De Silva Jayatilleke | Mr. A. V.R. De Silva Jayatilleke | MR. A.V.R. DE SILVA JAYATILLEKE
JETTRAVELS,Jet Travels (Private) Ltd,company,,1,24914085.6,32404467.3435252,0,0,0,Jet Travels (Private) Ltd
AAMERCHANT,Mrs. A.A. Merchant,individual,,1,24898044.099846,24898044.099846,0,0,0,Mrs. A.A. Merchant
NAHILJOSEPHTERENCEDEFONSEKA,Mr. Nahil Joseph Terence De Fonseka,individual,,1,24877222.5,63256354.32309365,0,0,0,Mr. Nahil Joseph Terence De Fonseka
GUARDIANASSETMANAGEMENT,Guardian Asset Management Ltd.,institution,,1,24818600,66312821.35316928,0,0,0,Guardian Asset Management Ltd.
MAAHMOOSAJEE,MR. M.A.A.H. MOOSAJEE,individual,,1,24788474.5,24788474.5,0,0,0,MR. M.A.A.H. MOOSAJEE
ADDADABHOY,A D Dadabhoy,individual,,1,24743595,25109180.46284213,0,0,0,A D Dadabhoy
MVFERNANDO,Mrs. M.V. Fernando,individual,,1,24640000,34251508.27028002,0,0,0,Mrs. M.V. Fernando
ASITHAVIDANAGAMAGE,Asitha Vidanagamage,individual,,1,24593569.0,24593569.0,0,0,0,Asitha Vidanagamage
MSZARAJUDEEN,MR. M.S. ZARAJUDEEN,individual,,1,24567737.6,24567737.6,0,0,0,MR. M.S. ZARAJUDEEN
TSTTTSATHESECRETARYTOTHETREASURYSUNDRY,Tsttt-Sathe Secretary To The Treasury - Sundry,institution,,1,24549017.89663571,25248062.87987039,0,0,0,Tsttt-Sathe Secretary To The Treasury - Sundry
HSUAMARASEKARA,Dr. H. S. U. Amarasekara,individual,,1,24430000,24430000,0,0,0,Dr. H. S. U. Amarasekara
TLIYANAGE,MR T. LIYANAGE,individual,,1,24416964,24416964,0,0,0,MR T. LIYANAGE
EMILEJOSEPHGUNESEKERAANDMICHELLEGENEIEVEMARTHAGUNASEKERA,EMILE JOSEPH GUNESEKERA & MICHELLE GENEIEVE MARTHA GUNASEKERA,joint,,1,24412732.5,24412732.5,0,0,0,SEYLAN BANK PLC/EMILE JOSEPH GUNESEKERA & MICHELLE GENEIEVE MARTHA GUNASEKERA
SHEHANS,Shehans (Private) Limited,company,,1,24394062.3,24394062.3,0,0,0,Shehans (Private) Limited
AWMNOWFER,Mr. A.W.M. Nowfer,individual,,1,24328095,24328095,0,0,0,Mr. A.W.M. Nowfer
BDPANABOKKE,Mr B D Panabokke,individual,,1,24195772.3,24195772.3,0,0,0,Mr B D Panabokke
MANNAPPERUMAMDH,Mannapperuma M.D.H,individual,,1,24151610,24151610,0,0,0,Mannapperuma M.D.H
RARISHARDANDFSNRISHARD,Mr. R.A. Rishard & Miss. F.S.N.Rishard,joint,,1,24039859.5,24039859.5,0,0,0,Mr. R.A. Rishard & Miss. F.S.N.Rishard
TDHARMARAJAHNIL13MERRILLJFERNANDOANDSONS,Mr.T.Dharmarajah NIL 13 Merrill J Fernando & Sons (Pvt) Limited,company,,1,24013125,24013125,0,0,0,Mr.T.Dharmarajah NIL 13 Merrill J Fernando & Sons (Pvt) Limited
HASMADANAYAKE,MR. H. A. S. MADANAYAKE,individual,,1,23959584.0,31188938.04952031,0,0,0,MR. H. A. S. MADANAYAKE
JDJORGECALDERON,MR. J.D. JORGE CALDERON,individual,,1,23880912.0,23880912.0,0,0,0,MR. J.D. JORGE CALDERON
MKEERTHIRATNE,M Keerthiratne,individual,,1,23875283.4,31053350.8503603,0,0,0,M Keerthiratne
SMAHENDRAN,Mrs. S. Mahendran,individual,,1,23874000,23874000,0,0,0,Mrs. S. Mahendran
RGAUTHAM,Mr. R.Gautham,individual,,1,23860426.43122689,23860426.43122689,0,0,0,Mr. R.Gautham
RHABEYGOONEWARDENA,MR. R.H. ABEYGOONEWARDENA,individual,,1,23775654.0,26108427.69599501,0,0,0,MR. R.H. ABEYGOONEWARDENA
UBHIKITTRSIRISRILANKA,Mr. U.B.H.I. Kittrsiri Sri Lanka,individual,,1,23760000,23760000,0,0,0,Mr. U.B.H.I. Kittrsiri Sri Lanka
DASOMARATNE,Dr. D. A. Somaratne,individual,,1,23740166.6,23740166.6,0,0,0,Dr. D. A. Somaratne
SCWEERASOORIA,Mr. S.C. Weerasooria,individual,,1,23723881.53639863,25944293.79228928,0,0,0,Mr. S.C. Weerasooria
KMASOMASIRI,Mr.K.M.A.Somasiri,individual,,1,23720261.25110671,23720261.25110671,0,0,0,Mr.K.M.A.Somasiri
CKSANGAKKARA,Mr. C.K. Sangakkara,individual,,1,23681794.5,61314709.73867633,0,0,0,Mr. C.K. Sangakkara
GUARDIANEQUITY,Guardian Equity Limited,company,,1,23650000,23650000,0,0,0,Guardian Equity Limited
RASIAHRANJITHLEON,Mr. Rasiah Ranjith Leon,individual,,1,23618652,63106680.09793761,0,0,0,Mr. Rasiah Ranjith Leon
FJPRAJ,F.J.P.RAJ,individual,,1,23492385,25797365.45539305,0,0,0,SEYLAN BANK PLC /F.J.P.RAJ
RHPJANADHEERA,R.H.P. Janadheera,individual,,4,23474602.57446852,23474602.57446852,0,0,0,Commercial Bank Of Ceylon Plc/R.H.P. Janadheera | Commercial Bank of Ceylon PLC/R.H.P. Janadheera | COMMERCIAL BANK OF CEYLON PLC/R.H.P. JANADHEERA
TRYONICS,TRYONICS PVT LTD,company,,1,23401885.79069036,23401885.79069036,0,0,0,TRYONICS PVT LTD
CEYLONGALVANISINGINDUSTRIES,Ceylon Galvanising Industries Ltd,company,,2,23388217.8,42473923.66269972,0,0,0,Ceylon Galvanising Industries Ltd
RYTUDAWEDO,Mr. R. Y. Tudawe do,individual,,1,23377666,23377666,0,0,0,Mr. R. Y. Tudawe do
LCLOBO,Mr. L. C. Lobo,individual,,1,23349624.5,23349624.5,0,0,0,Mr. L. C. Lobo
MWALAKMAL,M.W.A.Lakmal,individual,,1,23250000,23250000,0,0,0,Assetline Finance PLC / M.W.A.Lakmal
MOHAMEDISMAILMOHAMEDSHAFIE,MR. MOHAMED ISMAIL MOHAMED SHAFIE,individual,,1,23100000.0,56138235.14075001,0,0,0,MR. MOHAMED ISMAIL MOHAMED SHAFIE
JJRAVINDRAN,Mr. J.J. Ravindran,individual,,1,23083914,23083914,0,0,0,Mr. J.J. Ravindran
KLAVEENDRAKUMAR,K.Laveendrakumar,individual,,1,23068806.5,23068806.5,0,0,0,CDB Finance /K.Laveendrakumar | People’s Leasing and Finance PLC/K.Laveendrakumar
KKWEERASINGHE,MR. K.K. WEERASINGHE,individual,,2,23021727.5,23021727.5,0,0,0,MR. K.K. WEERASINGHE | Mr. K. K. Weerasinghe
GDMRANASINGHEJOINTWITHORKRANASINGHE,Mr. G.D.M. Ranasinghe (Joint with Mrs. O.R.K. Ranasinghe),joint,,1,22983749.36915394,22983749.36915394,0,0,0,Mr. G.D.M. Ranasinghe (Joint with Mrs. O.R.K. Ranasinghe)
RATHNAYAKEDNP,Rathnayake D N P,individual,,1,22975827,22975827,0,0,0,Rathnayake D N P
SARULVARMAN,MR. S. ARULVARMAN,individual,,1,22936175.6100547,22936175.6100547,0,0,0,MR. S. ARULVARMAN
SASPPERERA,Mr. S.A.S.P. Perera,individual,,1,22685000,22685000,0,0,0,Mr. S.A.S.P. Perera
CHANDRASIGAMONEY,Chandra Sigamoney,individual,,1,22514940,22514940,0,0,0,Chandra Sigamoney
SADESILVAANDDRDESILVA,S.A. De Silva and D.R. De Silva,joint,,2,22478912,22478912,0,0,0,Dialog Finance PLC/S.A. De Silva and D.R. De Silva | DIALOG FINANCE PLC/S.A.DE SILVA AND D.R.DE SILVA
MAMAZLAM,MR. M.A.M. AZLAM,individual,,3,22420668.5,22420668.5,0,0,0,MR. M.A.M. AZLAM | Mr. M.A.M Azlam | Mr. M.A.M. Azlam
SPHCAPITALHOLDINGS,SPH Capital Holdings (PVT) LTD,company,,1,22396795.8,22396795.8,0,0,0,SPH Capital Holdings (PVT) LTD
SGUNARATNAM,Mrs. S. Gunaratnam,individual,,1,22280100,22280100,0,0,0,Mrs. S. Gunaratnam
PGKING,Mrs. P.G. King,individual,,1,22280100,22280100,0,0,0,Mrs. P.G. King
VGUNARATNAM,Ms. V. Gunaratnam,individual,,1,22280100,22280100,0,0,0,Ms. V. Gunaratnam
SSGAMAGE,MR. S. S. GAMAGE,individual,,1,22148568.75,25878644.03156462,0,0,0,MR. S. S. GAMAGE
NJGAMADIA,MR. N.J. GAMADIA,individual,,1,22077021.5,53572954.31057971,0,0,0,MR. N.J. GAMADIA
NDPHETTIARACHCHI,Mr.N.D.P.Hettiarachchi,individual,,1,22061481.75,22061481.75,0,0,0,Mr.N.D.P.Hettiarachchi
CDRAJAPAKSE,Dr. C.D. Rajapakse,individual,,1,22007670.3,55444674.17699629,0,0,0,Dr. C.D. Rajapakse
NOVAEQUITY,Nova Equity (Pvt) Ltd,company,,1,22001309,22001309,0,0,0,Nova Equity (Pvt) Ltd
RJGREWARDECEASED,Mr. R.J. Grewar,individual,,1,21995875,21995875,0,0,0,Mr. R.J. Grewar (Deceased)
MOHAMEDNALEEMMOHAMEDMUBARAK,MR. MOHAMED NALEEM MOHAMED MUBARAK,individual,,1,21836000,21836000,0,0,0,MR. MOHAMED NALEEM MOHAMED MUBARAK
CEYLINCOGENERALINSURANCELIMITED,CEYLINCO GENERAL INSURANCELIMITED,individual,,1,21816872.7,21816872.7,0,0,0,CEYLINCO GENERAL INSURANCELIMITED
CEYLONCAPITALMARKETADVISORS,CEYLON CAPITAL MARKET ADVISORS LIMITED,company,,1,21792000,21792000,0,0,0,CEYLON CAPITAL MARKET ADVISORS LIMITED
RANILWICKREMASINGHE,Mr.Ranil Wickremasinghe,individual,,1,21751653,21751653,0,0,0,Mr.Ranil Wickremasinghe
DSRDARANAKUMBURA,D. S. R. Daranakumbura,individual,,2,21721137,21721137,0,0,0,D. S. R. Daranakumbura | Mr. D.S.R Daranakumbura
FATHIMASALMASHAFEI,MRS. FATHIMA SALMA SHAFEI,individual,,1,21703565,21703565,0,0,0,MRS. FATHIMA SALMA SHAFEI
LIRSANANDAIIRILANKA,"Mr. li.R.S.Ananda Iiri l,anka",individual,,1,21612873.6,21612873.6,0,0,0,"Mr. li.R.S.Ananda Iiri l,anka"
ALALEITAN,Mr. A L A Leitan,individual,,1,21592958,99477724.78751673,0,0,0,Mr. A L A Leitan
DGWIJEMANNADINALGITANJAN,MR.D.G.WIJEMANNA DINAL GITANJAN,individual,,1,21502704.6,21502704.6,0,0,0,MR.D.G.WIJEMANNA DINAL GITANJAN
LLOYDANDLLOYD,Lloyd and Lloyd Ltd,company,,1,21493332.3,21493332.3,0,0,0,Lloyd and Lloyd Ltd
MELBOURNEMETAL,Melbourne Metal (Pvt) Ltd,company,,1,21491508.16011221,21491508.16011221,0,0,0,Melbourne Metal (Pvt) Ltd
FSSHAFEIANDSAMOHAMEDBASHEER,MRS. F.S. SHAFEI & MR. S.A. MOHAMED BASHEER,joint,,2,21434748.22390144,21434748.22390144,0,0,0,MRS. F.S. SHAFEI & MR. S.A. MOHAMED BASHEER | Mrs. F.S. Shafei & Mr. S.A.Mohamed Basheer
SDMHEMAJITHANDRANUDANI,S.D.M. Hemajith & R.A.N. Udani,joint,,3,21350000,31536209.8215699,0,0,0,Dialog Finance PLC/S.D.M. Hemajith & R.A.N. Udani | MR. S.D.M. HEMAJITH & MRS. R.A.N.UDANI | Dialog Finance PLC / S.D.M Hemajith & R.A.N Udani
CVCABRAALNIL14THELGEAJITHPEIRISPREMJITRAJEEVNICHOLAS,Mr.C.V. Cabraal NIL 14 Mr. Thelge Ajith Peiris / Mr. Premjit Rajeev Nicholas,joint,,1,21345000,21345000,0,0,0,Mr.C.V. Cabraal NIL 14 Mr. Thelge Ajith Peiris / Mr. Premjit Rajeev Nicholas
MNRATNAPRIYA,M.N. RATNAPRIYA,individual,,1,21327477.5,21327477.5,0,0,0,CITIZENS DEVELOPMNT BUSINESS FINANCE PLC/M.N. RATNAPRIYA
NSNPINTO,N S N Pinto,individual,,1,21246422,21246422,0,0,0,Protégé Capital Access Ltd/ N S N Pinto
JOSEPHMARIUSRANJANGOONEWARDENE,Dr.Joseph Marius Ranjan Goonewardene,individual,,1,21222135,26584382.77427952,0,0,0,Dr.Joseph Marius Ranjan Goonewardene
GKGLWIJAYATHILAKE,G.K.G.L WIJAYATHILAKE,individual,,2,21206130,21801751.99946789,0,0,0,MERCHANT BANK OF SRI LANKA & FINANCE PLC/G.K.G.L WIJAYATHILAKE
DSENATHIRAJAHNIL15ARUNASALAMSITHAMPALAM,Dr. D. Senathirajah NIL 15 Mr. Arunasalam Sithampalam,individual,,1,21161433,21161433,0,0,0,Dr. D. Senathirajah NIL 15 Mr. Arunasalam Sithampalam
SILMYAHMEDMOHAMEDBASHEER,MR. SILMY AHMED MOHAMED BASHEER,individual,,1,21157500,21157500,0,0,0,MR. SILMY AHMED MOHAMED BASHEER
LAKPOWER,LAK Power PVT LTD,company,,1,21148538.4,21148538.4,0,0,0,Assetline Finance PLC/ LAK Power PVT LTD
CEYLONCAPITALONEINVESTMENT,Ceylon Capital One Investment (Pvt) Ltd,company,,2,21147580,57340687.04623877,0,0,0,Sampath Bank PLC / Ceylon Capital One Investment (Pvt) Ltd | Sampath Bank PLC/Ceylon Capital One Investment Private Ltd
RRSANANDA,MR. R.R.S. ANANDA,individual,,2,21120522.2,21310399.84638146,0,0,0,MR. R.R.S. ANANDA | Mr. R.R.S. Ananda
RUKAIYAHUSSEINALLY,Miss Rukaiya Husseinally,individual,,1,21106458.75,53668275.59611049,0,0,0,Miss Rukaiya Husseinally
DKLCHANADRASENA,Mr D.K.L Chanadrasena,individual,,1,21096806.5,21096806.5,0,0,0,Sampath Bank PLC /Mr D.K.L Chanadrasena
MOHAMEDSUBAIRFOUZALHAQQUE,MOHAMED SUBAIR FOUZAL HAQQUE,individual,,3,21064999.92150647,23768236.62252273,0,0,0,SEYLAN BANK PLC/MOHAMED SUBAIR FOUZAL HAQQUE | Seylan Bank PLC/ Mohamed Subair Fouzal Haqque | Seylan Bank PLC/Mohamed Subair Fouzal Haqque
KPDAVID,Mr. K.P. David,individual,,1,21021100,21021100,0,0,0,Mr. K.P. David
NAWALOKAHARDWARE,Nawaloka Hardware (Private) Limited,company,,1,21000000,21000000,0,0,0,Nawaloka Hardware (Private) Limited
ACLOKUGE,Mr. A.C. Lokuge,individual,,1,21000000,21000000,0,0,0,Mr. A.C. Lokuge
DKMUNASINGHE,Miss. D.K. Munasinghe,individual,,1,20902898,20902898,0,0,0,Miss. D.K. Munasinghe
INWIJEWARDENE,Mrs.I.N.Wijewardene,individual,,1,20892506.25,20892506.25,0,0,0,Mrs.I.N.Wijewardene
RLVINCENT,Mr. R.L. Vincent,individual,,1,20882125,20882125,0,0,0,Mr. R.L. Vincent
PMANSELL,Mrs. P. Mansell,individual,,1,20882125,20882125,0,0,0,Mrs. P. Mansell
PBOIS,Mr. P. Bois,individual,,1,20882125,20882125,0,0,0,Mr. P. Bois
BANKOFBERMUDA,Bank Of Bermuda Ltd.,company,,1,20882125,20882125,0,0,0,Bank Of Bermuda Ltd.
MRWEERASINGHEDECEASED,Mr. M.R. Weerasinghe,individual,,1,20800000,20800000,0,0,0,Mr. M.R. Weerasinghe (Deceased)
MOHAMEDHISHAMJAMALDEEN,Mr. Mohamed Hisham Jamaldeen,individual,,1,20800000,20800000,0,0,0,Mr. Mohamed Hisham Jamaldeen
HGKTHENNAKGEDARA,MR. H. G. K. T. HENNAKGEDARA,individual,,1,20744988,24238684.04097577,0,0,0,MR. H. G. K. T. HENNAKGEDARA
HGDRDKJAYAWARDANA,Mr. H.G.D.R.D.K. Jayawardana,individual,,2,20742100.5,20882838.26299381,0,0,0,Mr. H.G.D.R.D.K. Jayawardana | MR. H.G.D.R.D.K. JAYAWARDANA
COLOMBOFORTGROUPSERVICES,COLOMBO FORT GROUP SERVICES (PVT) LTD,company,,1,20730121.2,20730121.2,0,0,0,COLOMBO FORT GROUP SERVICES (PVT) LTD
PLPDESILVA,MR. P.L.P. DE SILVA,individual,,1,20724468.8,20724468.8,0,0,0,MR. P.L.P. DE SILVA
CECILIAPAGEAMBASNAYAKE,Mrs. Cecilia Page/ Mrs. A M Basnayake,joint,,1,20689142,20689142,0,0,0,Mrs. Cecilia Page/ Mrs. A M Basnayake
CECILIAPAGEPEMUTTUKUMARU,Mrs. Cecilia Page/ Mr. P.E. Muttukumaru,joint,,1,20689105,20689105,0,0,0,Mrs. Cecilia Page/ Mr. P.E. Muttukumaru
MIMRIZLY,MR. M.I.M. RIZLY,individual,,1,20664000,20664000,0,0,0,MR. M.I.M. RIZLY
SARATHCLEMENTGANEGODA,Mr. Sarath Clement Ganegoda,individual,,2,20650160.0947336,20650160.0947336,0,0,0,Mr. Sarath Clement Ganegoda | MR. SARATH CLEMENT GANEGODA
DGNSAMARASEKARA,MR. D.G.N. SAMARASEKARA,individual,,1,20649574.2,20649574.2,0,0,0,MR. D.G.N. SAMARASEKARA
SURENDRAMOHANCHANDPALPAUL,Dr.Surendramohan Chandpal Paul,individual,,1,20642435,25858208.5842534,0,0,0,Dr.Surendramohan Chandpal Paul
HNRPIERIS,Mr. H. N. R. Pieris,individual,,1,20640000,20640000,0,0,0,Mr. H. N. R. Pieris
URBANINVESTMENTANDDEVELOPMENTCO,URBAN INVESTMENT AND DEVELOPMENT COMPANY PVT LTD,company,,1,20605634.5,20605634.5,0,0,0,URBAN INVESTMENT AND DEVELOPMENT COMPANY PVT LTD
SSIVAJEAN,MR S. SIVAJEAN,individual,,1,20540000,20540000,0,0,0,MR S. SIVAJEAN
GAPRIYASHANTHA,Mr.G.A.Priyashantha,individual,,1,20480000,20480000,0,0,0,Mr.G.A.Priyashantha
AKGINDIKA,A.K.G. Indika,individual,,5,20478015,21138845.20383837,0,0,0,Senkadagala Finance PLC / A.K.G. Indika | SENKADAGALA FINANCE PLC/A.K.G. INDIKA | SENKADAGALA FINANCE PLC/A.K.G.INDIKA | Senkadagala Finance PLC/A.K.G.Indika | Senkadagala Finance PLC/A.K.G. Indika
GTFAZLEABAS,MR. G.T. FAZLEABAS,individual,,2,20416290,20416290,0,0,0,MR. G.T. FAZLEABAS | Mr. G T Fazleabas
SPSNISHARA,S.P.S. NISHARA,individual,,1,20334807,20334807,0,0,0,PEOPLE'S LEASING & FINANCE PLC / S.P.S. NISHARA
CRNARANGODA,Mr. C.R. Narangoda,individual,,2,20328514.8,20328514.8,0,0,0,Mr. C.R. Narangoda | Senkadagala Finance PLC/C.R.Narangoda
SUPUNASIRITHALANGAMA,MR. SUPUN ASIRI THALANGAMA,individual,,1,20306310,20306310,0,0,0,MR. SUPUN ASIRI THALANGAMA
HLMPHARADASA,H L M P Haradasa,individual,,1,20262720,20262720,0,0,0,People's Leasing and Finance PLC/ H L M P Haradasa
TTADESILVAWEERASOORIATHUSHARIETILOTTAMAANJALEE,MRS.T.T.A.DE SILVA WEERASOORIA THUSHARIE TILOTTAMA ANJALEE,individual,,1,20176065,20176065,0,0,0,MRS.T.T.A.DE SILVA WEERASOORIA THUSHARIE TILOTTAMA ANJALEE
WRRMRWAARATNAYAKE,W.R.R.M.R.W.A. Aratnayake,individual,,1,20150000,20150000,0,0,0,Seylan Bank PLC/W.R.R.M.R.W.A. Aratnayake
AAVAMERASINGHE,Mr A A V Amerasinghe,individual,,1,20089680,20089680,0,0,0,Mr A A V Amerasinghe
THAPROBANPAVILIONPVT,THAPROBAN PAVILION(PVT)LTD,company,,1,20083829.57591815,20083829.57591815,0,0,0,PEOPLE'S LEASING & FINANCE PLC/THAPROBAN PAVILION(PVT)LTD
GERARDSHAMILNIRANJANPEIRISANDINDRANIROSHANIPEIRIS,MR. GERARD SHAMIL NIRANJAN PEIRIS & MRS. INDRANI ROSHANI PEIRIS,joint,,2,20038818.9,24319493.22956952,0,0,0,SAMPATH BANK PLC/MR. GERARD SHAMIL NIRANJAN PEIRIS & MRS. INDRANI ROSHANI PEIRIS
RMSHWIJEBANDARA,Mr. R.M.S.H. Wijebandara,individual,,1,20000000,20000000,0,0,0,Mr. R.M.S.H. Wijebandara
STHIRUMALAR,MRS. S. THIRUMALAR,individual,,1,19927843.11437708,19927843.11437708,0,0,0,MRS. S. THIRUMALAR
GMWEERAKOON,Mr. G.M. Weerakoon,individual,,1,19896886,19896886,0,0,0,Mr. G.M. Weerakoon
AJITHSURENDRARATNAYAKE,MR. AJITH SURENDRA RATNAYAKE,individual,,1,19766014.5,19766014.5,0,0,0,MR. AJITH SURENDRA RATNAYAKE
TTLNAKIBDECEASED,MR. T. T. L. NAKIB,individual,,1,19750000,19750000,0,0,0,MR. T. T. L. NAKIB (DECEASED)
GIHANWICKREMASINGHE,Mr. Gihan Wickremasinghe,individual,,2,19600522,19600522,0,0,0,Mr. Gihan Wickremasinghe | MR. GIHAN WICKREMASINGHE
CPRPERERAANDDPERERA,MR. C.P.R. PERERA & MRS. D.PERERA,joint,,1,19600000,19600000,0,0,0,MR. C.P.R. PERERA & MRS. D.PERERA
ABSAMARAKOON,Dr. A.B. Samarakoon,individual,,2,19554247.5,19554247.5,0,0,0,Dr. A.B. Samarakoon
CNHLIYANAGE,Mr C N H Liyanage,individual,,1,19500000,19500000,0,0,0,Mr C N H Liyanage
ADMINOFACABDEENDECEASED,ADMIN OF A.C. ABDEEN,individual,,1,19410993.75,47103468.25053816,0,0,0,ADMIN OF A.C. ABDEEN (DECEASED)
LHLNORISDESILVAANDSON,L.H.L.Noris De Silva & Son (Pvt)Ltd,company,,3,19379000,19379000,0,0,0,People'S Leasing & Finance PLC/L.H.L.Noris De Silva & Son (Pvt)Ltd | People's Leasing and Finance PLC/ L.H.L Noris de Silva and Son (Pvt) Ltd | People's Leasing & Finance PLC/L.H.L.Noris De Silva & Son (Pvt)Ltd
SMALALASEKERA,Mr. S. Malalasekera,individual,,2,19330199.63831493,19330199.63831493,0,0,0,Mr. S. Malalasekera | Mr S.Malalasekera
CVPERERA,MRS.C.V PERERA,individual,,1,19282252.2,19282252.2,0,0,0,MRS.C.V PERERA
SEYLANBANKPLCWDNHPERERA,SEYLAN BANKPLC/W.D.N.H.PERERA,joint,,1,19257000,19257000,0,0,0,SEYLAN BANKPLC/W.D.N.H.PERERA
CJWIJAYAWARDANA,C.J.Wijayawardana,individual,,1,19163250,19163250,0,0,0,C.J.Wijayawardana
MCABEYSEKERADECEASED,MRS. M.C. ABEYSEKERA,individual,,1,19152180.5,46475422.00719766,0,0,0,MRS. M.C. ABEYSEKERA (DECEASED)
DCRBOTHEJU,D.C.R. Botheju,individual,,1,19125000,19125000,0,0,0,D.C.R. Botheju
RPJINASENA,Mrs R P Jinasena,individual,,1,19075914,19075914,0,0,0,Mrs R P Jinasena
JAYANTHAD,Jayantha D,individual,,1,19038000,19038000,0,0,0,Jayantha D
DTSHMUDALIGE,Mr. D. T. S. H. MUDALIGE,individual,,1,19031250,19031250,0,0,0,Mr. D. T. S. H. MUDALIGE
MOHOMEDZURAISHHIFAZHASHIMNRMHASHIM,Mr. Mohomed Zuraish Hifaz Hashim / Mr. N. R. M. Hashim,joint,,1,19003315.2,19003315.2,0,0,0,Mr. Mohomed Zuraish Hifaz Hashim / Mr. N. R. M. Hashim
SUMESHWARY,MRS. S. UMESHWARY,individual,,3,18996669.90257441,22738600.41552027,0,0,0,Mrs. S. Umeshwary | MRS. S. UMESHWARY
ASATAPATTU,MR. A.S. ATAPATTU,individual,,1,18976136.53697423,18976136.53697423,0,0,0,MR. A.S. ATAPATTU
WICKRAMAARACHCHIAPPUHAMILAGETHAMASHMADUSHANJAYAWICKRAMA,MR. WICKRAMA ARACHCHI APPUHAMILAGE THAMASH MADUSHAN JAYAWICKRAMA,individual,,1,18962514,18962514,0,0,0,MR. WICKRAMA ARACHCHI APPUHAMILAGE THAMASH MADUSHAN JAYAWICKRAMA
HKPUSHPAKUMARA,Mr. H.K. Pushpakumara,individual,,1,18919776,18919776,0,0,0,Mr. H.K. Pushpakumara
LLFERNANDOANDDSFERNANDO,Mr. L.L. Fernando & D.S. Fernando,joint,,1,18911837.255884,56179162.89769278,0,0,0,Senkadagala Finance PLC/ Mr. L.L. Fernando & D.S. Fernando
SMATAPATTU,MR. S.M. ATAPATTU,individual,,1,18733539.6,18733539.6,0,0,0,MR. S.M. ATAPATTU
JBCAPITAL,JB Capital (Private) Limited,company,,1,18689682,18689682,0,0,0,JB Capital (Private) Limited
SPTNSENADHEERA,S.P.T.N.Senadheera,individual,,1,18605600,18605600,0,0,0,Seylan Bank PLC/S.P.T.N.Senadheera
FBRDSILVA,MR. F.B.R.D. SILVA,individual,,3,18546300,18546300,0,0,0,PEOPLE'S LEASING & FINANCE PLC/MR. F.B.R.D. SILVA | People's Leasing & Finance PLC/ Mr. F.B.R.D.Silva | People's Leasing & Finance/Mr. F.B.R.D. Silva
INCORPORATEDTRUSTEESOFTHECHURCHOFCEYLON,The Incorporated Trustees of the Church of Ceylon,trust,,1,18535611,18535611,0,0,0,The Incorporated Trustees of the Church of Ceylon
CSTHENABADU,MRS. C.S. THENABADU,individual,,1,18518967.5,44938842.8487335,0,0,0,MRS. C.S. THENABADU
MSIRIDARAN,Mr. M. Siridaran,individual,,1,18513743.08164764,54996591.51869635,0,0,0,Senkadagala Finance PLC/ Mr. M. Siridaran
RCDDESILVARUWANPURACHANAKADHARMAJITH,MR.R.C.D.DE SILVA RUWANPURA CHANAKA DHARMAJITH,individual,,1,18442429.2,18442429.2,0,0,0,MR.R.C.D.DE SILVA RUWANPURA CHANAKA DHARMAJITH
MAHAMARAKKALAGESHEHANINDIKASTEMBO,MR. MAHAMARAKKALAGE SHEHAN INDIKA STEMBO,individual,,1,18430941,18430941,0,0,0,MR. MAHAMARAKKALAGE SHEHAN INDIKA STEMBO
EAGLECREST,Eagle Crest (Pvt) Ltd,company,,2,18430000,18430000,0,0,0,Seylan Bank PLC/Eagle Crest (Pvt) Ltd | Eagle Crest (Pvt) Ltd
SALUKMANJEE,MR.S.A. LUKMANJEE,individual,,1,18300000,18300000,0,0,0,MR.S.A. LUKMANJEE
SHAROONADMANI,Ms. S. Haroon Admani,individual,,1,18283392,18283392,0,0,0,Ms. S. Haroon Admani
MMCCOORAY,Mr. M.M.C. Cooray,individual,,2,18196409.97870958,18196409.97870958,0,0,0,Mr. M.M.C. Cooray
KANGADARANMATHIVANAN,MR. KANGADARAN MATHIVANAN,individual,,1,18193037.3,18193037.3,0,0,0,MR. KANGADARAN MATHIVANAN
NWWWELGAMA,Mr.N.W.W.Welgama,individual,,1,18190018,18190018,0,0,0,Mr.N.W.W.Welgama
HELIOSVENTURES,Helios Ventures (PVT) LTD,company,,1,18127265.4,18127265.4,0,0,0,Helios Ventures (PVT) LTD
HLWIJEWARDENA,Mr. H.L. Wijewardena,individual,,1,18122000,18122000,0,0,0,Mr. H.L. Wijewardena
HAAHALHGARABALLY,MR. H.A.A.H. Alhgarabally,individual,,1,18042859.84840205,18042859.84840205,0,0,0,MR. H.A.A.H. Alhgarabally
DBDDDANTHANARAYANA,"Mrs,D.B.D.D.Danthanarayana",individual,,2,18033260.25,18033260.25,0,0,0,"Mrs,D.B.D.D.Danthanarayana | Mrs. D.B.D.D. Danthanarayana"
ARUNAEQUITYCARE,ARUNA EQUITY CARE (PVT) LTD,company,,1,18022769.87996075,18022769.87996075,0,0,0,ARUNA EQUITY CARE (PVT) LTD
DMGUNARATHNA,Mr. D. M. Gunarathna,individual,,1,17935050,17935050,0,0,0,Mr. D. M. Gunarathna
MKPNAPERERA,M.K.P.N.A.Perera,individual,,2,17898452.55,32799942.60026496,0,0,0,People S Leasing And Finance PLC/M.K.P.N.A.Perera | People's Leasing and Finance PLC / M. K. P. N. A. Perera
SMDCWSENARATHNE,MR.S.M.D.C.W SENARATHNE,individual,,2,17890775.25808994,17890775.25808994,0,0,0,MR.S.M.D.C.W SENARATHNE | PEOPLE'S LEASING & FINANCE PLC/MR.S.M.D.C.W. SENARATHNE
RANIRANJANA,R.A. NIRANJANA,individual,,2,17806791.1,18155990.76531148,0,0,0,MERCHANT BANK OF SRI LANKA & FINANCE PLC/R.A. NIRANJANA | PMF FINANCE PLC/MR. R.A. NIRANJANA
CNPAKIANATHAN,MR. C.N. PAKIANATHAN,individual,,2,17801474.8,19722036.15722453,0,0,0,MR. C.N. PAKIANATHAN | MR. C. N. PAKIANATHAN
GPJHGUNARATHNA,Mr. G.P.J.H. Gunarathna,individual,,2,17800633.1,17800633.1,0,0,0,Mr. G.P.J.H. Gunarathna | Mr. G P J H Gunarathna
SSIVAJEEVAN,Mr. S. Sivajeevan,individual,,1,17800000,20307586.2442086,0,0,0,Mr. S. Sivajeevan
JOSEPHANTONYGERARDMOTHA,Mr. Joseph Antony Gerard Motha,individual,,1,17787500,17787500,0,0,0,Mr. Joseph Antony Gerard Motha
PERCENTAGEOFSHARESHELDBYTHEPUBLICASAT30THJUNE2026278718SAKUVIINVESTMENTTRUST,The Percentage of shares held by the public as at 30th June 2026: 27.87% 18 Sakuvi Investment Trust (private) Limited,company,,1,17787500,17787500,0,0,0,The Percentage of shares held by the public as at 30th June 2026: 27.87% 18 Sakuvi Investment Trust (private) Limited
SHAMINDRAVRAJIYAHANDJJOANNEBALOYSIUSRAJIYAH,Mr. Shamindra V. Rajiyah and Ms. J. Joanne B. Aloysius Rajiyah,joint,,1,17781500,17781500,0,0,0,Mr. Shamindra V. Rajiyah and Ms. J. Joanne B. Aloysius Rajiyah
PADMESHSAJJEEWAWEERASEKERA,PADMESH SAJJEEWA WEERASEKERA,individual,,2,17757489,33489966.19167375,0,0,0,SEYLAN BANK PLC/PADMESH SAJJEEWA WEERASEKERA
FSSABRY,Mrs. F. S. Sabry,individual,,1,17714987.2,20210597.21230626,0,0,0,Mrs. F. S. Sabry
STHERAT,Mr. S.T. Herat,individual,,2,17650225.2,17650225.2,0,0,0,Mr. S.T. Herat
PDNSPGUNAWARDHANA,Dr.P.D.N.S.P.Gunawardhana,individual,,1,17621619.2,17621619.2,0,0,0,Dr.P.D.N.S.P.Gunawardhana
CONDOMINIUMMANAGEMENTAUTHORITY,Condominium Management Authority,institution,,1,17610000,17610000,0,0,0,Condominium Management Authority
MIHOLDINGS,MI HOLDINGS (PVT) LTD,company,,1,17580000,17580000,0,0,0,ASSETLINE FINANCE PLC/MI HOLDINGS (PVT) LTD
AGMMDHARMADASA,A.G.M.M.Dharmadasa,individual,,1,17554659.9,18395607.62402657,0,0,0,People's Leasing and Finance PLC/ A.G.M.M.Dharmadasa
AMILYAS,A.M.Ilyas,individual,,2,17546392.45746282,17546392.45746282,0,0,0,Senkadagala Finance PLC/A.M.Ilyas | Senkadagala Finance PLC / A.M. Ilyas
JASPRIYANTHA,J.A.S.PRIYANTHA,individual,,2,17545552.9,17545552.9,0,0,0,ASSETLINE FINANCE PLC/J.A.S.PRIYANTHA
ADIPUSHPAKUMARA,MR. A.D.I. PUSHPAKUMARA,individual,,2,17531239,19248246.42162188,0,0,0,MR. A.D.I. PUSHPAKUMARA | Mr. A.D.I. Pushpakumara
NUMBEROFPUBLICSHAREHOLDERS127319ESSAJEECARIMJEEINSURANCEBROKERS,"Number of Public shareholders: 1,273 19 Essajee Carimjee Insurance Brokers (Pvt) Ltd",company,,1,17421077.5,17421077.5,0,0,0,"Number of Public shareholders: 1,273 19 Essajee Carimjee Insurance Brokers (Pvt) Ltd"
DEGIRIMADHAWAPUSHPAKUMARADEZOYSA,Mr. Degiri Madhawa Pushpakumara De Zoysa,individual,,1,17400000,17400000,0,0,0,Mr. Degiri Madhawa Pushpakumara De Zoysa
NAVANEETHARAJAHSELVADURAI,MR. NAVANEETHA RAJAH SELVADURAI,individual,,1,17369605.4,17369605.4,0,0,0,MR. NAVANEETHA RAJAH SELVADURAI
KNEROOZAN,MR. K. NEROOZAN,individual,,1,17355693.6,17355693.6,0,0,0,MR. K. NEROOZAN
RRDESILVA,Dr. R.R. De Silva,individual,,1,17323896.2,17323896.2,0,0,0,Dr. R.R. De Silva
VANIKINCORPORATION,VANIK INCORPORATION LTD,company,,1,17203417.6,17203417.6,0,0,0,VANIK INCORPORATION LTD
RBTHAMBIAYAH,Mr. R. B. Thambiayah,individual,,1,17200000,17200000,0,0,0,Mr. R. B. Thambiayah
JRVICTORIA,MR. J.R. VICTORIA,individual,,1,17196193.8,17196193.8,0,0,0,MR. J.R. VICTORIA
SDURGASITHAMPALAM,Miss. S. Durga Sithampalam,individual,,1,17157462.5,17157462.5,0,0,0,Miss. S. Durga Sithampalam
ABISHELSITHAMPALAM,Mr. Abishel Sithampalam,individual,,1,17145026.39617379,17145026.39617379,0,0,0,Sampath Bank Plc/Mr. Abishel Sithampalam
LDHSIGERA,Mrs. L D H Sigera,individual,,1,17132490,17132490,0,0,0,Mrs. L D H Sigera
LDNSIGERA,Ms. L D N Sigera,individual,,1,17132490,17132490,0,0,0,Ms. L D N Sigera
ATHUGODAGEARUNAMAHESHDHARMADASA,DR. ATHUGODAGE ARUNA MAHESH DHARMADASA,individual,,2,17109155.7,17109155.7,0,0,0,DR. ATHUGODAGE ARUNA MAHESH DHARMADASA
DSKKARUNARATNE,MR.D.S.K KARUNARATNE,individual,,1,17102140,17102140,0,0,0,MR.D.S.K KARUNARATNE
MKDMALWIS,Mr. M. K. D. M. Alwis,individual,,1,17095057.2,17095057.2,0,0,0,Mr. M. K. D. M. Alwis
ARMOHAMED,A.R. Mohamed,individual,,1,17091802,17091802,0,0,0,A.R. Mohamed
DMRDISSANAYAKE,MR. D. M. R. DISSANAYAKE,individual,,1,17077500,19953548.62146769,0,0,0,MR. D. M. R. DISSANAYAKE
SEACONSORTIUMLANKA,SEA CONSORTIUM LANKA (PRIVATE) LIMITED,company,,1,17077500,19953548.62146769,0,0,0,SEA CONSORTIUM LANKA (PRIVATE) LIMITED
GNINDIKA,DR. G.N. INDIKA,individual,,1,17029600,17029600,0,0,0,DR. G.N. INDIKA
RENUKAPROPERTIES,Renuka Properties Limited,company,,1,17028000,17028000,0,0,0,Renuka Properties Limited
SANSANTIGOINVESTMENTS,San Santigo Investments (Private) Limited,company,,1,16999413.2,22380925.70302446,0,0,0,San Santigo Investments (Private) Limited
DGUPJAYASEKARA,MRS. D.G.U.P. JAYASEKARA,individual,,1,16986723,16986723,0,0,0,MRS. D.G.U.P. JAYASEKARA
KKDSENANAYAKE,Mr. K.K.D. Senanayake,individual,,2,16979117.4,16979117.4,0,0,0,Mr. K.K.D. Senanayake
RNWICKREMASINGHE,Mr.R.N.Wickremasinghe,individual,,1,16880363.5,16880363.5,0,0,0,Mr.R.N.Wickremasinghe
CLDESILVA,Mr. C. L. De Silva,individual,,1,16850619.2,19224460.82428748,0,0,0,Mr. C. L. De Silva
RCDESILVA,Mr. R. C. De Silva,individual,,1,16850619.2,19224460.82428748,0,0,0,Mr. R. C. De Silva
LCDPEIRIS,Mr. L.C.D. peiris,individual,,1,16803000,16803000,0,0,0,Mr. L.C.D. peiris
EMARKETINGEYE,Emarketingeye (Pvt) Ltd,company,,2,16730416.9,27814861.25536425,0,0,0,Emarketingeye (Pvt) Ltd
ADFERNANDO,MR. A.D. FERNANDO,individual,,1,16692106.08440373,16692106.08440373,0,0,0,MR. A.D. FERNANDO
JNMATHER,Mrs. J.N. Mather,individual,,1,16688110,16688110,0,0,0,Mrs. J.N. Mather
WAATMJAYAWICKRAMA,MR. W.A.A.T.M. JAYAWICKRAMA,individual,,1,16679730.1,30033033.24084132,0,0,0,MR. W.A.A.T.M. JAYAWICKRAMA
RCDISSANAYAKE,Mr. R.C. Dissanayake,individual,,1,16637504.0,16637504.0,0,0,0,Mr. R.C. Dissanayake
BSMDESILVA,Mr. B.S.M. De Silva,individual,,1,16627133.6,23113003.40955564,0,0,0,Mr. B.S.M. De Silva
OSHADHINIUPULIKAKUMARIJAYASUNDARA,MISS. OSHADHINI UPULIKA KUMARI JAYASUNDARA,individual,,1,16607767.9,16607767.9,0,0,0,MISS. OSHADHINI UPULIKA KUMARI JAYASUNDARA
KAWEERATHUNGE,Mr.K.A.Weerathunge,individual,,1,16596772.5,16596772.5,0,0,0,Mr.K.A.Weerathunge
SDDIVAKARAGE,S.D.DIVAKARAGE,individual,,2,16569320.8,16569320.8,0,0,0,DIALOG FINANCE PLC/S.D.DIVAKARAGE | Dialog Finance PLC / S.D.Divakarage
LRPAGE,Mr. L.R. Page,individual,,1,16556686,16556686,0,0,0,Mr. L.R. Page
GEETHTHINETHMAPALANAANDPEKARUNARATNE,MR. GEETH THINETH MAPALANA & MRS. P.E. KARUNARATNE,joint,,1,16467000.0,16467000.0,0,0,0,MR. GEETH THINETH MAPALANA & MRS. P.E. KARUNARATNE
SACKEERTHISINGHEANDDMJSDISSANAYAKA,Mr. S.A.C. Keerthisinghe & Mrs. D.M.J.S.Dissanayaka,joint,,1,16412790.67061848,16412790.67061848,0,0,0,Mr. S.A.C. Keerthisinghe & Mrs. D.M.J.S.Dissanayaka
KMGOONEWARDENE,Mrs. K.M. Goonewardene,individual,,1,16411743,34102055.98790275,0,0,0,Mrs. K.M. Goonewardene
KUDAYAKUMAR,K. Udayakumar,individual,,1,16380000,16380000,0,0,0,DFCC Bank PLC / K. Udayakumar
KMNPERERADECEASED,Mrs. K M N Perera,individual,,1,16374409.0,16374409.0,0,0,0,Mrs. K M N Perera (Deceased)
HENRYANTHONYROHANPIERIS,Henry Anthony Rohan Pieris,individual,,2,16331000,16331000,0,0,0,Henry Anthony Rohan Pieris | Mr. Henry Anthony Rohan Pieris
SAMOHAMEDBASHEER,Mr. S.A. Mohamed Basheer,individual,,1,16295076,16295076,0,0,0,Mr. S.A. Mohamed Basheer
ANIENTERPRISES,A. N. I. Enterprises (Pvt) Ltd,company,,1,16291594.8,16291594.8,0,0,0,DFCC Bank PLC / A. N. I. Enterprises (Pvt) Ltd
VKAMKARUNARATHNE,Mr. V.K.A.M. Karunarathne,individual,,1,16275570,16275570,0,0,0,Mr. V.K.A.M. Karunarathne
DDMMATARAARACHCHI,D.D.M.Mataraarachchi,individual,,1,16185932.8,16185932.8,0,0,0,People’s Leasing and Finance PLC/D.D.M.Mataraarachchi
RANILNILHANDESARAM,RANIL NILHAN DE SARAM,individual,,1,16153679.7,16153679.7,0,0,0,HATTON NATIONAL BANK PLC/ RANIL NILHAN DE SARAM
SELVARAJSIVADHARSHAN,MR. SELVARAJ SIVADHARSHAN,individual,,1,16087500,39096270.90159375,0,0,0,MR. SELVARAJ SIVADHARSHAN
RSINGRAM,Mr. R.S. Ingram,individual,,2,15991273,15991273,0,0,0,Mr. R.S. Ingram | Mr. R S Ingram
ESTATEOFLATEPSIVALIWIJEWARDENE,Estate of Late Mr.P.Sivali Wijewardene,estate,,1,15982697.5,15982697.5,0,0,0,Estate of Late Mr.P.Sivali Wijewardene
KALINHOLDING,Kalin Holding Pvt Ltd,company,,1,15981615,15981615,0,0,0,Kalin Holding Pvt Ltd
JDARIYARATNE,Mr J.D. Ariyaratne,individual,,1,15938825,15938825,0,0,0,Mr J.D. Ariyaratne
HSHANMUGASHARMA,H.Shanmuga Sharma,individual,,1,15930683,42565194.4836925,0,0,0,Assetline Finance PLC/H.Shanmuga Sharma
LCDSAMARAWICKRAMA,Mr. L.C.D.Samarawickrama,individual,,1,15914792.4,15914792.4,0,0,0,Mr. L.C.D.Samarawickrama
ARROWINTERNATIONAL,ARROW INTERNATIONAL (PVT) LTD,company,,1,15879600,20670970.77525064,0,0,0,ARROW INTERNATIONAL (PVT) LTD A/C NO.1
RAVINDRANATHLIYANAGE,DR. RAVINDRANATH LIYANAGE,individual,,1,15864757.0,15864757.0,0,0,0,DR. RAVINDRANATH LIYANAGE
MOHAMEDSUBIANMOHAMEDRIZAL,MR.MOHAMED SUBIAN MOHAMED RIZAL,individual,,1,15809997,17708711.46892539,0,0,0,MR.MOHAMED SUBIAN MOHAMED RIZAL
NEWBENSONTRADING,New Benson Trading (Pvt) Ltd,company,,1,15766941,15766941,0,0,0,New Benson Trading (Pvt) Ltd
WASCHATHUMADHURA,MR. W.A.S CHATHUMADHURA,individual,,3,15752121.4,15752121.4,0,0,0,Mr. W.A.S Chathumadhura | MR. W.A.S CHATHUMADHURA
ASANKAUBHAYADEALWISGOONEWARDENA,Mr. Asanka Ubhaya De Alwis Goonewardena,individual,,1,15714700.8,15714700.8,0,0,0,Mr. Asanka Ubhaya De Alwis Goonewardena
KRKARUNARATNE,Mr. K.R. Karunaratne,individual,,1,15710432.4,15710432.4,0,0,0,Mr. K.R. Karunaratne
WMPMWEERASEKARA,W.M.P.M.Weerasekara,individual,,1,15600000.0,15600000.0,0,0,0,Senkadagala Finance PLC/W.M.P.M.Weerasekara
SBHWANDURAGALA,MR. S.B.H. WANDURAGALA,individual,,1,15578690.4,15578690.4,0,0,0,MR. S.B.H. WANDURAGALA
USURENDRA,U Surendra,individual,,1,15436485,20077440.6138075,0,0,0,U Surendra
GTMAPALANA,MR. G.T. MAPALANA,individual,,1,15400000,15400000,0,0,0,MR. G.T. MAPALANA
YKRAJAPAKSA,Mr.Y.K.Rajapaksa,individual,,1,15360000,15360000,0,0,0,Mr.Y.K.Rajapaksa
TLMNAWASH,Mr. T.L.M. Nawash,individual,,1,15281565.74627226,15281565.74627226,0,0,0,Mr. T.L.M. Nawash
PINNACLETRUST,Pinnacle Trust (Pvt) Limited,company,,1,15252273.6,15252273.6,0,0,0,Pinnacle Trust (Pvt) Limited
SBRANAVAN,MR. S. BRANAVAN,individual,,1,15250992.66725236,15250992.66725236,0,0,0,MR. S. BRANAVAN
KRTBANDARA,Mr. K.R.T. Bandara,individual,,2,15158486.6,15158486.6,0,0,0,Mr. K.R.T. Bandara | MR. K.R.T. BANDARA
KBRRKARIYAWASAM,MR. K.B.R.R. KARIYAWASAM,individual,,2,15139500,28604031.13188036,0,0,0,MR. K.B.R.R. KARIYAWASAM | Mr. K.B.R.R. Kariyawasam
SMILESGLOBAL,SMILES GLOBAL (PVT) LTD,company,,1,15124945.46340021,15124945.46340021,0,0,0,SMILES GLOBAL (PVT) LTD
MLPAIVA,MRS. M.L. PAIVA,individual,,1,15091576.5,36621803.27672908,0,0,0,MRS. M.L. PAIVA
JDBANDARANAYAKEANDVBANDARANAYAKEIBANDARANAYAKE,"Mr. J.D. Bandaranayake & Dr. (Mrs.) V.Bandaranayake,Miss I.Bandaranayake",joint,,1,15081243.27215872,15081243.27215872,0,0,0,"Mr. J.D. Bandaranayake & Dr. (Mrs.) V.Bandaranayake,Miss I.Bandaranayake"
MKDELIVERAANDMDDELIVERA,M.K.DE LIVERA&M.D.DE LIVERA,joint,,1,15047732.0,15047732.0,0,0,0,PEOPLE’ S LEASING AND FINANCE PLC/M.K.DE LIVERA&M.D.DE LIVERA
MANAMPERIGECHAMINDAPUSHPAKUMARA,MR. MANAMPERIGE CHAMINDA PUSHPAKUMARA,individual,,1,14995673.6,14995673.6,0,0,0,MR. MANAMPERIGE CHAMINDA PUSHPAKUMARA
C,C,individual,,1,14994000,19740657.87112869,0,0,0,Union Assurance PLC/NO-01A/C
KIRIWATTUDUWAGEDONARUNASHANTHADEEPTHIKUMARA,MR. KIRIWATTUDUWAGE DON ARUNA SHANTHA DEEPTHI KUMARA,individual,,1,14970049.9,14970049.9,0,0,0,MR. KIRIWATTUDUWAGE DON ARUNA SHANTHA DEEPTHI KUMARA
TIKITHANTHIRIMAHASAMILAGEPANDULAGUNASEKARA,MR. TIKITHANTHIRI MAHASAMILAGE PANDULA GUNASEKARA,individual,,1,14965000.0,14965000.0,0,0,0,MR. TIKITHANTHIRI MAHASAMILAGE PANDULA GUNASEKARA
LDESILVA,MR. L. DE SILVA,individual,,1,14936455.8,14936455.8,0,0,0,MR. L. DE SILVA
ARUNASALAM,Arunasalam,individual,,1,14927458.90290164,17828980.64129309,0,0,0,Hatton National Bank PLC/Arunasalam
KGNIPIYASENA,MR. K.G.N.I. PIYASENA,individual,,1,14893477.5,14893477.5,0,0,0,MR. K.G.N.I. PIYASENA
MMMSHAMIL,Mr. M.M.M. Shamil,individual,,1,14869129.63977042,14869129.63977042,0,0,0,Mr. M.M.M. Shamil
HMARKKALUHENDIWELA,Mrs. H.M.A.R.K. Kaluhendiwela,individual,,2,14811852.39710422,15810938.79458076,0,0,0,Mrs. H.M.A.R.K. Kaluhendiwela | Mrs. H. M. A. R. K. Kaluhendiwela
SAOBEYESEKERE,MR. S.A. OBEYESEKERE,individual,,2,14747008,14747008,0,0,0,MR. S.A. OBEYESEKERE
LSAWIJEKOON,Mr. L. S. A. Wijekoon,individual,,1,14731479.0,14731479.0,0,0,0,Mr. L. S. A. Wijekoon
GDMRANASINGHE,Mr. G. D. M. Ranasinghe,individual,,2,14729999.69160001,18966972.95897415,0,0,0,Mr. G. D. M. Ranasinghe | Mr. G.D.M. Ranasinghe
SRGJAGATH,Dr. S.R.G. Jagath,individual,,1,14675000,14675000,0,0,0,Dr. S.R.G. Jagath
LISTED:HHL,HEMAS HOLDINGS PLC,listed,HHL,1,14657831.2,0,0,0,0,Hemas Holdings PLC
SSENTHILNATHAN,MR. S. SENTHILNATHAN,individual,,1,14650000,14650000,0,0,0,MR. S. SENTHILNATHAN
NADESHANPARAMESWARAN,MR. NADESHAN PARAMESWARAN,individual,,1,14600000,14600000,0,0,0,MR. NADESHAN PARAMESWARAN
MACFELSINGER,MRS. M.A.C. FELSINGER,individual,,1,14500000,14500000,0,0,0,MRS. M.A.C. FELSINGER
LSSIGERA,Mr. L S Sigera,individual,,1,14492364.0,14492364.0,0,0,0,Mr. L S Sigera
TLSAMARAWICKRAMA,Mr. T.L. Samarawickrama,individual,,1,14485554,14485554,0,0,0,Mr. T.L. Samarawickrama
SDABEYWARDENE,Mr. S.D.Abeywardene,individual,,1,14471172.39880333,14471172.39880333,0,0,0,Mr. S.D.Abeywardene
BKUNDANMAL,MR. B. KUNDANMAL,individual,,1,14451228,18811614.37658907,0,0,0,MR. B. KUNDANMAL
RMNCBANDARA,R.M.N.C. Bandara,individual,,1,14381900,14381900,0,0,0,People'S Leasing And Finance PLC /R.M.N.C. Bandara
AAADESILVA,Mr. A.A.A. De Silva,individual,,2,14341882.5225932,31944657.78367516,0,0,0,Mr. A.A.A. De Silva
CFTINTERNATIONAL,C F T International (Pvt) Ltd,company,,2,14338204.8,14338204.8,0,0,0,C F T International (Pvt) Ltd | C F T International (Private) Limited
NGRDHARMASIRI,MR. N.G.R. DHARMASIRI,individual,,1,14296320.0,14296320.0,0,0,0,MR. N.G.R. DHARMASIRI
HASAPPUHAMY,Mr. H.A.S. Appuhamy,individual,,2,14294335,14294335,0,0,0,Mr. H.A.S. Appuhamy | Mr. H A S Appuhamy
KMNPERERA,K M N Perera,individual,,1,14252134.8,18537017.3369766,0,0,0,K M N Perera
ESTATEOFLATESMAHADEVA,ESTATE OF LATE S. MAHADEVA,estate,,1,14222165.0,34512055.70201242,0,0,0,ESTATE OF LATE S. MAHADEVA
VCBLIYANARACHCHI,Mrs. V.C.B.Liyanarachchi,individual,,1,14219156.93147817,14219156.93147817,0,0,0,Mrs. V.C.B.Liyanarachchi
VENTURACRYSTALINVESTMENTS,Ventura Crystal Investments Ltd,company,,1,14207544,14207544,0,0,0,Ventura Crystal Investments Ltd
ASIANGUILDFINANCIALSERVICES,Asian Guild Financial Services (Pvt) Ltd,company,,1,14192519.3,14192519.3,0,0,0,Asian Guild Financial Services (Pvt) Ltd
GSUTHAHARAN,Mr. G.Suthaharan,individual,,1,14181748.95082727,14181748.95082727,0,0,0,Mr. G.Suthaharan
GSDCGUNASINGHA,G S D C Gunasingha,individual,,1,14112980.0,18580732.9413153,0,0,0,G S D C Gunasingha
RDMPERERA,Mrs.R.D.M.Perera,individual,,1,14080000,14080000,0,0,0,Mrs.R.D.M.Perera
UHPALIHAKKARADSPALIHAKKARAKDHPALIHAKKARA,Mr.U. H. Palihakkara/Mrs. D.S. Palihakkara/Mr.K.D.H Palihakkara,joint,,1,14061278.4,14061278.4,0,0,0,Mr.U. H. Palihakkara/Mrs. D.S. Palihakkara/Mr.K.D.H Palihakkara
HAADESILVA,H A A de Silva,individual,,1,14044449,18266891.1187455,0,0,0,H A A de Silva
HAABEYSEKERA,H.A.Abeysekera,individual,,1,14028000.0,14028000.0,0,0,0,H.A.Abeysekera
CADSWOODWARD,MRS. C.A.D.S. WOODWARD,individual,,2,14023807.7,14023807.7,0,0,0,MRS. C.A.D.S. WOODWARD
RAWEENDRASAMARAWEERA,MR. RAWEENDRA SAMARAWEERA,individual,,2,13969589.7,21766381.87301013,0,0,0,SAMPATH BANK PLC/ MR. RAWEENDRA SAMARAWEERA | Miss. O.U.K. Jayasundara P Sampath Bank PLC/ Mr. Raweendra Samaraweera
MDSGOONATILLEKE,Mr. M.D.S. Goonatilleke,individual,,2,13877750,59994437.2287012,0,0,0,Mr. M.D.S. Goonatilleke | Mr. M.D.S.Goonatilleke
CHANDANIVISHAKAARIYARATNEBAARIYARATNE,MRS.Chandani Vishaka Ariyaratne/ MISS.B.A. Ariyaratne,joint,,1,13866663.2,13866663.2,0,0,0,MRS.Chandani Vishaka Ariyaratne/ MISS.B.A. Ariyaratne
ZMADAMALLY,Mrs.Z.M.Adamally,individual,,1,13845599.94170274,14239859.9980469,0,0,0,Mrs.Z.M.Adamally
ZAGRAINVESTMENTCONSULTANTS,Zagra Investment Consultants (Pvt) Ltd,company,,1,13844860,13844860,0,0,0,Zagra Investment Consultants (Pvt) Ltd
BCJNANAYAKKARA,Mr. B.C.J. Nanayakkara,individual,,1,13807335.3,34785290.60665905,0,0,0,Mr. B.C.J. Nanayakkara
AGAMPODISAJININETHMADESILVA,DR. AGAMPODI SAJINI NETHMA DE SILVA,individual,,1,13780010.6,13780010.6,0,0,0,DR. AGAMPODI SAJINI NETHMA DE SILVA
GRGEHA,Mr. G R Geha,individual,,1,13704529.6,63136112.42568882,0,0,0,Mr. G R Geha
DSJVCOSTA,Mr. D.S.J.V. Costa,individual,,1,13630365.5,13630365.5,0,0,0,Mr. D.S.J.V. Costa
DAJAYASINGHE,D.A.Jayasinghe,individual,,1,13627200.0,13627200.0,0,0,0,D.A.Jayasinghe
MONAD,Monad (Private) Limited,company,,1,13620850.87614194,13620850.87614194,0,0,0,Assetline Finance PLC / Monad (Private) Limited
JBLDESILVAKGADERAJAPAKSENSENANAYAKE,J.B.L.De Silva/K.G.A. De Rajapakse/N. Senanayake,joint,,1,13580000,13580000,0,0,0,J.B.L.De Silva/K.G.A. De Rajapakse/N. Senanayake
RAMAIYASENTHILNATHAN,MR. RAMAIYA SENTHILNATHAN,individual,,1,13575000,13575000,0,0,0,MR. RAMAIYA SENTHILNATHAN
HAWIJERAMA,Ms. H.A. Wijerama,individual,,1,13513230,13513230,0,0,0,Ms. H.A. Wijerama
PANAGODAGESOMADASA,MR. PANAGODAGE SOMADASA,individual,,1,13510247.25,13510247.25,0,0,0,MR. PANAGODAGE SOMADASA
LEKAMWASAMHIKKADUWALIYANAGEMAHINDAPADMASIRIHARADASA,MR. LEKAMWASAM HIKKADUWA LIYANAGE MAHINDA PADMASIRI HARADASA,individual,,1,13500270,13500270,0,0,0,MR. LEKAMWASAM HIKKADUWA LIYANAGE MAHINDA PADMASIRI HARADASA
ARNROSHAN,Mr. A.R.N. Roshan,individual,,1,13500120.0,13500120.0,0,0,0,Mr. A.R.N. Roshan
KAPILASURIARACHCHI,MR. KAPILA SURIARACHCHI,individual,,1,13500000,13500000,0,0,0,MR. KAPILA SURIARACHCHI
LELIYANAGE,Mr. L. E. Liyanage,individual,,1,13500000,13500000,0,0,0,Mr. L. E. Liyanage
AMRICKKANISHKAVARIA,MR. AMRICK KANISHKA VARIA,individual,,1,13459392.4,13459392.4,0,0,0,MR. AMRICK KANISHKA VARIA
BUDDHIKAPATHMALALSINGHAGE,Mr. Buddhika Pathmalal Singhage,individual,,1,13440000,13440000,0,0,0,Mr. Buddhika Pathmalal Singhage
CEYLONBISCUITS,Ceylon Biscuits Limited,company,,1,13415292.5,13415292.5,0,0,0,Ceylon Biscuits Limited
RDBANDARANAIKEANDADBANDARANAIKE,Dr. R.D. Bandaranaike & Mrs. A.D.Bandaranaike,joint,,1,13389812,13389812,0,0,0,Dr. R.D. Bandaranaike & Mrs. A.D.Bandaranaike
MSRRIYAZ,Mr. M.S.R.Riyaz,individual,,1,13372122.1,13415421.98320362,0,0,0,Mr. M.S.R.Riyaz
ESTATEOFMOHOMMEDRAFEEK,Estate of Mohommed Rafeek,estate,,1,13366680.0,13366680.0,0,0,0,Estate of Mohommed Rafeek
ESTATEOFLATEKMPANABOKKE,Estate of Late Mr. K M Panabokke,estate,,1,13308855.7,13308855.7,0,0,0,Estate of Late Mr. K M Panabokke
VARAJAPAKSAGMRAJAPAKSAJOINT,Miss. V.A. Rajapaksa/ Miss G.M. Rajapaksa,joint,,1,13237118.53897651,14476033.01389184,0,0,0,Miss. V.A. Rajapaksa/ Miss G.M. Rajapaksa (Joint)
RMIRAJAPAKSA,MR. R. M. I. RAJAPAKSA,individual,,1,13200000,17182851.84975116,0,0,0,MR. R. M. I. RAJAPAKSA
RPPSENARATNE,MR. R. P. P. SENARATNE,individual,,1,13200000,17182851.84975116,0,0,0,MR. R. P. P. SENARATNE
ESTATEOFLATELRPANABOKKE,Estate of Late Mrs. L. R. Panabokke,estate,,1,13186705.0,13186705.0,0,0,0,Estate of Late Mrs. L. R. Panabokke
SAMSONMANUFACTURERS,SAMSON MANUFACTURERS PRIVATE LIMITED,company,,1,13171444.5,13171444.5,0,0,0,SAMSON MANUFACTURERS PRIVATE LIMITED
SAIFULLAHYUSOOF,MR. SAIFULLAH YUSOOF,individual,,1,13170616.6,13170616.6,0,0,0,MR. SAIFULLAH YUSOOF
SUPPIAHPILLAIKARUNAMOORTHY,MR. SUPPIAHPILLAI KARUNAMOORTHY,individual,,1,13140000.0,13140000.0,0,0,0,MR. SUPPIAHPILLAI KARUNAMOORTHY
LPHAPANAGAMA,L.P. Hapanagama,individual,,1,13118064.94476604,13491608.09537176,0,0,0,People's Leasing and Finance Plc/L.P. Hapanagama
SWEERATHUNGA,S.WEERATHUNGA,individual,,1,13116436.5,13116436.5,0,0,0,PEOPLE'S LEASING AND FINANCE PLC / S.WEERATHUNGA
MRMARKRATHNAYAKA,MR. M.R.M.A.R.K. RATHNAYAKA,individual,,1,13093994.17895564,13093994.17895564,0,0,0,MR. M.R.M.A.R.K. RATHNAYAKA
GAUPUSHPAKUMAR,G.A.U. Pushpakumar,individual,,2,13086296.4,14618130.96472939,0,0,0,Dfcc Bank Plc/G.A.U. Pushpakumar | DFCC Bank PLC/G.A.U. Pushpakumar
BINANTHISHAMANIRASANAYAGAM,Binanthi Shamani Rasanayagam,individual,,1,13081295,13081295,0,0,0,Binanthi Shamani Rasanayagam
CPGUNAWARDENA,MRS. C.P. GUNAWARDENA,individual,,1,12984192,12984192,0,0,0,MRS. C.P. GUNAWARDENA
SUHADA,Suhada,institution,,1,12928301.1,16815175.05913245,0,0,0,Peoples Leasing and Finance PLC/Suhada
KORALAGODAGEDONSAHANRACHITRAKULATUNGAANDOSHADHINIUPULIKAKUMARIJAYASUNDARA,KORALAGODAGE DON SAHAN RACHITRA KULATUNGA & MRS. OSHADHINI UPULIKA KUMARI JAYASUNDARA,joint,,1,12925000.0,12925000.0,0,0,0,HATTON NATIONAL BANK PLC/ KORALAGODAGE DON SAHAN RACHITRA KULATUNGA & MRS. OSHADHINI UPULIKA KUMARI JAYASUNDARA
SKRISHANTHA,Mr.S.Krishantha,individual,,1,12903000,12903000,0,0,0,Mr.S.Krishantha
EHRANASINGHA,Mr. E.H. Ranasingha,individual,,1,12871800,12871800.0,0,0,0,Mr. E.H. Ranasingha
ALUKMANJEE,Mr. A. Lukmanjee,individual,,1,12864762.0,26731763.59117028,0,0,0,Mr. A. Lukmanjee
WTDGANEGAMAANDNHARIYARATNE,Mr W.T.D. Ganegama & Ms N.H. Ariyaratne,joint,,1,12775000.0,12775000.0,0,0,0,Mr W.T.D. Ganegama & Ms N.H. Ariyaratne
AETFERNANDO,A E T Fernando,individual,,1,12750000,12750000,0,0,0,A E T Fernando
JAPANABOKKEANDKDPANABOKKE,Mr. J A Panabokke & Mrs.K D Panabokke,joint,,1,12741829.8,12741829.8,0,0,0,Mr. J A Panabokke & Mrs.K D Panabokke
LOMBARDODIERDARIERHENTSCHANDCIE,Lombard Odier Darier Hentsch and Cie,joint,,1,12722602.8,58612422.62034178,0,0,0,Lombard Odier Darier Hentsch and Cie
RSMORTIER,Mrs R.S. Mortier,individual,,1,12700800,12700800,0,0,0,Mrs R.S. Mortier
RAVINDRARAJWEERAWARDENA,MR. RAVINDRA RAJ WEERAWARDENA,individual,,1,12700700,12700700,0,0,0,MR. RAVINDRA RAJ WEERAWARDENA
SELYNEXPORTERS,SELYN EXPORTERS PVT LTD,company,,1,12696880,12696880,0,0,0,LOLC FINANCE PLC/SELYN EXPORTERS PVT LTD
FINANCECO,The Finance Company PLC,company,,3,12673200,12673200,0,0,1,The Finance Company PLC A/C No 1 | The Finance Company PLC
MOHAMEDARAFATHAKRAMMOHAMEDAKRAM,DR. MOHAMED ARAFATH AKRAM MOHAMED AKRAM,individual,,1,12624000.0,12624000.0,0,0,0,DR. MOHAMED ARAFATH AKRAM MOHAMED AKRAM
SSRRAMANAYAKE,MR. S.S.R. RAMANAYAKE,individual,,1,12598928.5,30573047.22436225,0,0,0,MR. S.S.R. RAMANAYAKE
MAJESTICINVESTMENTS,MAJESTIC INVESTMENTS (PVT) LTD,company,,1,12582890.1,12582890.1,0,0,0,MAJESTIC INVESTMENTS (PVT) LTD
SNDABEYAGUNAWARDENE,Mr. S. N. D. Abeyagunawardene,individual,,2,12551250,12551250,0,0,0,Mr. S. N. D. Abeyagunawardene | Mr. S.N.D. Abeyagunawardene
MLCFERNANDO,MR. M.L.C. FERNANDO,individual,,1,12500000,12500000,0,0,0,MR. M.L.C. FERNANDO
UNIVERSALCAPITALHOLDINGS,UNIVERSAL CAPITAL HOLDINGS (PVT) LTD,company,,2,12455725.34806309,13347743.77000212,0,0,0,UNIVERSAL CAPITAL HOLDINGS (PVT) LTD | Universal Capital Holdings (Pvt) Ltd
AAHIRDARAMANI,MR. A.A. HIRDARAMANI,individual,,1,12445700,12445700,0,0,0,MR. A.A. HIRDARAMANI
VANGUARDINDUSTRIES,Vanguard Industries Pvt Ltd,company,,1,12431308.8,12431308.8,0,0,0,Vanguard Industries Pvt Ltd
PATTINIDEVAASOKASWARNAKANTHIEBERUWALAGE,MRS. PATTINIDEVA ASOKA SWARNA KANTHIE BERUWALAGE,individual,,1,12410000,12410000,0,0,0,MRS. PATTINIDEVA ASOKA SWARNA KANTHIE BERUWALAGE
GBAWAESTOF,MR. G. BAWA EST OF,estate,,1,12402060,14490710.42110142,0,0,0,MR. G. BAWA EST OF
EGNEGRISDECEASED,E G Negris,individual,,1,12371797.5,12554590.23142106,0,0,0,E G Negris (Deceased)
BESTREALINVESTCOSERVICES,Best Real Invest Co Services (Pvt) Ltd,company,,1,12335672.33009115,19448915.99256523,0,0,0,Best Real Invest Co Services (Pvt) Ltd
RPWEERASOORIYARAJINDAPRIYANJITH,MR.R.P.WEERASOORIYA RAJINDA PRIYANJITH,individual,,1,12331332,12331332,0,0,0,MR.R.P.WEERASOORIYA RAJINDA PRIYANJITH
ENWEERAKOON,Mr. E.N. Weerakoon,individual,,1,12308657,12308657,0,0,0,Mr. E.N. Weerakoon
LAMGUNASEKERA,Mrs. L.A.M. Gunasekera,individual,,1,12277400,12277400,0,0,0,Mrs. L.A.M. Gunasekera
ANTONVASANTHAKUMAREMMANUELANDSEMMANUEL,MR. ANTON VASANTHAKUMAR EMMANUEL & MRS. S. EMMANUEL,joint,,1,12258061.8,12258061.8,0,0,0,MR. ANTON VASANTHAKUMAR EMMANUEL & MRS. S. EMMANUEL
JTHIRUVATHAVOORAR,Mrs. J. Thiruvathavoorar,individual,,1,12246082.16387587,12246082.16387587,0,0,0,Mrs. J. Thiruvathavoorar
PWTDDFERNANDO,Mr. P.W.T.D.D. Fernando,individual,,1,12210000,30761069.32141403,0,0,0,Mr. P.W.T.D.D. Fernando
MHAKAMIL,MR. M.H.A. KAMIL,individual,,2,12172611.9,12172611.9,0,0,0,MR. M.H.A. KAMIL
WSSAMA,Mr. W.S.S.Ama,individual,,1,12145347.5,12145347.5,0,0,0,Mr. W.S.S.Ama
UDPREMAKUMARA,U.D. Premakumara,individual,,1,12144002,12144002,0,0,0,Merchant Bank of Sri Lanka & Finance PLC/U.D. Premakumara
WEERATHUNGAARACHCHIGESAMPATHPALITHADESARAM,MR. WEERATHUNGA ARACHCHIGE SAMPATH PALITHA DE SARAM,individual,,1,12123278.1,12123278.1,0,0,0,MR. WEERATHUNGA ARACHCHIGE SAMPATH PALITHA DE SARAM
MDNJAYARATNE,Mr. M.D.N. Jayaratne,individual,,1,12109312.8,12109312.8,0,0,0,Mr. M.D.N. Jayaratne
HIMALISUSHAMAJAYARATNE,Mrs.Himali Sushama Jayaratne,individual,,1,12109302.4,12109302.4,0,0,0,Mrs.Himali Sushama Jayaratne
MMARIYARATNE,Mr. M. M. Ariyaratne,individual,,1,12109067.75,13247687.23488589,0,0,0,Mr. M. M. Ariyaratne
DARANAKUMBURALAGESHALIKARANGAJITHDARANAKUMBURA,MR. DARANAKUMBURALAGE SHALIKA RANGAJITH DARANAKUMBURA,individual,,1,12100000,12100000,0,0,0,MR. DARANAKUMBURALAGE SHALIKA RANGAJITH DARANAKUMBURA
S,S,individual,,1,12099999.77573276,12099999.77573276,0,0,0,Citizens Development Business Finance PLC/S
NIRMALASANJIVIDHARSHIKAPERERA,Mrs. Nirmala Sanjivi Dharshika Perera,individual,,1,12098509.5,12098509.5,0,0,0,Mrs. Nirmala Sanjivi Dharshika Perera
HDDMADUGALLA,H.D.D.Madugalla,individual,,1,12079956.75,12079956.75,0,0,0,People s Leasing and Finance PLC/H.D.D.Madugalla
JVWMALAWANA,MR.J.V.W.MALAWANA,individual,,1,12035712.2,12035712.2,0,0,0,MR.J.V.W.MALAWANA
KDCSOMALATHAANDKNANDASIRI,K.D.C. Somalatha and K.Nandasiri,joint,,4,12035229.9,12035229.9,0,0,0,CITIZENS DEVELOPMENT BUSINESS FINANCE PLC/K.D.C. SOMALATHA AND K. NANDASIRI | Citizens Development Business Finance PLC/K.D.C. Somalatha and K.Nandasiri | Citizens Development Business Finance PLC / K.D.C. Somalatha and K. Nandasiri
CATHOLICBISHOPSCONFERENCEINSRILANKA,Catholic Bishops Conference In Sri Lanka,individual,,1,11999120,13159875.17246316,0,0,0,Catholic Bishops Conference In Sri Lanka
KDSENAKADESILVA,Mr. K. D. Senaka De Silva,individual,,1,11977766.4,11977766.4,0,0,0,Mr. K. D. Senaka De Silva
TGSWICKRAMA,MR.T.G.S.WICKRAMA,individual,,1,11972739.5,11972739.5,0,0,0,MR.T.G.S.WICKRAMA
KSRNISSANKA,Mr. K.S.R Nissanka,individual,,1,11935000,11935000,0,0,0,Mr. K.S.R Nissanka
GDHPHILIP,G. D. H. Philip,individual,,2,11887300,11887300,0,0,0,G. D. H. Philip | Mr. G.D.H. Philip
MYAMERASINGHE,Mrs. M. Y. Amerasinghe,individual,,2,11845378.5,11845378.5,0,0,0,Mrs. M. Y. Amerasinghe | Mrs.M.Y.Amerasinghe
SEYEDHAMIDMOHAMEDKALEEL,Seyed Hamid Mohamed Kaleel,individual,,1,11813580,11813580,0,0,0,Seyed Hamid Mohamed Kaleel
DABARATHAMANICKAMDIVEKAMRITH,MR.D.ABARATHAMANICKAM DIVEK AMRITH,individual,,1,11700000,11700000,0,0,0,MR.D.ABARATHAMANICKAM DIVEK AMRITH
GWMJANSEN,MISS G. W. M. JANSEN,individual,,1,11688600,13657095.50091566,0,0,0,MISS G. W. M. JANSEN
NHKCHANDIKAKUMARA,N. H. K. Chandika Kumara,individual,,1,11679382,11679382,0,0,0,N. H. K. Chandika Kumara
DEVELOPMENTINTERPLANCEYLON,DEVELOPMENT INTERPLAN (CEYLON) LIMITED,company,,1,11660000,11660000,0,0,0,DEVELOPMENT INTERPLAN (CEYLON) LIMITED
MDNANDANI,Mrs. M. D. Nandani,individual,,1,11608766,12700341.95249897,0,0,0,Mrs. M. D. Nandani
UDWICKREMESOORIYASFWICKREMESOORIYA,Mr. U. D. Wickremesooriya / Ms. S. F. Wickremesooriya,joint,,1,11588793.6,11588793.6,0,0,0,Mr. U. D. Wickremesooriya / Ms. S. F. Wickremesooriya
PCPRIYANJITHA,Mr. P. C. Priyanjitha,individual,,1,11563984.25,11563984.25,0,0,0,Mr. P. C. Priyanjitha
BAASBASNAYAKA,Mr. B.A.A.S. Basnayaka,individual,,2,11550000,11550000,0,0,0,Mr. B.A.A.S. Basnayaka | Mr. B.A.A.S Basnayaka
AJITHKRISHANTHAPALLIYAGURUGEDONDECEASED,MR. AJITH KRISHANTHA PALLIYA GURUGE DON,individual,,1,11546990.4,11546990.4,0,0,0,MR. AJITH KRISHANTHA PALLIYA GURUGE DON (DECEASED)
WGHSGUNATHUNGA,Mr. W.G.H.S. Gunathunga,individual,,1,11540596.1,11540596.1,0,0,0,Mr. W.G.H.S. Gunathunga
PRADEEPDILSHANRAJEEVAHETTIARATCHI,Mr. Pradeep Dilshan Rajeeva Hettiaratchi,individual,,1,11520000,11520000.0,0,0,0,Mr. Pradeep Dilshan Rajeeva Hettiaratchi
PNAVARATRNAM,Miss. P. Navaratrnam,individual,,1,11508471,11508471,0,0,0,Miss. P. Navaratrnam
WINTEXTRIMS,Wintex Trims (PVT) LTD,company,,1,11492000,11492000,0,0,0,Wintex Trims (PVT) LTD
SHANAKAASITHACOORAYPTCOORAYSNUGAPITIYA,MR.SHANAKA ASITHA COORAY / MR. P. T. COORAY / MRS. S. NUGAPITIYA,joint,,1,11440548,12814509.93181033,0,0,0,MR.SHANAKA ASITHA COORAY / MR. P. T. COORAY / MRS. S. NUGAPITIYA
WWDDSPERERA,Mr. W.W.D.D.S. Perera,individual,,1,11440000,11440000,0,0,0,Mr. W.W.D.D.S. Perera
VASUDEVAN,Vasudevan,individual,,1,11349371.49748528,11349371.49748528,0,0,0,Citizens Development Business Finance Plc / Vasudevan
MNTMENDIS,MR. M. N. T. MENDIS,individual,,1,11328075,13235853.9189069,0,0,0,MR. M. N. T. MENDIS
SKHATHRAMANIDECEASED,Mr. S.K. Hathramani,individual,,1,11270000,11270000,0,0,0,Mr. S.K. Hathramani (Deceased)
NAYANAKAARJUNASAMARAKOONDKHERATH,MR.NAYANAKA ARJUNA SAMARAKOON / MRS. D. K. HERATH,joint,,1,11247600,12598389.68457016,0,0,0,MR.NAYANAKA ARJUNA SAMARAKOON / MRS. D. K. HERATH
WKDKMARASRILANKA,Dr.W.KD.].Kmara Sri Lanka,individual,,1,11236968,11236968,0,0,0,Dr.W.KD.].Kmara Sri Lanka
TAPROBANEWEALTHPLUS,TAPROBANE WEALTH PLUS (PVT) LTD,company,,1,11220000,14605424.07228849,0,0,0,TAPROBANE WEALTH PLUS (PVT) LTD
MMABGUNARATHNE,M.M.A.B.Gunarathne,individual,,1,11200000,11200000,0,0,0,Bansei Securities Capital (Pvt) Ltd / M.M.A.B.Gunarathne
DMKODIKARA,Mr. D. M. Kodikara,individual,,1,11179499.55282002,13352512.4673315,0,0,0,Mr. D. M. Kodikara
SAHANMANILKAJAYASOORIYA,Mr. Sahan Manilka Jayasooriya,individual,,1,11170060.8,11170060.8,0,0,0,Mr. Sahan Manilka Jayasooriya
ALGOONERATHNE,Mr.A.L.Goonerathne,individual,,1,11165000,11165000,0,0,0,Mr.A.L.Goonerathne
HACABRAAL,Mr. H. A. Cabraal,individual,,2,11162499.71730001,14133610.65533987,0,0,0,Mr. H. A. Cabraal | Mr. H.A. Cabraal
YGMRMSIMAN,MR. Y.G.M.R.M.Siman,individual,,1,11146310.4,11146310.4,0,0,0,MR. Y.G.M.R.M.Siman
DSTENNAKOON,Mr. D.S. Tennakoon,individual,,2,11132823,11132823,0,0,0,Mr. D.S. Tennakoon | MR. D.S. TENNAKOON
SVAPERERAYAKCPERERAJOINT,Mr. S.V.A. Perera/ Mrs. Y.A.K.C. Perera,joint,,1,11116108.56123923,12156509.29200992,0,0,0,Mr. S.V.A. Perera/ Mrs. Y.A.K.C. Perera (Joint)
EJGNANAM,Mr. E. J. Gnanam,individual,,2,11104999.74300001,14179420.18728524,0,0,0,Mr. E. J. Gnanam | Mr. E.J. Gnanam
RPJAYATHILAKASERASINGHE,MISS. R.P. JAYATHILAKA SERASINGHE,individual,,1,11091908.71631839,11091908.71631839,0,0,0,MISS. R.P. JAYATHILAKA SERASINGHE
LNANDASENA,Mr. L. Nandasena,individual,,1,11058398,11058398,0,0,0,Mr. L. Nandasena
MUMANIKU,MR. M.U. MANIKU,individual,,1,11016070.8,11016070.8,0,0,0,MR. M.U. MANIKU
DNLALWIS,Prof. D. N. L. Alwis,individual,,1,10989950.4,10989950.4,0,0,0,Prof. D. N. L. Alwis
KATUNAYAKEGARMENTS,Katunayake Garments Limited.,company,,2,10973500,10973500,0,0,0,Katunayake Garments Limited. | KATUNAYAKE GARMENTS LIMITED.
SKTHENABADULPTHENABADUANDCSTHENABADU,"Mr.S. K. Thenabadu, Mrs.L.P.Thenabadu & Miss.C.S. Thenabadu",joint,,1,10969536,10969536,0,0,0,"Mr.S. K. Thenabadu, Mrs.L.P.Thenabadu & Miss.C.S. Thenabadu"
NEGOMBOHOTELS,NEGOMBO HOTELS LIMITED,company,,1,10964400,11871448.15232556,0,0,0,NEGOMBO HOTELS LIMITED
SDAMARASINGHE,MRS. S.D. AMARASINGHE,individual,,1,10911320,10911320,0,0,0,MRS. S.D. AMARASINGHE
NMUHUNTHAN,Mr. N. Muhunthan,individual,,1,10860000,10860000,0,0,0,Mr. N. Muhunthan
DPKPANAMALDENIYA,MRS. D.P.K. PANAMALDENIYA,individual,,1,10800014.4,10800014.4,0,0,0,MRS. D.P.K. PANAMALDENIYA
MGMHUSSAIN,M.G.M.Hussain,individual,,1,10800000,10800000,0,0,0,Protege Capital Access Ltd/M.G.M.Hussain
MAHESUFALLY,MR. M.A.H. ESUFALLY,individual,,1,10787945,10787945,0,0,0,MR. M.A.H. ESUFALLY
PPSFERNANDO,Mr. P.P.S. Fernando,individual,,1,10780000.0,14985034.86824751,0,0,0,Mr. P.P.S. Fernando
SHANGRILAHOTELS,Messrs. Shangri-La-Hotels,company,,1,10752500,15811305.91406423,0,0,0,Messrs. Shangri-La-Hotels
NYPHNARANGODA,Dr. N.Y.P.H.Narangoda,individual,,2,10682257.1,10692950.45802156,0,0,0,Dr. N.Y.P.H.Narangoda | DR. N.Y.P.H. NARANGODA
MHMFAWSAN,MR. M.H.M. FAWSAN,individual,,1,10655645,10655645,0,0,0,MR. M.H.M. FAWSAN
GVCYPANDITHARATHNA,Mr. G. V. C. Y. Panditharathna,individual,,1,10623787.2,10623787.2,0,0,0,Mr. G. V. C. Y. Panditharathna
DMAJWEERASINGHE,Mr. D.M.A.J. Weerasinghe,individual,,1,10621368,10621368,0,0,0,Mr. D.M.A.J. Weerasinghe
KRKJKUMARA,Mr. K.R.K.J. Kumara,individual,,1,10606828.5,10606828.5,0,0,0,Mr. K.R.K.J. Kumara
WADHARMATHILAKA,Mr. W.A. Dharmathilaka,individual,,1,10575000,21973853.84794727,0,0,0,Mr. W.A. Dharmathilaka
SSENTHILNATHANSHANMUGAN,MR.S.SENTHILNATHAN SHANMUGAN,individual,,1,10571184,10571184,0,0,0,MR.S.SENTHILNATHAN SHANMUGAN
BYEDIRISURIYA,Mr. B.Y. Edirisuriya,individual,,1,10519712.4,10519712.4,0,0,0,Mr. B.Y. Edirisuriya
EPOCRESEARCHLABORATORIES,Epoc Research Laboratories (Pvt) Ltd,company,,1,10501948.8,10501948.8,0,0,0,Epoc Research Laboratories (Pvt) Ltd
MOHAMEDASHANSUBIAN,MR.MOHAMED ASHAN SUBIAN,individual,,1,10500000,11761006.05355691,0,0,0,MR.MOHAMED ASHAN SUBIAN
DONKASUNTHUSARA,DON KASUN THUSARA,individual,,1,10500000,11761006.05355691,0,0,0,SEYLAN BANK PLC/DON KASUN THUSARA
PBRAHMAGEPREMALAL,Mr.P. Brahmage Premalal,individual,,1,10500000,10500000,0,0,0,Mr.P. Brahmage Premalal
RANATHUNGAMOTORS,Ranathunga Motors (Pvt) Ltd,company,,1,10500000,10500000,0,0,0,Ranathunga Motors (Pvt) Ltd
WINSLANDREALTY,Winsland Realty Pvt Ltd,company,,1,10498800.5,10498800.5,0,0,0,Winsland Realty Pvt Ltd
WMDSFERNANDO,MR. W. M. D. S. FERNANDO,individual,,1,10474200,12238176.48783352,0,0,0,MR. W. M. D. S. FERNANDO
MHASRPERERA,Mr. M.H.A.S.R. Perera,individual,,1,10400000,10400000,0,0,0,Mr. M.H.A.S.R. Perera
SPSEDARA,Mr. S.P. Sedara,individual,,1,10281965.7,10281965.7,0,0,0,Mr. S.P. Sedara
BADHCMAHIPALA,MR. B.A.D.H.C. MAHIPALA,individual,,1,10251862.5,10537164.65207314,0,0,0,PEOPLE S LEASING AND FINANCE PLC/MR. B.A.D.H.C. MAHIPALA
INSHANALIMUSHTAQALI,MR. INSHAN ALI MUSHTAQ ALI,individual,,1,10249010.9,10249010.9,0,0,0,MR. INSHAN ALI MUSHTAQ ALI
RDLEELARATNA,Mr. R.D. Leelaratna,individual,,1,10221825,10221825,0,0,0,Mr. R.D. Leelaratna
SHJAYASURIYA,Mr. S.H. Jayasuriya,individual,,1,10221747.8,10221747.8,0,0,0,Mr. S.H. Jayasuriya
RATHNAYAKEMUDIYANSELAGENUWANCHATHURANGEBANDARA,Rathnayake Mudiyanselage Nuwan Chathurange Bandara,individual,,1,10213978.0,10213978.0,0,0,0,Citizens Development Business Finance PLC/Rathnayake Mudiyanselage Nuwan Chathurange Bandara
MARIAPILLAIS,Mariapillais (Private) Limited,company,,1,10206000,10206000,0,0,0,Mariapillais (Private) Limited
GRAJIYAH,Mr. G. Rajiyah,individual,,1,10162188.85084642,11113308.44889682,0,0,0,Mr. G. Rajiyah
LATEPGKFERNANDO,Late Mr. P.G.K. Fernando,estate,,1,10153355,10153355,0,0,0,Late Mr. P.G.K. Fernando
WACPEIRIS,Mr. W.A.C.Peiris,individual,,1,10140254.39446187,10140254.39446187,0,0,0,Mr. W.A.C.Peiris
RMWIJEWARDANE,Miss.R.M.Wijewardane,individual,,1,10110465.75,10110465.75,0,0,0,Miss.R.M.Wijewardane
RRAJANI,Mrs. R. Rajani,individual,,1,10096080,10096080,0,0,0,Mrs. R. Rajani
MAHUSSAIN,MR. M.A. HUSSAIN,individual,,2,10063400,11087534.89342925,0,0,0,MR. M.A. HUSSAIN | Mr. M.A.Hussain
HCDIAS,MRS. H. C. DIAS,individual,,1,10018800,11706081.85792771,0,0,0,MRS. H. C. DIAS
MOHOMEDSHIFAZRIYAZ,Mr. Mohomed Shifaz Riyaz,individual,,2,10017415.8,10017415.8,0,0,0,Mr. Mohomed Shifaz Riyaz | MR. MOHOMED SHIFAZ RIYAZ
KDNAKARUNATHILAKE,MR. K.D.N.A. KARUNATHILAKE,individual,,1,10005000.0,10283432.14162224,0,0,0,MR. K.D.N.A. KARUNATHILAKE
STDWIRASINGHEANDNLJAYATILLAKE,Mr. S.T.D. Wirasinghe & Mrs. N.L.Jayatillake,joint,,1,9900000,24941407.55790327,0,0,0,Mr. S.T.D. Wirasinghe & Mrs. N.L.Jayatillake
KRPASQUAL,Mr. K.R. Pasqual,individual,,1,9825382.4,9825382.4,0,0,0,Mr. K.R. Pasqual
LKMFERNANDOANDLUDFERNANDO,MR L.K.M.FERNANDO & MR L.U.D.FERNANDO,joint,,1,9825000,9825000,0,0,0,MR L.K.M.FERNANDO & MR L.U.D.FERNANDO
SRAMANATHAN,Mr. S. Ramanathan,individual,,1,9805084.5,9805084.5,0,0,0,Mr. S. Ramanathan
DSDDELANEROLLE,Mr. D.S.D. De Lanerolle,individual,,2,9801104,10883720.9285354,0,0,0,Mr. D.S.D. De Lanerolle | Mr. D.S.D De Lanerolle
BLUEOCEANICBEACHHOTEL,BLUE OCEANIC BEACH HOTEL (PVT) LTD,company,,1,9792360,10602449.201863,0,0,0,BLUE OCEANIC BEACH HOTEL (PVT) LTD
BTDESWEERASOORIABUDRIKATARUSHA,MR.B.T.DE S WEERASOORIA BUDRIKA TARUSHA,individual,,1,9779913,9779913,0,0,0,MR.B.T.DE S WEERASOORIA BUDRIKA TARUSHA
KTLAJPEIRIS,K.T.L.A.J.PEIRIS,individual,,1,9775000,9775000,0,0,0,SENKADAGALA FINANCE PLC/K.T.L.A.J.PEIRIS
BTPRATHAPASINGHE,MR. B.T. PRATHAPASINGHE,individual,,1,9754875,10026346.33808169,0,0,0,MR. B.T. PRATHAPASINGHE
HRWICKREMASINGHEANDVKWICKRAMASINGHEDECEASED,Dr. H.R. Wickremasinghe & Mr. V.K. Wickramasinghe,joint,,1,9723836.32240036,28885452.92323037,0,0,0,Dr. H.R. Wickremasinghe & Mr. V.K. Wickramasinghe (Deceased)
WTUPERERA,W.T.U.PERERA,individual,,1,9716513.8,9716513.8,0,0,0,MERCHANT BANK OF SRI LANKA & FINANCE PLC/W.T.U.PERERA
KJGAMAGE,Mr.K.J. Gamage,individual,,1,9700595,9700595,0,0,0,People's Leasing & Finance Plc/Mr.K.J. Gamage
MSHIRIPITIYA,M.S.HIRIPITIYA,individual,,4,9639315.2,9639315.2,0,0,0,ASSETLINE FINANCE PLC/M.S.HIRIPITIYA | Assetline Finance PLC/M.S.Hiripitiya
KSRIKANTHAN,Mr.K.Srikanthan,individual,,1,9614999.95951579,9888791.66531035,0,0,0,Mr.K.Srikanthan
YLNANDASENA,Mr. Y.L. Nandasena,individual,,1,9606883.5,9606883.5,0,0,0,Mr. Y.L. Nandasena
NSDEMEL,Miss N.S. De Mel,individual,,1,9598050,10526533.60405263,0,0,0,Miss N.S. De Mel
MOHAMEDRIYALMOHAMEDSIMSAN,MR. MOHAMED RIYAL MOHAMED SIMSAN,individual,,1,9569213.6,9569213.6,0,0,0,MR. MOHAMED RIYAL MOHAMED SIMSAN
KNLPIERISTOP20,K.N.L.PIERIS Top 20,individual,,1,9540000,9540000,0,0,0,SENKADAGALA FINANCE PLC/K.N.L.PIERIS Top 20
BUMDESJAYASINGHE,Mr. B.U.M.De.S. Jayasinghe,individual,,1,9534779,9534779,0,0,0,Mr. B.U.M.De.S. Jayasinghe
SDDEARAJAPAKSE,S. D. De A. Rajapakse,individual,,1,9506000,9506000,0,0,0,S. D. De A. Rajapakse
DUSHYANTHAHARSHINHERATHWARIYAPOLAANDADWARIYAPOLA,DR. DUSHYANTHA HARSHIN HERATH WARIYAPOLA & MRS. A.D. WARIYAPOLA,joint,,1,9502500,9502500,0,0,0,DR. DUSHYANTHA HARSHIN HERATH WARIYAPOLA & MRS. A.D. WARIYAPOLA
BYEDIRISURIYAANDRDEDIRISURIYAPMWEERASURIYA,"Mr. B.Y. Edirisuriya & Mrs. R.D.Edirisuriya,Mr. P.M.Weerasuriya",joint,,1,9492944,9492944,0,0,0,"Mr. B.Y. Edirisuriya & Mrs. R.D.Edirisuriya,Mr. P.M.Weerasuriya"
ESTOFLATESHAGULAMHUSEIN,Est.of Late S.H.A.Gulamhusein,estate,,1,9486842.5,9486842.5,0,0,0,Est.of Late S.H.A.Gulamhusein
LOKUKANKANANGECHAMINDADANUKAPEIRIS,MR.LOKUKANKANANGE CHAMINDA DANUKA PEIRIS,individual,,1,9450000,10584905.44820122,0,0,0,MR.LOKUKANKANANGE CHAMINDA DANUKA PEIRIS
AJSNAMERASINGHE,Miss A.J.S.N. Amerasinghe,individual,,1,9447000,9447000,0,0,0,Miss A.J.S.N. Amerasinghe
MTZAHAMED,DR. M.T.Z. AHAMED,individual,,1,9430628.9,9430628.9,0,0,0,DR. M.T.Z. AHAMED
AVEMMANUEL,MR. A.V.Emmanuel,individual,,1,9376547.9605198,9643549.63201065,0,0,0,MR. A.V.Emmanuel
DJNHETTIARACHCHI,Mr. D.J.N. Hettiarachchi,individual,,1,9360000,9360000,0,0,0,HNB Investment Bank (Pvt) Ltd./ Mr. D.J.N. Hettiarachchi
ELLAWALAEXPORTS,Ellawala Exports (Pvt) Ltd,company,,1,9360000,9360000,0,0,0,Ellawala Exports (Pvt) Ltd
NAWITHANA,Mr. N.A. Withana,individual,,2,9349826,9349826,0,0,0,Mr. N.A. Withana | Mr. N A Withana
RANANJAYAHOLDINGS,RANANJAYA HOLDINGS (PVT)LTD,company,,1,9324095,9324095,0,0,0,COMMERCIAL BANK OF CEYLON PLC/RANANJAYA HOLDINGS (PVT)LTD
CEYLONGALVERNIZINGINDUSTRIES,Ceylon Galvernizing Industries Ltd,company,,1,9321921,9321921,0,0,0,Ceylon Galvernizing Industries Ltd
SVIGNARAJAH,Mrs.S.Vignarajah,individual,,1,9303473.96082748,9568394.8153543,0,0,0,Mrs.S.Vignarajah
GANGATHARANSUTHAHARAN,Mr. Gangatharan Suthaharan,individual,,1,9300000,9300000,0,0,0,Mr. Gangatharan Suthaharan
CTCLSAEQUITYFUND,CT CLSA EQUITY FUND,institution,,1,9292200,9292200,0,0,0,HATTON NATIONAL BANK PLC-CT CLSA EQUITY FUND
RPUPGUNAWARDENA,R.P.U.P.Gunawardena,individual,,2,9217000,9217000,0,0,0,Dialog Finance PLC /R.P.U.P.Gunawardena | Mr. R.P.U.P. Gunawardena
MIUDESILVA,M.I.U. De Silva,individual,,1,9207052.9,9207052.9,0,0,0,Assetline Finance PLC/M.I.U. De Silva
SCDEZOYSA,Mr. S.C. De Zoysa,individual,,1,9194307.2,9194307.2,0,0,0,Mr. S.C. De Zoysa
MIEMMANUEL,MRS. M.I. EMMANUEL,individual,,2,9166900,9166900,0,0,0,MRS. M.I. EMMANUEL | Mrs M I Emmanuel
UDMFERNANDO,MR. U. D. M. FERNANDO,individual,,1,9123432.5,9123432.5,0,0,0,MR. U. D. M. FERNANDO
RAVINDRAERLE,Ravindra Erle,individual,,2,9110199.92330061,9110199.92330061,0,0,0,Hatton National Bank PLC/Ravindra Erle | Mr Ravindra Erle
ZAKIALIF,Zaki Alif,individual,,1,9074999.83179957,9074999.83179957,0,0,0,Seylan Bank PLC/Zaki Alif
DINESHANTHONYPERERA,Dinesh Anthony Perera,individual,,1,8935901,8935901,0,0,0,Dinesh Anthony Perera
ULSKUMARA,Mr. U.L.S. Kumara,individual,,1,8925471,8925471,0,0,0,Mr. U.L.S. Kumara
ETHUGALPEDIGEGAYANDIMUTHU,MR.ETHUGAL PEDIGE GAYAN DIMUTHU,individual,,1,8925000,9996855.14552337,0,0,0,MR.ETHUGAL PEDIGE GAYAN DIMUTHU
GULFEASTFINANCE,Gulf East Finance Ltd,company,,1,8925000,8925000,0,0,0,Gulf East Finance Ltd
UDWICKREMESOORIYA,Mr. U. D. Wickremesooriya,individual,,2,8913749.80725001,11447760.44639387,0,0,0,Mr. U. D. Wickremesooriya | Mr. U.D. Wickremesooriya
RGUKENTHIRAN,R.Gukenthiran,individual,,1,8867154.17255502,13980311.08320404,0,0,0,Dialog Finance Plc/R.Gukenthiran
RJEHANMFALOYSIUS,Mr. R Jehan M.F. Aloysius,individual,,1,8861600,8861600,0,0,0,Mr. R Jehan M.F. Aloysius
HIRANARJUNASURENMADANAYAKE,MR. HIRAN ARJUNA SUREN MADANAYAKE,individual,,1,8840000,8840000,0,0,0,MR. HIRAN ARJUNA SUREN MADANAYAKE
GAJATHCHRYSANTHAGOONETILLEKE,Gajath Chrysantha Goonetilleke,individual,,1,8827599.5,8827599.5,0,0,0,Gajath Chrysantha Goonetilleke
KWSAMARAWATHIE,K.W.Samarawathie,individual,,1,8817600,8817600,0,0,0,K.W.Samarawathie
HWETISSERA,Dr. H. W. E. Tissera,individual,,2,8809584,22351901.78014546,0,0,0,Dr. H. W. E. Tissera | H.W.E.Tissera
AIGUNASEKERA,Dr. A.I. Gunasekera,individual,,1,8794970.25,8794970.25,0,0,0,Dr. A.I. Gunasekera
TJANARAJ,Dr. T. Janaraj,individual,,1,8790876,11252741.69740491,0,0,0,Dr. T. Janaraj
BPMMENDIS,MR. B.P.M. MENDIS,individual,,2,8790300,8790300,0,0,0,MR. B.P.M. MENDIS | Mr. B.P.M. Mendis
MODERAGEMARIANJANEKWAASJAYASEKARA,MR. MODERAGE MARIAN JANEK WAAS JAYASEKARA,individual,,1,8760555,8760555,0,0,0,MR. MODERAGE MARIAN JANEK WAAS JAYASEKARA
MOHAMEDSUBAIRFOUZALHAQQUEANDSIHAQQUE,Mr. Mohamed Subair Fouzal Haqque & Mrs. S.I. Haqque,joint,,1,8730157.4507937,8730157.4507937,0,0,0,Mr. Mohamed Subair Fouzal Haqque & Mrs. S.I. Haqque
WELIGAMAACHARIGESUGATHNALINDAMILTON,MR. WELIGAMA ACHARIGE SUGATH NALINDA MILTON,individual,,1,8712299.25,8712299.25,0,0,0,MR. WELIGAMA ACHARIGE SUGATH NALINDA MILTON
BMAMKBASNAYAKA,B.M.A.M.K. Basnayaka,individual,,1,8705880,8705880,0,0,0,Assetline Finance Limited / B.M.A.M.K. Basnayaka
MSMALI,Mr. M.S.M. Ali,individual,,1,8681800,8681800,0,0,0,Mr. M.S.M. Ali
MIABDULHAMEED,Mr. M.I. Abdul Hameed,individual,,1,8680000,8680000,0,0,0,Mr. M.I. Abdul Hameed
KLJPLIYANAGE,Mr. K.L.J.P. Liyanage,individual,,1,8638770,33961859.05715775,0,0,0,Seylan Bank PLC / Mr. K.L.J.P. Liyanage
PCUEKANAYAKA,P.C.U.Ekanayaka,individual,,2,8616182,8616182,0,0,0,Assetline Finance PLC/P.C.U.Ekanayaka | ASSETLINE FINANCE PLC/P.C.U.EKANAYAKA
KCCPERERA,Mr. K.C.C.Perera,individual,,1,8580000,8580000,0,0,0,Mr. K.C.C.Perera
WWDHPERERA,Mr. W.W.D.H. Perera,individual,,1,8576531.25,8576531.25,0,0,0,Mr. W.W.D.H. Perera | Assetline Finance PLC/ W.W.D.H. Perera
CJDSPEDURUHEWA,Mr. C.J.D.S. Peduruhewa,individual,,1,8556000,8556000,0,0,0,Mr. C.J.D.S. Peduruhewa
HIMALIRANGIKAJAYASEKERA,Dr. Himali Rangika Jayasekera,individual,,1,8517475.2,8517475.2,0,0,0,Dr. Himali Rangika Jayasekera
WETHINGEJINADASA,Wethinge Jinadasa,individual,,1,8500000,8500000,0,0,0,Seylan Bank/Wethinge Jinadasa
JABPKUMARA,Mr. J.A.B.P. Kumara,individual,,1,8428104.75,8428104.75,0,0,0,Mr. J.A.B.P. Kumara
CHATHAMHOUSE,Chatham House Ltd,company,,1,8426820,8830502.84775381,0,0,0,Chatham House Ltd
WINSKYMARKETING,WINSKY MARKETING (PVT) LTD,company,,1,8409500,8409500,0,0,0,WINSKY MARKETING (PVT) LTD
PITIPANAARACHIGESENAKAKUMARA,MR. PITIPANA ARACHIGE SENAKA KUMARA,individual,,1,8400000,9094903.91444444,0,0,0,MR. PITIPANA ARACHIGE SENAKA KUMARA
RMNCBANDRA,R.M.N.C. Bandra,individual,,1,8393491.9,8393491.9,0,0,0,Merchant Bank of Sri Lanka & Finance PLC/R.M.N.C. Bandra
RATHNAKUMARISOMESWARANADMINOFLATESSOMESWARAN,Mrs. Rathnakumari Someswaran Admin. of Late Mr. S Someswaran,estate,,1,8385800.0,8385800.0,0,0,0,Mrs. Rathnakumari Someswaran Admin. of Late Mr. S Someswaran
RGDELIVERA,Mr.R.G.De Livera,individual,,1,8379151.96471936,8617752.30992913,0,0,0,Mr.R.G.De Livera
SOFMOWLANA,S.O.F.MOWLANA,individual,,1,8376900,9382930.6295277,0,0,0,PMF FINANCE PLC/S.O.F.MOWLANA
PREMILAOBOGAHALANDA,MRS. PREMILA O. BOGAHALANDA,individual,,1,8365500,8365500,0,0,0,MRS. PREMILA O. BOGAHALANDA
NUWIJESEKERA,Mr. N.U. Wijesekera,individual,,1,8352780.64351664,9134550.54416192,0,0,0,Mr. N.U. Wijesekera
VCMAHTANI,Mr. V.C. Mahtani,individual,,1,8347252.5,8347252.5,0,0,0,Mr. V.C. Mahtani
NANOSHAN,N.Anoshan,individual,,2,8321731.2,8321731.2,0,0,0,People's Leasing and Finance PLC/N.Anoshan | People's Leasing & Finance PLC/N.Anoshan
DERANIYAGALA,Mr.Deraniyagala,individual,,1,8290000,8290000,0,0,0,Mr.Deraniyagala
EDIRISINGHE,Mrs.Edirisinghe,individual,,1,8290000,8290000,0,0,0,Mrs.Edirisinghe
TANAKA,Mr Tanaka,individual,,1,8290000,8290000,0,0,0,Mr Tanaka
MAUGNANATILAKE,M.A.U. GNANATILAKE,individual,,1,8262100,8262100,0,0,0,BANSEI SECURITIES CAPITAL (PVT) LTD/M.A.U. GNANATILAKE
SBALASUBRAMANIYAM,Mr. S. Balasubramaniyam,individual,,1,8190000,11124548.97457737,0,0,0,Mr. S. Balasubramaniyam
HUPSAMANTHA,Mr. H.U.P. Samantha,individual,,1,8172339.2,8172339.2,0,0,0,Mr. H.U.P. Samantha
MZMASAD,MR. M.Z.M. ASAD,individual,,1,8137936.8,8137936.8,0,0,0,MR. M.Z.M. ASAD
SURESHHASHANTHAGREGORYPERERA,MR. SURESH HASHANTHA GREGORY PERERA,individual,,1,8120543,8120543,0,0,0,MR. SURESH HASHANTHA GREGORY PERERA
NHTALGASWATTE,Mr. N.H. Talgaswatte,individual,,3,8107608.9,8107608.9,0,0,0,Mr. N.H. Talgaswatte | MR. N.H. Talgaswatte | Mr. N H Talgaswat te
SUBRAMANIAM,Mr. Subramaniam,individual,,1,8104670.75,8104670.75,0,0,0,Mr. Subramaniam
WANNAKUWATTAWADUGEDONNIMALHEMASIRIPERERA,MR. WANNAKUWATTAWADUGE DON NIMAL HEMASIRI PERERA,individual,,1,8100000.0,8100000.0,0,0,0,MR. WANNAKUWATTAWADUGE DON NIMAL HEMASIRI PERERA
GETZBROSANDCO,GETZ BROS. & CO. INC.,company,,1,8085000,8085000,0,0,0,GETZ BROS. & CO. INC.
MIRASHEED,MR. M.I. RASHEED,individual,,2,8075182.4,8075182.4,0,0,0,MR. M.I. RASHEED | Mr. M. I Rasheed
RDAHANAYAKE,Mr. R. Dahanayake,individual,,2,8071047.25,23359980.50661295,0,0,0,People's Leasing & Finance PLC/ Mr. R. Dahanayake | People's Leasing & Finance PLC/Mr. R. Dahanayake
HGJANSZ,Mr. H.G.JANSZ,individual,,2,8060730,8060730,0,0,0,Mr. H.G.JANSZ | MR. H.G. JANSZ
JADKRJAYASURIYA,Mr. J.A.D.K.R. Jayasuriya,individual,,1,8044160.0,8044160.0,0,0,0,Mr. J.A.D.K.R. Jayasuriya
JBCDESILVA,MR. J.B.C. DE SILVA,individual,,3,8025568.7,8025568.7,0,0,0,MR. J.B.C. DE SILVA | MR. J. B. C. DE SILVA | Mr.J B C De Silva
JMJPRASANNA,Mr. J.M.J. Prasanna,individual,,1,8025400.0,8025400.0,0,0,0,Mr. J.M.J. Prasanna
DTBERUWALAGE,D.T Beruwalage,individual,,1,8016562.5,8016562.5,0,0,0,D.T Beruwalage
IPILGUNATHILAKA,MRS. I.P.I.L. GUNATHILAKA,individual,,1,8011786.5,8011786.5,0,0,0,MRS. I.P.I.L. GUNATHILAKA
KSURIARACHCHI,Mr. K. Suriarachchi,individual,,1,8000000,8000000,0,0,0,Mr. K. Suriarachchi
SURENDRAWICKRAMASINGHE,Surendra Wickramasinghe,individual,,1,7983200.0,7983200.0,0,0,0,Surendra Wickramasinghe
PSOMADASA,Mr. P. Somadasa,individual,,1,7944154,7944154,0,0,0,Mr. P. Somadasa
LHLTDHARADASA,MR. L.H.L.T.D. HARADASA,individual,,2,7931728.2,9822801.82896656,0,0,0,MR. L.H.L.T.D. HARADASA | Mr. L.H.L.T.D. Haradasa
AMADSABEYSINGHE,Dr.A.M.A.D.S. Abeysinghe,individual,,2,7925176.6,7925176.6,0,0,0,Dr.A.M.A.D.S. Abeysinghe | Dr. A.M.A.D.S. Abeysinghe
SITHAMPARAPILLAIGOWRISANGAR,Sithamparapillai Gowrisangar,individual,,1,7924500.0,7924500.0,0,0,0,Sithamparapillai Gowrisangar
ACEPOWERGENERATIONMATARA,ACE Power Generation Matara (Pvt) Ltd,company,,1,7847455,7847455,0,0,0,ACE Power Generation Matara (Pvt) Ltd
SGOWRISANGAR,Mr. S. Gowrisangar,individual,,3,7839825,7839825,0,0,0,Mr. S. Gowrisangar | MR. S. GOWRISANGAR
VSWIJEWARDENE,Ms.V.S.Wijewardene,individual,,1,7836713.5,7836713.5,0,0,0,Ms.V.S.Wijewardene
SOMADASAPALIHAWADANAANDRAMANISUJATHADALUWATTA,MR. SOMADASA PALIHAWADANA AND MRS. RAMANI SUJATHA DALUWATTA,joint,,1,7805014.2,7805014.2,0,0,0,MR. SOMADASA PALIHAWADANA AND MRS. RAMANI SUJATHA DALUWATTA
JRUDRAANDSRUDRA,MR. J. RUDRA & MRS. S.RUDRA,joint,,1,7750000,7750000,0,0,0,MR. J. RUDRA & MRS. S.RUDRA
IRANJANDUMINDABANDARIGODAGE,Mr. Iranjan Duminda Bandarigodage,individual,,1,7750000.0,7750000.0,0,0,0,Mr. Iranjan Duminda Bandarigodage
DRAMACHANDRAN,D.RAMACHANDRAN,individual,,2,7735000.0,7735000.0,0,0,0,COMMERCIAL BANK OF CEYLON PLC/D.RAMACHANDRAN | D Ramachandran
SAMARAKOONMUDIYANSELAGEPRASANNADISANAYAKE,Samarakoon Mudiyanselage Prasanna Disanayake,individual,,1,7701375,7701375,0,0,0,Seylan bank PLC/Samarakoon Mudiyanselage Prasanna Disanayake
NISHANTHAPRADEEPWIJETHUNGADELGODA,NISHANTHA PRADEEP WIJETHUNGA DELGODA,individual,,1,7683200,7683200,0,0,0,SEYLAN BANK PLC/ NISHANTHA PRADEEP WIJETHUNGA DELGODA
EXPORTERSANDCONSUMERSCONSORTIUM,EXPORTERS & CONSUMERS CONSORTIUM (PRIVATE) LTD,company,,1,7593000,7593000,0,0,0,EXPORTERS & CONSUMERS CONSORTIUM (PRIVATE) LTD
AJRUMY,MR. A.J. Rumy,individual,,1,7590000,7590000,0,0,0,MR. A.J. Rumy
DGONSALKORALE,Mr. D. Gonsalkorale,individual,,1,7544160,7544160,0,0,0,Mr. D. Gonsalkorale
AVANOOSTERBRUGGE,Mr. A. Van Oosterbrugge,individual,,1,7488620,7488620,0,0,0,Mr. A. Van Oosterbrugge
VSARASWATHI,Mrs.V.Saraswathi,individual,,1,7458000,7458000,0,0,0,Mrs.V.Saraswathi
RSELVASKANDAN,Mr. R Selvaskandan,individual,,1,7400000,7400000,0,0,0,Mr. R Selvaskandan
RAWAHAB,R.A. Wahab,individual,,1,7392000.0,10275452.48108401,0,0,0,Commercial Bank Of Ceylon PLC/R.A. Wahab
GSOYSA,Mrs.G.Soysa,individual,,2,7350000,8061014.68421053,0,0,0,Peoples Leasing & Finnace PLC-Dr.H.S.D.Soysa/Mrs.G.Soysa | Mrs. G. Soysa
SNCWMTRKANDEGEDARA,Miss. S.N.C.W.M.T.R. Kandegedara,individual,,2,7327499.96453961,8810769.45308425,0,0,0,Miss. S.N.C.W.M.T.R. Kandegedara
NIKAN,NIKAN (PVT) LTD,company,,2,7307190,7307190,0,0,0,NIKAN (PVT) LTD | Nikan (Pvt)Ltd
CYATAWARA,Mr. C. Yatawara,individual,,1,7301088.0,15170973.11044933,0,0,0,Mr. C. Yatawara
PRDFERNANDO,Mr. P.R.D. Fernando,individual,,1,7287203.6906235,21647235.94355347,0,0,0,Mr. P.R.D. Fernando
SPALIHAWADANAANDRSDALUWATTA,MR. S. PALIHAWADANA & MRS. R.S.DALUWATTA,joint,,1,7274626.8,7274626.8,0,0,0,MR. S. PALIHAWADANA & MRS. R.S.DALUWATTA
MARUDPRAGASAM,Mrs. M. Arudpragasam,individual,,1,7264507.8,7264507.8,0,0,0,Mrs. M. Arudpragasam
SVIGNARAJAHANDKRVIGNARAJAH,Mrs. S. Vignarajah & Miss K.R.Vignarajah,joint,,1,7257600.0,7257600.0,0,0,0,Mrs. S. Vignarajah & Miss K.R.Vignarajah
WMSRIYANANDA,MR. W.M. SRIYANANDA,individual,,1,7238249.96072727,7238249.96072727,0,0,0,MR. W.M. SRIYANANDA
ESTOFLATEHITBANDARAATAPATTUMUDIYANSELAGEPREMARATNEALGAMA,Est.Of Late Mr. Hitbandara Atapattu Mudiyanselage Premaratne Algama,estate,,1,7233592,7233592,0,0,0,Est.Of Late Mr. Hitbandara Atapattu Mudiyanselage Premaratne Algama
RMDISSANAIKE,Mrs. R M Dissanaike,individual,,1,7232237.5,7232237.5,0,0,0,Mrs. R M Dissanaike
SMPDISSANAYAKEANDOMUPEKSHA,S.M.P Dissanayake and Ms.O.M Upeksha,joint,,1,7200000,7200000,0,0,0,Seylan Bank PLC/S.M.P Dissanayake and Ms.O.M Upeksha
HVMSDESILVA,Mr.H.V.M.S.De Silva,individual,,2,7178067.0,7178067.0,0,0,0,Mr.H.V.M.S.De Silva | Mr. H.V.M.S. De Silva
UAGPFERNANDO,Mr.U.A.G.P. Fernando,individual,,1,7152918.96988245,7356601.74621321,0,0,0,Mr.U.A.G.P. Fernando
KORALAGODAGEDONSAHANRACHITRAKULATUNGA,Koralagodage Don Sahan Rachitra Kulatunga,individual,,1,7133064.4,9915511.9435487,0,0,0,Hatton National Bank PLC/ Koralagodage Don Sahan Rachitra Kulatunga
CODEGENINTERNATIONAL,CODE-GEN INTERNATIONAL PVT LTD,company,,1,7095000.0,12775049.09049872,0,0,0,CODE-GEN INTERNATIONAL PVT LTD
MANELSENANAYAKE,Manel Senanayake,individual,,1,7044000,7044000,0,0,0,Manel Senanayake
GAKNANAYAKAKARA,G A K Nanayakakara,individual,,1,7026057.5,7026057.5,0,0,0,G A K Nanayakakara
RRASENTHIRAPIRATHAS,Mr. R. Rasenthirapirathas,individual,,1,7021555,7021555,0,0,0,Mr. R. Rasenthirapirathas
SAABUDDHIKA,S. A. A. Buddhika,individual,,1,7020000,7020000,0,0,0,Merchant Bank of Sri Lanka & Finance PLC / S. A. A. Buddhika
HPNSOYSA,Mr. H.P.N. Soysa,individual,,1,7000000,7677156.84210526,0,0,0,Mr. H.P.N. Soysa
WKPITIYAGE,Ms. W.K Pitiyage,individual,,1,7000000,7677156.84210526,0,0,0,Ms. W.K Pitiyage
MANIKKUBADATHURUPESHALISARANYAFERNANDO,MS. MANIKKU BADATHURU PESHALI SARANYA FERNANDO,individual,,1,6999232.5,6999232.5,0,0,0,MS. MANIKKU BADATHURU PESHALI SARANYA FERNANDO
MHKALEELANDHKALEEL,MR. M.H. KALEEL & MR. H. KALEEL,joint,,1,6996000,6996000,0,0,0,MR. M.H. KALEEL & MR. H. KALEEL
ARHFERNANDO,MR. A.R.H. FERNANDO,individual,,1,6990896,6990896,0,0,0,MR. A.R.H. FERNANDO
MMSAPARIS,MR. M.M.S.A. PARIS,individual,,1,6970328.0,6970328.0,0,0,0,MR. M.M.S.A. PARIS
MACKSONSHOLDINGS,Macksons Holdings (Pvt) Ltd,company,,1,6970000,6970000,0,0,0,Macksons Holdings (Pvt) Ltd
UCBANDARANAYAKE,U.C. Bandaranayake,individual,,1,6960000,7293415.52571035,0,0,0,Assetline Finance PLC / U.C. Bandaranayake
KBABEYRATNE,MR. K.B. ABEYRATNE,individual,,1,6955813.4472597,6955813.4472597,0,0,0,MR. K.B. ABEYRATNE
KEKANADUREVIDANAARACHCHIGEJANANICHAMODYAWIJENAYAKE,MRS. KEKANADURE VIDANA ARACHCHIGE JANANI CHAMODYA WIJENAYAKE,individual,,1,6953952,6953952,0,0,0,MRS. KEKANADURE VIDANA ARACHCHIGE JANANI CHAMODYA WIJENAYAKE
NANDANAARANGALAWITHANA,MR. NANDANA ARANGALA WITHANA,individual,,1,6919177.5,6919177.5,0,0,0,MR. NANDANA ARANGALA WITHANA
WAKELUMKUMARA,Mr. W.A. Kelum Kumara,individual,,1,6918108.6,6918108.6,0,0,0,Mr. W.A. Kelum Kumara
LIYANAGESANJAYAUPENDRAPERERA,Mr. Liyanage Sanjaya Upendra Perera,individual,,1,6900000,6900000,0,0,0,Mr. Liyanage Sanjaya Upendra Perera
SLLBSENAVIRATHNA,MR. S.L.L.B. SENAVIRATHNA,individual,,1,6879059.04467614,6879059.04467614,0,0,0,MR. S.L.L.B. SENAVIRATHNA
MANIKKAVASAGARTHIYAGARAJA,Mr. Manikkavasagar Thiyagaraja,individual,,1,6872882.0,6872882.0,0,0,0,Seylan Bank PLC/Mr. Manikkavasagar Thiyagaraja
DAATHUKORALAGE,Mr. D A Athukoralage,individual,,1,6870270,6870270,0,0,0,Mr. D A Athukoralage
YAUWANAGUHANWIGNESWARAN,Yauwanaguhan Wigneswaran,individual,,1,6865850,6865850,0,0,0,Hatton National Bank PLC/Yauwanaguhan Wigneswaran
DJPBFERNANDO,MR. D.J.P.B. FERNANDO,individual,,1,6862500,6862500,0,0,0,MR. D.J.P.B. FERNANDO
KEELLSCONSULTANTS,Keells Consultants (Pvt) Ltd,company,,1,6830179.2,6830179.2,0,0,0,Keells Consultants (Pvt) Ltd
AMMANSOOR,Mr. A.M. Mansoor,individual,,1,6803460,6803460,0,0,0,Mr. A.M. Mansoor
KGMPIERIS,Mrs. K.G.M. Pieris,individual,,1,6800000,6800000,0,0,0,Mrs. K.G.M. Pieris
HNMUSANDAMALI,MS. H.N.M.U. SANDAMALI,individual,,1,6796271,6796271,0,0,0,MS. H.N.M.U. SANDAMALI
AZEEZJALALUDDINRUMY,MR. AZEEZ JALALUDDIN RUMY,individual,,1,6787500,6787500,0,0,0,MR. AZEEZ JALALUDDIN RUMY
PVARATHARAJA,MR. P. VARATHARAJA,individual,,1,6725126.1,6725126.1,0,0,0,MR. P. VARATHARAJA
NAJAKNISSANKA,Mr.N.A.J.A.K.Nissanka,individual,,2,6688889.7,6703746.26103437,0,0,0,Sampath Bank PLC/Mr.N.A.J.A.K.Nissanka | Sampath Bank PLC / Mr.N.A.J.A.K.Nissanka
LISTED:LFIN,L B FINANCE PLC,listed,LFIN,1,6688000.0,0,0,0,0,L B FINANCE PLC
HMCBMAWILMADA,H.M.C.B.MAWILMADA,individual,,1,6664992,6664992,0,0,0,MERCHANT BANK OF SRI LANKA & FINANCE PLC/H.M.C.B.MAWILMADA
KDPANABOKKE,Mrs. K D Panabokke,individual,,1,6642650.7,6642650.7,0,0,0,Mrs. K D Panabokke
KMSMRAZIKKMSMRAJABUDEENANDKMSMRMOHOMMAD,"Mr. K.M.S.M. Razik, Mr. K.M.S.M. Rajabudeen & Mr. K.M.S.M.R. Mohommad",joint,,1,6630300,6630300,0,0,0,"Mr. K.M.S.M. Razik, Mr. K.M.S.M. Rajabudeen & Mr. K.M.S.M.R. Mohommad"
WAYKRATHNAYAKE,MR. W.A.Y.K. RATHNAYAKE,individual,,1,6584800,6584800,0,0,0,MR. W.A.Y.K. RATHNAYAKE
SHANTILALTISSAHERAT,MR. SHANTILAL TISSA HERAT,individual,,1,6549875.2,6549875.2,0,0,0,MR. SHANTILAL TISSA HERAT
ARWIJEWARDENE,Mr.A.R.Wijewardene,individual,,1,6543806.5,6543806.5,0,0,0,Mr.A.R.Wijewardene
MASKELIYATEAEXPORTS,Maskeliya Tea Exports (Pvt) Ltd,company,,1,6505363.8,9042959.49662664,0,0,0,DFCC Bank PLC / Maskeliya Tea Exports (Pvt) Ltd
WIJEWICKRAMAPATHINAYAKAGEASANKADINUNUWANGUNATHILAKA,Wijewickrama Pathinayakage Asanka Dinunuwan Gunathilaka,individual,,1,6457000,6457000,0,0,0,Wijewickrama Pathinayakage Asanka Dinunuwan Gunathilaka
KOTAPOLAMULTIPURPOSECOOPERATIVESOCIETY,Kotapola Multipurpose Co-Operative Society Ltd,company,,1,6409752,6409752,0,0,0,Kotapola Multipurpose Co-Operative Society Ltd
PUBLICASEXECUTOROFTHEESTATEOFLATEDSKAHAWITA,THE PUBLIC AS EXECUTOR OF THE ESTATE OF LATE MR D S KAHAWITA,estate,,1,6408710,6408710,0,0,0,THE PUBLIC AS EXECUTOR OF THE ESTATE OF LATE MR D S KAHAWITA
KKWICKRAMASINGHE,K.K.Wickramasinghe,individual,,1,6400000,6400000,0,0,0,Merchant Bank Of Sri Lanka & Finance PLC/K.K.Wickramasinghe
JBHIRDARAMANI,Mr. J B Hirdaramani,individual,,1,6400000,6400000,0,0,0,Mr. J B Hirdaramani
SAIDULLAMUSTHAJABMARRIKKAR,MR. SAIDULLA MUSTHAJAB MARRIKKAR,individual,,1,6400000.0,6400000.0,0,0,0,MR. SAIDULLA MUSTHAJAB MARRIKKAR
PRHETTIWATTA,Mr. P.R. Hettiwatta,individual,,1,6395587.9,6395587.9,0,0,0,Mr. P.R. Hettiwatta
MAMISFAHAN,MR. M.A.M. ISFAHAN,individual,,1,6380488.38738125,6380488.38738125,0,0,0,MR. M.A.M. ISFAHAN
KMITHULAN,K. Mithulan,individual,,2,6376916.5,6376916.5,0,0,0,Merchant Bank of Sri Lanka & Finance PLC/K. Mithulan | MR. K. MITHULAN
WGCRSILVA,W.G.C.R.Silva,individual,,1,6357690,6357690,0,0,0,W.G.C.R.Silva
HASMADANAYAKA,Mr. H.A.S.Madanayaka,individual,,1,6333600,6637008.12839642,0,0,0,Mr. H.A.S.Madanayaka
SUNILMENDIS,MR. SUNIL MENDIS,individual,,1,6330000,6330000,0,0,0,MR. SUNIL MENDIS
IVANARLENRANDOLPHPERERA,Mr. IVAN ARLEN RANDOLPH PERERA,individual,,1,6330000,6330000,0,0,0,Mr. IVAN ARLEN RANDOLPH PERERA
TAPEIRISANDPRNICHOLAS,MR. T.A. PEIRIS & MR. P.R.NICHOLAS,joint,,1,6315000,6315000,0,0,0,MR. T.A. PEIRIS & MR. P.R.NICHOLAS
CALWISHEWA,Dr. C. Alwishewa,individual,,1,6307656.8,6307656.8,0,0,0,Dr. C. Alwishewa
WEDIKKARAGEDARACHTHURANGATHUSHARAJAYASENA,MR. WEDIKKARA GEDARA CHTHURANGA THUSHARA JAYASENA,individual,,1,6302461,6302461,0,0,0,MR. WEDIKKARA GEDARA CHTHURANGA THUSHARA JAYASENA
MCGAMAGE,Mr. M.C. Gamage,individual,,1,6273669.6,6273669.6,0,0,0,Mr. M.C. Gamage
ASOKAKARIYAWASAMPATHIRAGE,ASOKA KARIYAWASAM PATHIRAGE,individual,,2,6267728.8,6267728.8,0,0,0,PEOPLES BANK/ASOKA KARIYAWASAM PATHIRAGE
LKTLAKSHAN,MR. L.K.T. LAKSHAN,individual,,2,6259687.6,6259687.6,0,0,0,MR. L.K.T. LAKSHAN | Mr. L.K.T. Lakshan
WDBMALANI,MRS. W.D.B. MALANI,individual,,1,6183434.27045041,6183434.27045041,0,0,0,MRS. W.D.B. MALANI
ORITAPPARELSLANKA,Orit Apparels Lanka (Pvt) Ltd.,company,,1,6166679,6166679,0,0,0,Orit Apparels Lanka (Pvt) Ltd.
ALMNAZAR,Dr. A.L.M. Nazar,individual,,1,6160000,8562877.06757,0,0,0,Dr. A.L.M. Nazar
MWPWJAYAWARDENA,Mr. M.W.P.W. Jayawardena,individual,,1,6120000,6120000,0,0,0,Mr. M.W.P.W. Jayawardena
ANNESHARMALEEDEALWIS,MRS. ANNE SHARMALEE DE ALWIS,individual,,1,6114072,6619868.73404704,0,0,0,MRS. ANNE SHARMALEE DE ALWIS
RRCMADHUMADHAWA,MR. R.R.C. MADHUMADHAWA,individual,,2,6084194.4,6084194.4,0,0,0,MR. R.R.C. MADHUMADHAWA
SDMHEMAJITH,Mr S.D.M. Hemajith,individual,,1,6059625,6059625,0,0,0,Mr S.D.M. Hemajith
WLBOGTSTRA,Mr. W.L. Bogtstra,individual,,1,6041158.2,6041158.2,0,0,0,Mr. W.L. Bogtstra
DJDESILVAWIJEYERATNE,MR. D.J. DE SILVA WIJEYERATNE,individual,,1,6035000.0,6035000.0,0,0,0,MR. D.J. DE SILVA WIJEYERATNE
JPMARAVINDA,J. P. M. Aravinda,individual,,2,6035000,6035000,0,0,0,J. P. M. Aravinda | Mr.J P M Aravinda
DLBCPERERA,Mr. D L B C Perera,individual,,1,6020724,6020724,0,0,0,Mr. D L B C Perera
SSDEFONSEKA,S.S. De Fonseka,individual,,1,6018660,6306981.07585803,0,0,0,Merchant Bank of Sri Lanka & Finance PLC / S.S. De Fonseka
LMSNLANSAKARA,MR. L.M.S.N. LANSAKARA,individual,,1,6006000,6006000,0,0,0,MR. L.M.S.N. LANSAKARA
LISTED:UML,UNITED MOTORS LANKA PLC,listed,UML,1,6000000,0,0,0,0,United Motors Lanka PLC
CMPPTAPERERA,C.M.P.P.T.A. Perera,individual,,1,6000000,6000000,0,0,0,Dialog Finance PLC / C.M.P.P.T.A. Perera
RMVWWEERABAHU,Mr. R.M.V.W. Weerabahu,individual,,1,5994361.1,8142193.36120287,0,0,0,Sampath Bank Plc/Mr. R.M.V.W. Weerabahu
SUGATHADASABANDARAANDSONS,SUGATHADASA BANDARA & SONS (PVT) LTD,company,,1,5974492.5,5974492.5,0,0,0,SUGATHADASA BANDARA & SONS (PVT) LTD
LISTED:ECL,E-CHANNELLING PLC,listed,ECL,1,5971600.25,0,0,0,0,E CHANNELLING PLC
ALALIYAKANKANAMLAGEMARYJOSEPHINECOORAY,MRS. ALALIYAKANKANAMLAGE MARY JOSEPHINE COORAY,individual,,1,5958960,6451924.83690689,0,0,0,MRS. ALALIYAKANKANAMLAGE MARY JOSEPHINE COORAY
THDESILVA,MR. T.H. DE SILVA,individual,,1,5950000,5950000,0,0,0,MR. T.H. DE SILVA
GMKENNEDY,Mr. G.M.Kennedy,individual,,1,5948040,5948040,0,0,0,Mr. G.M.Kennedy
AKPALLIYAGURUGEDONDECEASED,MR. A.K. PALLIYA GURUGE DON,individual,,1,5940000,5940000,0,0,0,MR. A.K. PALLIYA GURUGE DON (DECEASED)
WGSCJAYAWEERA,Mr.W.G.S.C. Jayaweera,individual,,1,5915908,5915908,0,0,0,Mr.W.G.S.C. Jayaweera
SANJEEWAWIJESIRIGUNAWARDENA,Mr. Sanjeewa Wijesiri Gunawardena,individual,,1,5855622,5855622,0,0,0,Mr. Sanjeewa Wijesiri Gunawardena
KSATHEESWARAN,Mr. K. Satheeswaran,individual,,1,5850000,5850000,0,0,0,Mr. K. Satheeswaran
OSHANSENANAYAKEDRPIERISANDSPPERERA,"Mr. Oshan Senanayake , Mr. D.R.Pieris & Mr.S.P. Perera",joint,,1,5845421.16618315,5845421.16618315,0,0,0,"Mr. Oshan Senanayake , Mr. D.R.Pieris & Mr.S.P. Perera"
LLRMARROW,MR L.L.R. MARROW,individual,,1,5828130,5828130,0,0,0,MR L.L.R. MARROW
BLSPEIRIS,Mr. B.L.S.Peiris,individual,,1,5828000.0,5828000.0,0,0,0,Mr. B.L.S.Peiris
TJEMMANUEL,MR. T.J. EMMANUEL,individual,,1,5804514,5804514,0,0,0,MR. T.J. EMMANUEL
WEERASINGHE,Mr Weerasinghe,individual,,1,5803000,5803000,0,0,0,Mr Weerasinghe
SNWIJAYANANDANA,S.N.Wijayanandana,individual,,1,5791560.0,5791560.0,0,0,0,S.N.Wijayanandana
NVSNCHIRANTHA,Mr. N.V.S.N. Chirantha,individual,,2,5761175.55,5761175.55,0,0,0,Mr. N.V.S.N. Chirantha | MR. N.V.S.N. CHIRANTHA
MMAHIBALAN,Mr.M.Mahibalan,individual,,1,5756674,5756674,0,0,0,Mr.M.Mahibalan
MUNASINGHE,Mr Munasinghe,individual,,1,5753260,5753260,0,0,0,Mr Munasinghe
PTKARUNARATNE,Mr. P T Karunaratne,individual,,1,5744323.2,5744323.2,0,0,0,Mr. P T Karunaratne
ARAMBEGODALOKUGAMAGEDAMINDAWIJEDASA,DR. ARAMBEGODA LOKUGAMAGE DAMINDA WIJEDASA,individual,,1,5697652.0,5697652.0,0,0,0,DR. ARAMBEGODA LOKUGAMAGE DAMINDA WIJEDASA
MESESJAYELECTRONICS,Mes Esjay Electronics (Pvt) Ltd,company,,1,5670000,5670000,0,0,0,Mes Esjay Electronics (Pvt) Ltd
MHMFAWMYANDMTSFAZILA,M.H.M.Fawmy and M.T.S.Fazila,joint,,2,5639997.3,5652693.58767436,0,0,0,Senkadagala Finance PLC/M.H.M.Fawmy and M.T.S.Fazila | Senkadagala Finance PLC/M.H.M.Fawmy & M.T.S.Fazila
RDUARANAMUKA,Mr. R.D.U.A. Ranamuka,individual,,1,5601000,5601000,0,0,0,Mr. R.D.U.A. Ranamuka
JAISPERERA,Mrs. J.A.I. S. Perera,individual,,1,5568000,5834732.42056828,0,0,0,Mrs. J.A.I. S. Perera
IAHESUFALLY,MR. I.A.H. ESUFALLY,individual,,1,5496712,5496712,0,0,0,MR. I.A.H. ESUFALLY
STDWIRASINGHE,S.T.D.WIRASINGHE,individual,,1,5469600,5469600,0,0,0,SEYLAN BANK PLC/S.T.D.WIRASINGHE
PFNANDASIRI,Mr. P. F. Nandasiri,individual,,1,5461249.78155001,6522779.07886884,0,0,0,Mr. P. F. Nandasiri
RAJEEPANRAGUNEETHAN,Rajeepan Raguneethan,individual,,1,5460000,7416365.98305158,0,0,0,Sampath Bank Plc/Rajeepan Raguneethan
GUNENDRARASITHASELLAHEWA,Gunendra Rasitha Sellahewa,individual,,1,5452056,5452056,0,0,0,Gunendra Rasitha Sellahewa
GDANGAMPOLA,Mr. G. Dangampola,individual,,1,5446000,5446000,0,0,0,Mr. G. Dangampola
LAHIRUSHANTHAWARNAARIYANANDA,LAHIRU SHANTHAWARNA ARIYANANDA,individual,,1,5440000,5440000,0,0,0,LAHIRU SHANTHAWARNA ARIYANANDA
HPCRPRIYADARSHANA,Mr. H.P.C.R. Priyadarshana,individual,,1,5439360,5439360,0,0,0,Mr. H.P.C.R. Priyadarshana
GCGOONATHILAKE,G.C.Goonathilake,individual,,1,5410800,5410800,0,0,0,G.C.Goonathilake
WJDBENEDICT,Mr. W.J.D. Benedict,individual,,1,5400000,5400000,0,0,0,Mr. W.J.D. Benedict
MAIDAMORAGODAARACHCHI,M.A.I.D.A.MORAGODAARACHCHI,individual,,1,5376000.0,5376000.0,0,0,0,PMF FINANCE PLC/M.A.I.D.A.MORAGODAARACHCHI
KARRPEMESIRI,MR.K.A.R.R.Pemesiri,individual,,1,5366341.75,5366341.75,0,0,0,MR.K.A.R.R.Pemesiri
HPGWSANDARENU,Mrs. H.P.G.W Sandarenu,individual,,1,5361990.6,5361990.6,0,0,0,Mrs. H.P.G.W Sandarenu
ANESUFALLY,Mr. A N Esufally,individual,,1,5345200,5345200,0,0,0,Mr. A N Esufally
ELAINEBRYNHILDEHELGAANILPERERADCDLSDPERERA,MRS. ELAINE BRYNHILDE HELGA ANIL PERERA / Mr. D.C.D.L.S.D. PERERA,joint,,1,5322700.0,5322700.0,0,0,0,MRS. ELAINE BRYNHILDE HELGA ANIL PERERA / Mr. D.C.D.L.S.D. PERERA
GJISDEFONSEKA,Mrs. G J I S De Fonseka,individual,,1,5318400,5318400,0,0,0,Mrs. G J I S De Fonseka
CEYLONPRINTERSGROUPEMPLOYEESPROVIDENTASSOCIATION,Ceylon Printers Plc – Group Employees Provident Association,institution,,1,5312220,5312220,0,0,0,Ceylon Printers Plc – Group Employees Provident Association
GNRDESILVA,Mr. G.N.R De Silva,individual,,1,5304146.7,5304146.7,0,0,0,Mr. G.N.R De Silva
PRCFERNANDO,Mr. P.R.C. Fernando,individual,,1,5288400,5288400,0,0,0,Mr. P.R.C. Fernando
GBRPGUNAWARDANA,G.B.R.P.Gunawardana,individual,,1,5261760,5261760,0,0,0,Senkadagala Finance PLC / G.B.R.P.Gunawardana
KCLRANAWEERA,MR K.C.L. RANAWEERA,individual,,1,5258435.6,9468185.04992616,0,0,0,MR K.C.L. RANAWEERA
SNSENTHILVERL,MR. S.N. SENTHILVERL,individual,,1,5255040.0,5255040.0,0,0,0,MR. S.N. SENTHILVERL
SSENTHIMAARAN,MR. S. SENTHIMAARAN,individual,,1,5255040.0,5255040.0,0,0,0,MR. S. SENTHIMAARAN
SPICECO,Spiceco Ltd,company,,1,5253260,20652300.69912783,0,0,0,Spiceco Ltd
AMALLIKAARACHCHI,MR. A MALLIKAARACHCHI,individual,,1,5250000,5250000,0,0,0,MR. A MALLIKAARACHCHI
LLEWELLYNALPHONSUSJOSEPHFIEDELISMORAIS,MR. LLEWELLYN ALPHONSUS JOSEPH FIEDELIS MORAIS,individual,,1,5228210.9,9413763.34080064,0,0,0,SAMPATH BANK PLC/MR. LLEWELLYN ALPHONSUS JOSEPH FIEDELIS MORAIS
CDAHANAYAKE,C.Dahanayake,individual,,1,5210400,5210400,0,0,0,C.Dahanayake
HARPEIRIS,Mr.H A R Peiris,individual,,1,5208000,5208000,0,0,0,Mr.H A R Peiris
MSPMEDONSA,Mr. M.S.P. Medonsa,individual,,1,5200250,20443900.87500704,0,0,0,Mr. M.S.P. Medonsa
CTTLINK,Ctt Link (Pvt) Ltd,company,,1,5173700.0,5173700.0,0,0,0,Ctt Link (Pvt) Ltd
KWJPLPERERA,MR. K.W.J.P.L. PERERA,individual,,1,5165407.5,5309157.17242145,0,0,0,DIALOG FINANCE PLC/MR. K.W.J.P.L. PERERA
WGCDILRUKSHI,MRS. W.G.C. DILRUKSHI,individual,,1,5160510,5160510,0,0,0,MRS. W.G.C. DILRUKSHI
DLPANABOKKE,Ms. D L Panabokke,individual,,1,5149472.3,5149472.3,0,0,0,Ms. D L Panabokke
MHNASSIMHUSSAIN,MR. M.H. NASSIM HUSSAIN,individual,,1,5113616.4,5113616.4,0,0,0,MR. M.H. NASSIM HUSSAIN
DLPSPERERA,MR. D.L.P.S. PERERA,individual,,1,5113144,5113144,0,0,0,MR. D.L.P.S. PERERA
AMEFERNANDO,Mr. A.M.E. Fernando,individual,,1,5085000,5085000,0,0,0,Mr. A.M.E. Fernando
WSRIYANI,Miss. W. Sriyani,individual,,1,5060552,7441426.25120015,0,0,0,Miss. W. Sriyani
MMHASHIM,Mr. M.M. Hashim,individual,,1,5056720,5056720,0,0,0,Mr. M.M. Hashim
DRCOSTA,Mrs. D.R. Costa,individual,,1,5010747.9,5010747.9,0,0,0,Mrs. D.R. Costa
NEXUSCAPITAL,Nexus Capital (Pvt) Ltd,company,,2,5005750,5005750,0,0,0,Nexus Capital (Pvt) Ltd
LUXSHMISHERMILARAJARATNAM,Mrs. Luxshmi Shermila Rajaratnam,individual,,1,5002500,5002500,0,0,0,Mrs. Luxshmi Shermila Rajaratnam
UGSSANDARUWAN,MR. U.G.S. SANDARUWAN,individual,,1,4994652.6,5133650.28316613,0,0,0,MR. U.G.S. SANDARUWAN
WVIMMACULATEANDYHMOHAMED,Mrs. W.V. Immaculate & Miss. Y.H Mohamed,joint,,1,4973304,4973304,0,0,0,Mrs. W.V. Immaculate & Miss. Y.H Mohamed
IDSPRUPASINGHA,MR. I.D.S.P. RUPASINGHA,individual,,1,4962627.9,4962627.9,0,0,0,MR. I.D.S.P. RUPASINGHA
RALSRANASINGHE,MR. R.A.L.S. RANASINGHE,individual,,1,4921608.0,4921608.0,0,0,0,MR. R.A.L.S. RANASINGHE
MRTHAMBINAYAGAM,MR. M.R. THAMBINAYAGAM,individual,,1,4920000,4920000,0,0,0,MR. M.R. THAMBINAYAGAM
PGUNARATNAM,P. GUNARATNAM,individual,,1,4905040.5,4905040.5,0,0,0,DIALOG FINANCE PLC/P. GUNARATNAM
BIMPUTHFINANCE,Bimputh Finance PLC,company,,1,4870242,4870242,0,0,0,Bimputh Finance PLC
SAMARAKOONMUDIYANSELAGEPRASANNADISSANAYAKEANDOMANTHAMUDIYANSELAGEUPEKSHADHAR,Samarakoon Mudiyanselage Prasanna Dissanayake And Omantha Mudiyanselage Upeksha Dhar,joint,,1,4862500,4862500,0,0,0,Seylan Bank PLC/Samarakoon Mudiyanselage Prasanna Dissanayake And Omantha Mudiyanselage Upeksha Dhar
DSAJAYATILEKE,Mr. D.S.A. Jayatileke,individual,,1,4858464,4858464,0,0,0,Mr. D.S.A. Jayatileke
SADEARAJAPAKSE,S. A. De A. Rajapakse,individual,,1,4850000,4850000,0,0,0,S. A. De A. Rajapakse
KASAMAN,Mr. K.A. Saman,individual,,1,4816680,4816680,0,0,0,Mr. K.A. Saman
BSMSIFRAN,MR. B.S.M. SIFRAN,individual,,1,4814044,4814044,0,0,0,MR. B.S.M. SIFRAN
HANASAR,Mr.H.A Nasar,individual,,1,4812000,4812000,0,0,0,Mr.H.A Nasar
GUARDIANINSURANCEBROKERS,Guardian Insurance Brokers (Pvt) Ltd,company,,1,4792104,4792104,0,0,0,LOLC Finance PLC/Guardian Insurance Brokers (Pvt) Ltd
APMATHANGAWEERA,A.P.Mathangaweera,individual,,1,4782521.6,4782521.6,0,0,0,People S Leasing And Finance PLC/A.P.Mathangaweera
CRHAPUWALA,Mr C.R. Hapuwala,individual,,1,4759560,4759560,0,0,0,Mr C.R. Hapuwala
NDDIAS,N.D.Dias,individual,,1,4747452.9403338,7485024.80809058,0,0,0,Seylan Bank PLC/N.D.Dias
HDMDDISSANAYAKE,Mr H.D.M.D.Dissanayake,individual,,1,4738937.5,4738937.5,0,0,0,Mr H.D.M.D.Dissanayake
NJAYASINGHE,Ms N.Jayasinghe,individual,,2,4738080,4738080,0,0,0,Ms N.Jayasinghe | Merchant Bank Of Sri Lanka & Finance Plc/N. Jayasinghe
WPGUNASENA,Mr W.P.Gunasena,individual,,1,4735830,4735830,0,0,0,Mr W.P.Gunasena
KADRSHAYANTHA,Mr. K.A.D.R. Shayantha,individual,,1,4690896,4690896,0,0,0,Mr. K.A.D.R. Shayantha
NSWIJESEKERA,Mr. N.S. Wijesekera,individual,,1,4680000,6505562.44743955,0,0,0,Mr. N.S. Wijesekera
HUASENEVIRATHNA,Mr. H.U.A.Senevirathna,individual,,1,4678200,4678200,0,0,0,Sampath Bank Plc/Mr. H.U.A.Senevirathna
LAJSSTANISLAUSANDBCSTANISLAUS,MRS L.A.J.S. STANISLAUS AND MR B.C.STANISLAUS,joint,,1,4677478.4,4677478.4,0,0,0,MRS L.A.J.S. STANISLAUS AND MR B.C.STANISLAUS
SUMCRO,Sumcro (Pvt) Ltd,company,,1,4660000,4660000,0,0,0,Sumcro (Pvt) Ltd
WESRODRIGO,Mr. W.E.S. Rodrigo,individual,,1,4660000,4660000,0,0,0,Mr. W.E.S. Rodrigo
AMABADHIKARI,Mr. A.M.A.B.Adhikari,individual,,1,4655961.6,4879003.2500792,0,0,0,Mr. A.M.A.B.Adhikari
EAGMBULATHWATTHA,E.A.G.M.Bulathwattha,individual,,1,4647840,4647840,0,0,0,Bansei Securities Capital (Pvt) Ltd / E.A.G.M.Bulathwattha
ANJULACHAMILA,Anjula Chamila,individual,,1,4600843.41472575,4600843.41472575,0,0,0,Hatton National Bank PLC/Anjula Chamila
KMSMRAZIKANDKSMRAJUBDEENSMRMOHAMED,"Mr. K.M.S.M. Razik & Mr. K.S.M.Rajubdeen, Mr. S.M.R.Mohamed",joint,,1,4600000,6764195.04344994,0,0,0,"Mr. K.M.S.M. Razik & Mr. K.S.M.Rajubdeen, Mr. S.M.R.Mohamed"
MMTILAKARATHNE,MR. M.M. TILAKARATHNE,individual,,1,4592000,4592000,0,0,0,MR. M.M. TILAKARATHNE
VTHVITHARANA,Mr. V.T.H. Vitharana,individual,,1,4587509.28511989,7232851.22317694,0,0,0,Mr. V.T.H. Vitharana
SSDESILVA,Mr. S.S. De Silva,individual,,1,4554149.6,6185941.42402344,0,0,0,Mr. S.S. De Silva
AAJFERNANDO,MR. A.A.J. FERNANDO,individual,,1,4466000,4466000,0,0,0,MR. A.A.J. FERNANDO
MABMORAHELA,Mr. M.A.B Morahela,individual,,1,4445409.8,4459804.35336204,0,0,0,Mr. M.A.B Morahela
MTMPEIRIS,MR. M.T.M. PEIRIS,individual,,1,4440000,4440000,0,0,0,MR. M.T.M. PEIRIS
KUNDANMALSNO1,Kundanmals Limited No 1,company,,1,4434735.6,4434735.6,0,0,0,Kundanmals Limited No 1 Account
MSMHANAS,Mr.M.S.M Hanas,individual,,1,4386249.91870313,4386249.91870313,0,0,0,Mr.M.S.M Hanas
ANKLIYANAGE,MR. A.N.K. LIYANAGE,individual,,1,4367700,4367700,0,0,0,MR. A.N.K. LIYANAGE
AKSMENDIS,MR. A.K.S. MENDIS,individual,,2,4365546.4,4365546.4,0,0,0,MR. A.K.S. MENDIS | Mr. A.K.S. Mendis
MANIMELWADUMADHUSANKADINESHWEERARATNE,Mr. Manimel Wadu Madhusanka Dinesh Weeraratne,individual,,1,4350000,4350000,0,0,0,Mr. Manimel Wadu Madhusanka Dinesh Weeraratne
CREASYFOODS,Creasy Foods Limited,company,,1,4350000,4558384.70356897,0,0,0,Creasy Foods Limited
AMMRISVI,Mr. A.M.M. Risvi,individual,,1,4336400.40908934,6836942.89291169,0,0,0,Amana Bank Plc/Mr. A.M.M. Risvi
HPGIN,Mrs.H P Gin,individual,,1,4334964,4334964,0,0,0,Mrs.H P Gin
JSKELUM,Mr J S Kelum,individual,,1,4331905.2,4331905.2,0,0,0,Mr J S Kelum
LKRDKULAWARDENA,Mr. L.K.R.D. Kulawardena,individual,,2,4331456.4,4331456.4,0,0,0,Mr. L.K.R.D. Kulawardena
EBODTKER,MR.E. BODTKER,individual,,1,4330500,4330500,0,0,0,MR.E. BODTKER
AKSMENDISANDCRNARANGODA,A.K.S.Mendis & C.R. Narangoda,joint,,1,4262182.8,4262182.8,0,0,0,Senkadagala Finance PLC/ A.K.S.Mendis & C.R. Narangoda
APPEKANAYAKA,Mr. A.P.P. EKANAYAKA,individual,,2,4253192.77411235,4253192.77411235,0,0,0,Mr. A.P.P. EKANAYAKA | Mr. A.P.P. Ekanayaka
RGSENEVIRATHNEANDASENAVIRATHNE,R.G Senevirathne & A. Senavirathne,joint,,1,4249422,4249422,0,0,0,Merchant Bank of Sri Lanka & Finance PLC/ R.G Senevirathne & A. Senavirathne
GBINDURASITHA,Mr. G. Bindu Rasitha,individual,,1,4227264.33090943,5048937.96135407,0,0,0,Seylan Bank PLC/Mr. G. Bindu Rasitha
CPMALALANAYAKE,Mr. C.P. Malalanayake,individual,,1,4218151.5,4420220.06320379,0,0,0,Mr. C.P. Malalanayake
HABASBHOY,Miss H. Abasbhoy,individual,,1,4212000,5855006.2026956,0,0,0,Miss H. Abasbhoy
MUTHUTHANTHRIGESTEPHENANGELOFERNANDO,Mr. Muthuthanthrige Stephen Angelo Fernando,individual,,1,4208320.5,4208320.5,0,0,0,Mr. Muthuthanthrige Stephen Angelo Fernando
WBBGAYAN,Mr. W.B.B. Gayan,individual,,1,4205110,5711837.86794689,0,0,0,Mr. W.B.B. Gayan
HDGVKPREMACHANDRA,MR. H.D.G.V.K. PREMACHANDRA,individual,,1,4200000,4200000,0,0,0,MR. H.D.G.V.K. PREMACHANDRA
GACDESILVA,G.A.C. DE SILVA,individual,,1,4193996.0,4193996.0,0,0,0,DFCC BANK PLC/G.A.C. DE SILVA
RRHPERERA,Mr. R.R.H. Perera,individual,,1,4186118.3,5686041.27493584,0,0,0,Mr. R.R.H. Perera
JDBANDARANAYAKEJOINTVBANDARANAYAKEANDI,"Mr. J. D. Bandaranayake, Joint Dr. V. Bandaranayake & Miss. I.",joint,,1,4174497.9,4174497.9,0,0,0,"Mr. J. D. Bandaranayake, Joint Dr. V. Bandaranayake & Miss. I."
GABADAGEDONTHISURABHANUJASENARATHNE,MR. GABADAGE DON THISURA BHANUJA SENARATHNE,individual,,1,4160006.4,4160006.4,0,0,0,MR. GABADAGE DON THISURA BHANUJA SENARATHNE
PUKDESILVA,MR. P.U.K. DE SILVA,individual,,1,4149429.6,4149429.6,0,0,0,MR. P.U.K. DE SILVA
PMMKARUNADHARMA,P.M.M.KARUNADHARMA,individual,,1,4146794.1,4146794.1,0,0,0,ASSETLINE FINANCE PLC/P.M.M.KARUNADHARMA
RATNAGOPAL,Mr. Ratna Gopal,individual,,1,4139300,4139300,0,0,0,Mr. Ratna Gopal
BAMADUSHANTHA,B.A.Madushantha,individual,,1,4134570.4,4134570.4,0,0,0,Merchant Bank Of Sri Lanka & Finance Plc/B.A.Madushantha
GKGLWIJAYATHIL,G.K.G.L Wijayathil,individual,,1,4127467.5,5737499.48098872,0,0,0,Merchant Bank Of Sri Lanka & Finance PLC/G.K.G.L Wijayathil
SHIRDESILVA,Mr. S.H.I.R. De Silva,individual,,1,4103712,4103712,0,0,0,Mr. S.H.I.R. De Silva
MZFSHAFRINA,MISS. M.Z.F. SHAFRINA,individual,,1,4098480.1,4098480.1,0,0,0,MISS. M.Z.F. SHAFRINA
SMGALLAGEDON,Mr. S.M. Gallage Don,individual,,1,4095000,5562274.48728868,0,0,0,Mr. S.M. Gallage Don
JAMESALWISCHRISTOFFELRAJASINGHEDECEASED,Mr. James Alwis Christoffel Rajasinghe,individual,,1,4081000.0,4081000.0,0,0,0,Mr. James Alwis Christoffel Rajasinghe (Deceased)
KSDSENAWEERA,MR.K.S.D.SENAWEERA,individual,,1,4078510,4078510,0,0,0,DFCC BANK PLC/MR.K.S.D.SENAWEERA
DPMCASSETLINEHOLDINGS,DPMC ASSETLINE HOLDINGS (PVT) LTD,company,,1,4069113.9,4069113.9,0,0,0,DPMC ASSETLINE HOLDINGS (PVT) LTD ACCOUNT NO.01
NBANDARANAYAKE,Ms. N Bandaranayake,individual,,1,4043200,4043200,0,0,0,Ms. N Bandaranayake
VKCINDRAJITH,Dr. V.K.C. Indrajith,individual,,1,4036800,4230181.004912,0,0,0,Dr. V.K.C. Indrajith
ASIVAYOGANATHAN,Mr A.Sivayoganathan,individual,,1,4032000.0,4032000.0,0,0,0,Mr A.Sivayoganathan
SIKUMARASINGHE,MRS. S.I. KUMARASINGHE,individual,,1,4025600,4025600,0,0,0,MRS. S.I. KUMARASINGHE
SKIRISHANTH,Mr. S. Kirishanth,individual,,1,4000864,4000864,0,0,0,Mr. S. Kirishanth
NPHRPPARANAHEWA,N.P.H.R.P.PARANAHEWA,individual,,1,4000000,4000000,0,0,0,MERCHANT BANK OF SRI LANKA & FINANCE PLC/N.P.H.R.P.PARANAHEWA
MOHAMEDNAJUMUDEENMOHAMEDZACKIE,MR. MOHAMED NAJUMUDEEN MOHAMED ZACKIE,individual,,1,3991013.4,3991013.4,0,0,0,MR. MOHAMED NAJUMUDEEN MOHAMED ZACKIE
TEACEYLONINVESTMENTS,Tea Ceylon Investments (Pvt) Ltd,company,,1,3990712.5,3990712.5,0,0,0,Tea Ceylon Investments (Pvt) Ltd
SHAHULHAMEEDMOHAMMADRIZAM,Mr. Shahul Hameed Mohammad Rizam,individual,,1,3981799.8,3981799.8,0,0,0,Mr. Shahul Hameed Mohammad Rizam
PGAJENDRA,P. Gajendra,individual,,2,3980181.25,3980181.25,0,0,0,Commercial Bank of Ceylon PLC / P. Gajendra | Commercial Bank of Ceylon PLC/P. Gajendra
KDJAYASOORIYA,MR. K.D. JAYASOORIYA,individual,,1,3977500.0,3977500.0,0,0,0,MR. K.D. JAYASOORIYA
AAPSKKARUNARATNE,Mr. A A P S K Karunaratne,individual,,1,3966356.4,3966356.4,0,0,0,Mr. A A P S K Karunaratne
MZHHASHIMANDNRMHASHIM,Mr. M.Z.H. Hashim & Mr. N.R.M.Hashim,joint,,1,3947766.0,5805099.82823917,0,0,0,Mr. M.Z.H. Hashim & Mr. N.R.M.Hashim
SPAMATHY,DR. S. PAMATHY,individual,,1,3944500,3944500,0,0,0,DR. S. PAMATHY
DONNISALINDUWARATHEWARAPPERUMA,MR. DON NISAL INDUWARA THEWARAPPERUMA,individual,,1,3936000.0,3936000.0,0,0,0,MR. DON NISAL INDUWARA THEWARAPPERUMA
KELMARSHINVESTMENTS,Kelmarsh Investments Limited,company,,1,3932508.0,3932508.0,0,0,0,Kelmarsh Investments Limited
YKHGUNAWARDENA,Mr. Y.K.H. Gunawardena,individual,,2,3930000,3930000,0,0,0,Mr. Y.K.H. Gunawardena | MR. Y.K.H. GUNAWARDENA
BDPDILRUKSHI,B.D.P.Dilrukshi,individual,,1,3897822,3897822,0,0,0,Senkadagala Finance PLC/B.D.P.Dilrukshi
CEYLONPRINTERSEMPLOYEESPROVIDENTASSOCIATION,Ceylon Printers Limited- Employees Provident Association,institution,,1,3878600,3878600,0,0,0,Ceylon Printers Limited- Employees Provident Association
DDDNAVARATHNA,Mr. D.D.D. Navarathna,individual,,1,3877499.96099357,3877499.96099357,0,0,0,Mr. D.D.D. Navarathna
NKRISHNAKUMAR,Mr. N. Krishnakumar,individual,,1,3871582.7229036,6104092.67700309,0,0,0,Mr. N. Krishnakumar
WINSLANDREALITY,Winsland Reality (Pvt) Ltd,company,,1,3855664.92853725,3855664.92853725,0,0,0,Winsland Reality (Pvt) Ltd
VGAJANAYAKE,Mr. V. Gajanayake,individual,,1,3854999.84580001,4604314.64390741,0,0,0,Sampath Bank PLC/Mr. V. Gajanayake
NRSMRAGIRAGAMA,Mr. N.R.S.M.R.A. Giragama,individual,,1,3849581.96127442,3849581.96127442,0,0,0,Mr. N.R.S.M.R.A. Giragama
RASNANDASIRI,Mr. R.A.S. Nandasiri,individual,,1,3849300,5350825.11301903,0,0,0,Mr. R.A.S. Nandasiri
IBANDARNAYAKE,Ms. I Bandarnayake,individual,,1,3801440,3801440,0,0,0,Ms. I Bandarnayake
JAYASEKARAPATHIRANAGEMINOLAKESHAN,Mr. Jayasekara Pathiranage Minola Keshan,individual,,1,3771319.5,3771319.5,0,0,0,Mr. Jayasekara Pathiranage Minola Keshan
GUNASEKARALIYANAGEROHANCHINTHAKA,MR. GUNASEKARA LIYANAGE ROHAN CHINTHAKA,individual,,1,3762524.8,3762524.8,0,0,0,MR. GUNASEKARA LIYANAGE ROHAN CHINTHAKA
RERABUKWELLE,Mr.R.E Rabukwelle,individual,,1,3706290.43130582,3706290.43130582,0,0,0,Mr.R.E Rabukwelle
BAGUNASINGHE,Mr. B.A. Gunasinghe,individual,,1,3606118.4,3606118.4,0,0,0,Mr. B.A. Gunasinghe
JAYASINGHE,JAYASINGHE,individual,,1,3600000,3600000,0,0,0,JAYASINGHE
RJMATHEW,Mr. R. J. Mathew,individual,,1,3597999.85608001,4297360.33431359,0,0,0,Mr. R. J. Mathew
MHMFAWMYANDTSFAZILA,M.H.M.FAWMY&T.S.FAZILA,joint,,1,3592824,3592824,0,0,0,SENKADAGALA FINANCE SENKADAGALA FINANCE PLC/M.H.M.FAWMY&T.S.FAZILA
STMADUSANKA,Mr. S.T. Madusanka,individual,,1,3577638.75,3577638.75,0,0,0,Mr. S.T. Madusanka
NLSFERNANDO,Mr. N.L.S. Fernando,individual,,1,3563636.25,3563636.25,0,0,0,Mr. N.L.S. Fernando
WMSHBANDARA,W. M. S. H. Bandara,individual,,1,3545767.1,3545767.1,0,0,0,Citizens Development Business finance PLC/ W. M. S. H. Bandara
GRHANDY,Dr.G.R.Handy,individual,,1,3540000,3540000,0,0,0,Dr.G.R.Handy
ANANDASAMARANAYAKE,Mr.Ananda Samaranayake,individual,,1,3535796,3535796,0,0,0,Sampth Bank PLC / Mr.Ananda Samaranayake
HJACPERERA,MR. H.J.A.C. PERERA,individual,,1,3521932.8,3521932.8,0,0,0,MR. H.J.A.C. PERERA
MAKUMARASINGHA,Mr. M.A. Kumarasingha,individual,,1,3509738.3,3521103.08244282,0,0,0,Mr. M.A. Kumarasingha
PDDBPANANDENIYA,MR. P.D.D.B. PANANDENIYA,individual,,1,3499300,3499300,0,0,0,MR. P.D.D.B. PANANDENIYA
KDAWEERASINGHE,MR. K.D.A. WEERASINGHE,individual,,1,3481740,3481740,0,0,0,MR. K.D.A. WEERASINGHE
AHTKSAMARAPALA,Mr. A.H.T.K. Samarapala,individual,,1,3480000,3646707.76285518,0,0,0,Mr. A.H.T.K. Samarapala
SSLPERERA,DR. S.S.L. PERERA,individual,,1,3470344.8,3470344.8,0,0,0,DR. S.S.L. PERERA
GAMEKANKANAMGEKASUNMADUSANKA,MR. GAME KANKANAMGE KASUN MADUSANKA,individual,,1,3465000,3465000,0,0,0,MR. GAME KANKANAMGE KASUN MADUSANKA
EVERGREENLIGHTINGANDELECTRICALLANKA,Evergreen Lighting And Electrical Lanka (Pvt) Ltd,company,,1,3440000.0,3440000.0,0,0,0,Evergreen Lighting And Electrical Lanka (Pvt) Ltd
MBALASUBRAMANIAM,Mr. M. Balasubramaniam,individual,,1,3417856,3417856,0,0,0,Mr. M. Balasubramaniam
CASURANIMALA,Dr./Mrs. C. A. Suranimala,individual,,1,3395000,3395000,0,0,0,Dr./Mrs. C. A. Suranimala
EMILEJOSEPHGUNESEKERAANDMICHELLEGENEIEVE,Emile Joseph Gunesekera & Michelle Geneieve,joint,,1,3394800,4345506.35390036,0,0,0,Seylan Bank PLC/Emile Joseph Gunesekera & Michelle Geneieve
WVIMMACULATEYHMOHOMAD,Mrs. W. V. Immaculate Miss. Y.H. Mohomad,individual,,1,3384639.3,3546778.85338354,0,0,0,Mrs. W. V. Immaculate Miss. Y.H. Mohomad
WLSUBASINGHE,Mr. W. L. Subasinghe,individual,,1,3375823.36496707,4031998.33366972,0,0,0,Peoples Leasing & Finance PLC/Mr. W. L. Subasinghe
LMDIAS,Mr. L.M. Dias,individual,,1,3360600,3360600,0,0,0,Mr. L.M. Dias
VCKISANTH,Mr. V.C. Kisanth,individual,,1,3328394.25,3328394.25,0,0,0,Mr. V.C. Kisanth
SVTFERNANDO,MISS S.V.T. FERNANDO,individual,,2,3325000,3325000,0,0,0,MISS S.V.T. FERNANDO
MHJAYAWARDENA,MRS.M.H.JAYAWARDENA,individual,,1,3320000,3320000,0,0,0,MRS.M.H.JAYAWARDENA
MANNAMARAKKALAGECALLISTUSNIHALCOORAY,MR. MANNAMARAKKALAGE CALLISTUS NIHAL COORAY,individual,,1,3318120,3592616.97340433,0,0,0,MR. MANNAMARAKKALAGE CALLISTUS NIHAL COORAY
SASENEVIRATNE,S.A. SENEVIRATNE,individual,,1,3300000,3300000,0,0,0,COMMERCIAL BANK OF CEYLON PLC/ S.A. SENEVIRATNE
BVNCVIDANAGE,DR. B.V.N.C. VIDANAGE,individual,,1,3297694.4,3297694.4,0,0,0,DR. B.V.N.C. VIDANAGE
KSRDFERNANDO,Mrs. K.S.R.D. Fernando,individual,,2,3275000,3275000,0,0,0,Mrs. K.S.R.D. Fernando
ABEYSIRIHEMAPALAMUNASINGHEANDABEYSIRIRAJITHRUCHIRANGAMUNASINGHE,Mr. Abeysiri Hemapala Munasinghe &Mr. Abeysiri Rajith Ruchiranga Munasinghe,joint,,1,3262500,3262500,0,0,0,Mr. Abeysiri Hemapala Munasinghe &Mr. Abeysiri Rajith Ruchiranga Munasinghe
ABEYSIRIHEMAPALAMUNASINGHEANDABEYSIRIVITHANGAKAVINDIMUNASINGHE,Mr. Abeysiri Hemapala Munasinghe & Miss. Abeysiri Vithanga Kavindi Munasinghe,joint,,1,3262500,3262500,0,0,0,Mr. Abeysiri Hemapala Munasinghe & Miss. Abeysiri Vithanga Kavindi Munasinghe
SMDRNSENARATH,MR. S.M.D.R.N. SENARATH,individual,,1,3254372,3254372,0,0,0,MR. S.M.D.R.N. SENARATH
GSPERERA,DR. G.S. PERERA,individual,,2,3239736,3826082.21143806,0,0,0,DR. G.S. PERERA | Dr. G.S. Perera
NORTHSTARHOLDINGS,Northstar Holdings (Pvt) Ltd,company,,1,3212499.87150001,3836928.86992285,0,0,0,Northstar Holdings (Pvt) Ltd
APETERLASANTHA,Mr. A. Peter Lasantha,individual,,1,3212499.87150001,3836928.86992285,0,0,0,Sampath Bank PLC/Mr. A. Peter Lasantha
ASDEALWIS,MRS. A.S. DE ALWIS,individual,,1,3207690,3207690,0,0,0,MRS. A.S. DE ALWIS
WARNAKLULASURIYAMADUSANKALAKMALTISSERA,Mr. Warnaklulasuriya Madusanka Lakmal Tissera,individual,,1,3188550,3188550,0,0,0,Mr. Warnaklulasuriya Madusanka Lakmal Tissera
MRMRIKAZ,M .R. M. Rikaz,individual,,1,3176098.2,3176098.2,0,0,0,PMF Finance PLC / M .R. M. Rikaz
UGGIHANMADUSANKAUDAGAMA,MR. U.G. GIHAN MADUSANKA UDAGAMA,individual,,1,3157536.6,3157536.6,0,0,0,MR. U.G. GIHAN MADUSANKA UDAGAMA
MVKJAYASINGHE,MR. M.V.K. JAYASINGHE,individual,,1,3132000,3132000,0,0,0,MR. M.V.K. JAYASINGHE
HETTIARACHCHIGEWALTERELLIOTTISSERA,Mr. Hettiarachchige Walter Elliot Tissera,individual,,1,3089900,3089900,0,0,0,Mr. Hettiarachchige Walter Elliot Tissera
KDSDESILVA,Mr. K. D. S. De Silva,individual,,1,3083999.87664001,3683451.71512593,0,0,0,Mr. K. D. S. De Silva
EDSPRIYAWARNA,MR. E.D.S. PRIYAWARNA,individual,,1,3068866.4,3068866.4,0,0,0,MR. E.D.S. PRIYAWARNA
HJHDMENDIS,MR. H.J.H.D. MENDIS,individual,,1,3068040,3068040,0,0,0,MR. H.J.H.D. MENDIS
UNIWALKERS,Uniwalkers Limited,company,,1,3060000,3060000,0,0,0,Uniwalkers Limited
TRSELVANAYAGAM,Mrs. T.R. Selvanayagam,individual,,1,3035100,3044927.86984209,0,0,0,Mrs. T.R. Selvanayagam
RSDRATHMALGODA,Mr R.S.D.Rathmalgoda,individual,,1,3021433.8,3021433.8,0,0,0,Mr R.S.D.Rathmalgoda
JASITHAPANABOKKE,Mr. J Asitha Panabokke,individual,,1,3002006.0,3002006.0,0,0,0,Mr. J Asitha Panabokke
TBAHEERATHAN,T.Baheerathan,individual,,1,2999890,4411269.79758588,0,0,0,Sampath Bank PLC / T.Baheerathan
HSDSOYSAJOINTGSOYSA,Dr. H.S.D. Soysa (Joint - Mrs. G. Soysa),joint,,1,2992800,2992800,0,0,0,Dr. H.S.D. Soysa (Joint - Mrs. G. Soysa)
TUDAWEBROTHERS,Tudawe Brothers Ltd,company,,1,2943724,4328678.97610535,0,0,0,Tudawe Brothers Ltd
ASMSHIYAM,A.S.M.SHIYAM,individual,,1,2940000,2940000,0,0,0,DIALOG FINANCE PLC/A.S.M.SHIYAM
NRFONSEKA,MISS N.R. FONSEKA,individual,,1,2938886.1,2938886.1,0,0,0,MISS N.R. FONSEKA
JERARDGEORGEONDAATJIE,Mr. Jerard George Ondaatjie,individual,,1,2915000,2915000,0,0,0,Mr. Jerard George Ondaatjie
ANGELINEMYRESEONDAATJIE,Ms. Angeline Myrese Ondaatjie,individual,,1,2915000,2915000,0,0,0,Ms. Angeline Myrese Ondaatjie
PLSHANTHA,Dr. P. L. Shantha,individual,,1,2910000,2910000,0,0,0,Sampath Bank/ Dr. P. L. Shantha
HILOKUGE,MISS H.I. LOKUGE,individual,,1,2898000,2898000,0,0,0,MISS H.I. LOKUGE
NWNJAYASIRI,MR. N.W.N. JAYASIRI,individual,,1,2888902.0,2888902.0,0,0,0,MR. N.W.N. JAYASIRI
AHMUNASINGHEANDARRMUNASINGHE,Mr. A.H Munasinghe and A.R.R Munasinghe,joint,,1,2869000,2878290.02621889,0,0,0,Mr. A.H Munasinghe and A.R.R Munasinghe
RIAGOONETILLEKEANDSNGOONETILLEKE,MR. R.I.A. GOONETILLEKE & MRS. S.N.GOONETILLEKE,joint,,1,2864063,2864063,0,0,0,MR. R.I.A. GOONETILLEKE & MRS. S.N.GOONETILLEKE
KASMODERALIYANAGEJANAKAPRASANNALIYANAGE,Kasmodera Liyanage Janaka Prasanna Liyanage,individual,,1,2853426.0,3652521.74307308,0,0,0,Seylan Bank PLC/Kasmodera Liyanage Janaka Prasanna Liyanage
KIPPERERA,MRS. K.I.P. PERERA,individual,,1,2852108.1,2852108.1,0,0,0,MRS. K.I.P. PERERA
SHARMILASHASHIPRABAHKANDAMBI,MISS SHARMILA SHASHI PRABAH KANDAMBI,individual,,1,2835443.6,2835443.6,0,0,0,MISS SHARMILA SHASHI PRABAH KANDAMBI
LLRMORROW,Mr.L L R Morrow,individual,,1,2805220,2805220,0,0,0,Mr.L L R Morrow
RTSFERNANDO,MR. R. T. S. FERNANDO,individual,,1,2800000,2800000,0,0,0,MR. R. T. S. FERNANDO
SMTHENABADU,MR.S.M.THENABADU,individual,,1,2791254.9,2791254.9,0,0,0,MR.S.M.THENABADU
IDDMSENANAYAKE,I.D.D.M.SENANAYAKE,individual,,1,2780247.6,2780247.6,0,0,0,MERCHANT BANK OF SRI LANKA & FINANCE PLC /I.D.D.M.SENANAYAKE
MOHAMEDAHAMEDASYAD,Mr. Mohamed Ahamed Asyad,individual,,1,2772000,2772000,0,0,0,Mr. Mohamed Ahamed Asyad
UWRMWEERAKOON,U.W.R.M.Weerakoon,individual,,1,2770038.7,2770038.7,0,0,0,U.W.R.M.Weerakoon
CLRAMANAYAKE,MRS. C.L. RAMANAYAKE,individual,,1,2745000,2745000,0,0,0,MRS. C.L. RAMANAYAKE
LTBASNAYAKE,MR.L.T. BASNAYAKE,individual,,1,2745000,2745000,0,0,0,MR.L.T. BASNAYAKE
VKRAMANAYAKE,MISS. V.K. RAMANAYAKE,individual,,1,2745000,2745000,0,0,0,MISS. V.K. RAMANAYAKE
MCFERNANDO,MR. M.C. FERNANDO,individual,,1,2733993.9,2733993.9,0,0,0,MR. M.C. FERNANDO
VNABEYSEKARA,Mr. V.N. Abeysekara,individual,,1,2731710,4016917.22655275,0,0,0,Mr. V.N. Abeysekara
MMSENARATNE,M. M. Senaratne,individual,,1,2716000,2716000,0,0,0,M. M. Senaratne
AMABATAPATTU,MR. A.M.A.B. ATAPATTU,individual,,1,2714600,2714600,0,0,0,MR. A.M.A.B. ATAPATTU
WMCBOTEJU,Mr. W.M.C. Boteju,individual,,1,2713132,2713132,0,0,0,Mr. W.M.C. Boteju
KPAPREMALAL,Mr. K.P.A. Premalal,individual,,1,2679064,2679064,0,0,0,Mr. K.P.A. Premalal
UDRAJAPAKSHA,U.D.RAJAPAKSHA,individual,,1,2667961.2,2667961.2,0,0,0,SENKADAGALA FINANCE PLC/U.D.RAJAPAKSHA
SUGATHADASABANDARATRADING,SUGATHADASA BANDARA TRADING (PVT) LTD,company,,1,2666932.2,2666932.2,0,0,0,SUGATHADASA BANDARA TRADING (PVT) LTD
TNITHYANANDALINGAM,T.NITHYANANDALINGAM,individual,,1,2640000.0,2640000.0,0,0,0,SENKADAGALA FINANCE PLC/T.NITHYANANDALINGAM
UKGBJAYASUNDARA,Mrs U.K.G.B.Jayasundara,individual,,1,2639595,2639595,0,0,0,Mrs U.K.G.B.Jayasundara
WCDEWARAJA,W.C.DEWARAJA,individual,,1,2610000,2610000,0,0,0,ASSETLINE FINANCE PLC/W.C.DEWARAJA
RABKKUMARA,MR. R.A.B.K. KUMARA,individual,,1,2610000,2610000,0,0,0,MR. R.A.B.K. KUMARA
AMDISSANAYAKE,Mr. A.M. Dissanayake,individual,,1,2609534,3837260.20619872,0,0,0,Mr. A.M. Dissanayake
DPNAVARATNAMDINESHPRAKASH,MR.D.P.NAVARATNAM DINESH PRAKASH,individual,,1,2603484,2603484,0,0,0,MR.D.P.NAVARATNAM DINESH PRAKASH
MRRASHEED,Mr. M.R. Rasheed,individual,,1,2601162,3329611.75872634,0,0,0,Mr. M.R. Rasheed
KDCSOMALATHAANDKNANADASIRI,K.D.C. Somalatha and K.Nanadasiri,joint,,1,2577086.8,2585431.59049855,0,0,0,Citizens Development Business Finance PLC / K.D.C. Somalatha and K.Nanadasiri
WGPREMARATNADECEASED,Mr. W.G. Premaratna,individual,,1,2566800,3285626.75538808,0,0,0,Mr. W.G. Premaratna (Deceased)
GVSANJAYA,MR.G.V.SANJAYA,individual,,2,2561230.1,2561230.1,0,0,0,MR.G.V.SANJAYA | MR. G.V. Sanjaya
GOLDENTOPFAREAST,Golden Top Far East Limited,company,,1,2531250,2531250,0,0,0,Golden Top Far East Limited
NGNICHOLASANDPRNICHOLAS,MR. N.G. NICHOLAS & MR. P.R.NICHOLAS,joint,,1,2526000.0,2526000.0,0,0,0,MR. N.G. NICHOLAS & MR. P.R.NICHOLAS
AIABEYDEERA,Mr. A.I. Abeydeera,individual,,1,2518552,2518552,0,0,0,Mr. A.I. Abeydeera
SMUHUNTHAN,Mr.S. Muhunthan,individual,,1,2515200,2515200,0,0,0,Mr.S. Muhunthan
YRPDESILVA,MR. Y R P DE SILVA,individual,,2,2453110.1,2460108.66790969,0,0,0,MR. Y R P DE SILVA | Merchant Bank of Sri Lanka & Finance PLC / Y.R.P.De Silva
ASPRIYANGANI,A.S. Priyangani,individual,,1,2440425.98523978,3847673.53597912,0,0,0,Senkadagala Finance PLC/A.S. Priyangani
GDGUNARATNE,G. D. Gunaratne,individual,,1,2425000,2425000,0,0,0,Sampath Bank/ G. D. Gunaratne
BRIANLESTERSEBASTIANPEIRISANDLORRAINEBERNADETTEPEIRIS,MR. BRIAN LESTER SEBASTIAN PEIRIS & MRS. LORRAINE BERNADETTE PEIRIS,joint,,1,2420000,2420000,0,0,0,MR. BRIAN LESTER SEBASTIAN PEIRIS & MRS. LORRAINE BERNADETTE PEIRIS
NIRMALANARJUN,MR. NIRMALAN ARJUN,individual,,1,2420000,2420000,0,0,0,MR. NIRMALAN ARJUN
LUEDIRISINGHE,Dr. L.U. Edirisinghe,individual,,1,2416528.47569048,2416528.47569048,0,0,0,Dr. L.U. Edirisinghe
SENFININSURANCESECTORFUND,Senfin Insurance Sector Fund,institution,,1,2408769,2408769,0,0,0,Hatton National Bank PLC/Senfin Insurance Sector Fund
MJSAVERIMUTTU,Mrs. M.J.Saverimuttu,individual,,1,2400000,2400000,0,0,0,Mrs. M.J.Saverimuttu
PTDHARASGAMA,Mrs.P.T.D. Harasgama,individual,,1,2400000,2400000,0,0,0,Mrs.P.T.D. Harasgama
SAMARAKOONMUDIYANSELAGEVIPULASENARATHBANDARASAMARAKOON,MR. SAMARAKOON MUDIYANSELAGE VIPULA SENARATH BANDARA SAMARAKOON,individual,,1,2370656.2,2370656.2,0,0,0,MR. SAMARAKOON MUDIYANSELAGE VIPULA SENARATH BANDARA SAMARAKOON
KPHERATH,MR. K. P. HERATH,individual,,1,2357162.5,2357162.5,0,0,0,MR. K. P. HERATH
MPBFERNANDO,Mrs. M.P.B. Fernando,individual,,1,2354284.4,2354284.4,0,0,0,Mrs. M.P.B. Fernando
JAJAMEEL,MR. J.A. JAMEEL,individual,,1,2351549.2,2351549.2,0,0,0,MR. J.A. JAMEEL
KYSHPERERA,Mr. K.Y.S.H. Perera,individual,,1,2346372.4,2346372.4,0,0,0,Mr. K.Y.S.H. Perera
FLYBRUNEISDNBHD,FLYBRUNEI SDN BHD,company,,1,2332980,2332980,0,0,0,FLYBRUNEI SDN BHD
COLAMBAPATABENDIGECHRISTOCHATURASUBHASHANAPEIRIS,MR. COLAMBA PATABENDIGE CHRISTO CHATURA SUBHASHANA PEIRIS,individual,,1,2328858.4,2328858.4,0,0,0,MR. COLAMBA PATABENDIGE CHRISTO CHATURA SUBHASHANA PEIRIS
JPHEENATIGALA,Mr. J.P. Heenatigala,individual,,1,2326499.97659614,2326499.97659614,0,0,0,Mr. J.P. Heenatigala
TANGOMISTHONDAMANARACHCHIGENALAKA,MR.T.A.N.GOMIS THONDAMAN ARACHCHIGE NALAKA,individual,,1,2312505,2312505,0,0,0,MR.T.A.N.GOMIS THONDAMAN ARACHCHIGE NALAKA
WGTDISALAANDWGMITHRARATNE,Mr. W.G.T. Disala & Mr. W.G.Mithraratne,joint,,1,2300000,3382097.52172497,0,0,0,Mr. W.G.T. Disala & Mr. W.G.Mithraratne
DARANHOLDINGS,Daran Holdings (Pvt) Ltd,company,,1,2300000,3382097.52172497,0,0,0,Daran Holdings (Pvt) Ltd
RJKIRANATHUNGA,Mr. R.J.K.I. Ranathunga,individual,,1,2286225,2286225,0,0,0,Mr. R.J.K.I. Ranathunga
TIGARASHI,Mr.T Igarashi,individual,,1,2280000,2280000,0,0,0,Mr.T Igarashi
RDDESILVAANDJPSCHNELL,Mr. R.D. De Silva & Mr. J.P.Schnell,joint,,1,2274600,2274600,0,0,0,Mr. R.D. De Silva & Mr. J.P.Schnell
MSABDEEN,MR. M.S. ABDEEN,individual,,1,2272062,2272062,0,0,0,MR. M.S. ABDEEN
BPNARHARI,Mrs.B.P.Narhari,individual,,1,2250000,2250000,0,0,0,Mrs.B.P.Narhari
SPDEARAJAPAKSE,S. P. De A. Rajapakse,individual,,1,2244453.9,2244453.9,0,0,0,S. P. De A. Rajapakse
SIHAQQUE,Mrs. S.I. Haqque,individual,,1,2224400,2224400,0,0,0,Mrs. S.I. Haqque
IPKSKKARUNANAYAKE,Mr. I.P.K.S.K. Karunanayake,individual,,1,2215804.8,2215804.8,0,0,0,Mr. I.P.K.S.K. Karunanayake
BUWANEKATISSAPRATHAPASINGHEANDUMAKUMARIPRATHAPASINGHE,MR. BUWANEKA TISSA PRATHAPASINGHE & MRS. UMA KUMARI PRATHAPASINGHE,joint,,1,2200000,2200000,0,0,0,MR. BUWANEKA TISSA PRATHAPASINGHE & MRS. UMA KUMARI PRATHAPASINGHE
MAHEEKARAJATHAMALANANAYAKKARAANDNANDAPADMINIDANGAMPOLA,MRS. MAHEEKA RAJATHAMALA NANAYAKKARA & MRS. NANDA PADMINI DANGAMPOLA,joint,,1,2200000,2200000,0,0,0,MRS. MAHEEKA RAJATHAMALA NANAYAKKARA & MRS. NANDA PADMINI DANGAMPOLA
RRANAWEERA,R.RANAWEERA,individual,,1,2200000,2200000,0,0,0,CITIZENS DEVELOPMENT BUSINESS FINANCE PLC/R.RANAWEERA
KSGTISINGHATHILAKA,K.S.G.T.I. Singhathilaka,individual,,1,2197065.1,2204179.35318355,0,0,0,LOLC Finance PLC / K.S.G.T.I. Singhathilaka
PALAMANDADIGELAHIRUSHANTHA,DR.PALAMANDADIGE LAHIRU SHANTHA,individual,,1,2196000,2196000,0,0,0,SAMPATH BANK PLC/DR.PALAMANDADIGE LAHIRU SHANTHA
SAOBEYESEKERESIRIDEVAJIT,MR.S.A.OBEYESEKERE SIRIDEV AJIT,individual,,1,2183220,2183220,0,0,0,MR.S.A.OBEYESEKERE SIRIDEV AJIT
NKDIAS,MR. N.K. DIAS,individual,,1,2181029.2,2181029.2,0,0,0,MR. N.K. DIAS
HPFERNANDO,Mr. H.P. Fernando,individual,,1,2158000,2158000,0,0,0,Mr. H.P. Fernando
GULIYANAGE,Mrs. G.U. Liyanage,individual,,1,2140063.2,2140063.2,0,0,0,Mrs. G.U. Liyanage
ANSBANDARA,A.N.S.Bandara,individual,,1,2122098.75,2122098.75,0,0,0,Senkadagala Finance PLC / A.N.S.Bandara
ARSCSUGATHASIRI,A.R.S.C. SUGATHASIRI,individual,,1,2107000,2107000,0,0,0,PMF FINANCE PLC/A.R.S.C. SUGATHASIRI
HSOMASKANDARASA,MR. H. SOMASKANDARASA,individual,,1,2104627.2,2104627.2,0,0,0,MR. H. SOMASKANDARASA
WTPKDESILVA,Mr. W.T.P.K.De Silva,individual,,1,2070000.0,2649698.99628071,0,0,0,Mr. W.T.P.K.De Silva
ADSAMARANAYAKE,Mr. A .D. Samaranayake,individual,,1,2070000.0,2649698.99628071,0,0,0,Mr. A .D. Samaranayake
HSTAN,Miss H.S.Tan,individual,,1,2064300,2064300,0,0,0,Miss H.S.Tan
JPJAYARAMU,MR. J.P. JAYARAMU,individual,,1,2050664,2050664,0,0,0,MR. J.P. JAYARAMU
NMAMARAWICKRAMA,N.M. AMARAWICKRAMA,individual,,1,2050652.4,2050652.4,0,0,0,LOLC FINANCE PLC/N.M. AMARAWICKRAMA
BSAIMATHAVAN,MR. B. SAIMATHAVAN,individual,,1,2049483.8,2049483.8,0,0,0,MR. B. SAIMATHAVAN
CALISTUSNIMALANATHANPAKIANATHAN,Mr. CALISTUS NIMALANATHAN PAKIANATHAN,individual,,1,2046754.9,2046754.9,0,0,0,Mr. CALISTUS NIMALANATHAN PAKIANATHAN
UHPALIHAKKARA,MR. U.H. PALIHAKKARA,individual,,1,2032822.4,2032822.4,0,0,0,MR. U.H. PALIHAKKARA
BMMOLLOY,Mr.B.M.Molloy,individual,,1,2014800.0,2579040.35637989,0,0,0,Mr.B.M.Molloy
GOLDENKEYCO,The Golden Key Company Ltd,company,,1,1980000.0,1980000.0,0,0,0,The Golden Key Company Ltd
FINANCEANDGURANTEECO,The Finance & Gurantee Company Ltd,company,,1,1980000.0,1980000.0,0,0,0,The Finance & Gurantee Company Ltd
CDKOHOMBANWICKRAMAGE,C.D.Kohombanwickramage,individual,,1,1969515,1969515,0,0,0,People's Leasing & Finance PLC / C.D.Kohombanwickramage
MDAYANANDAANDCOSDAYANANDA,MR. M. DAYANANDA & MRS. C.O.S.DAYANANDA,joint,,1,1960000,1960000,0,0,0,MR. M. DAYANANDA & MRS. C.O.S.DAYANANDA
MPRSILVA,MRS. M.P.R. SILVA,individual,,1,1960000,1960000,0,0,0,MRS. M.P.R. SILVA
BSAINIRANJAN,MR. B. SAINIRANJAN,individual,,1,1960000,1960000,0,0,0,MR. B. SAINIRANJAN
STJAYALATH,Mr. S T Jayalath,individual,,1,1952973.0,1952973.0,0,0,0,Mr. S T Jayalath
SDFERNANDO,Mrs. S.D. Fernando,individual,,1,1944800,1944800,0,0,0,Mrs. S.D. Fernando
JMDQPINSIRI,Mr.J.M.D.Q.Pinsiri,individual,,1,1942006.0,1942006.0,0,0,0,Mr.J.M.D.Q.Pinsiri
RCMLSETHIKAVALER,Ms.R.C.M.L.Sethikavaler,individual,,1,1939300,1939300,0,0,0,Ms.R.C.M.L.Sethikavaler
MKVITHANAPATHIRANA,Mr M.K.Vithanapathirana,individual,,1,1938749.4,1938749.4,0,0,0,Mr M.K.Vithanapathirana
PRGUNASEKARA,Mr.P.R.Gunasekara,individual,,1,1920000,1920000,0,0,0,Mr.P.R.Gunasekara
WGHERATH,W.G.Herath,individual,,1,1911530.6,1911530.6,0,0,0,Senkadagala Finance Plc/W.G.Herath
IMALKAMADUSHANIDELIVERAANDDONAANUSHASANJEEWANIWEERASINGHE,MISS. IMALKA MADUSHANI DE LIVERA & MRS. DONA ANUSHA SANJEEWANI WEERASINGHE,joint,,1,1909347,1909347,0,0,0,MISS. IMALKA MADUSHANI DE LIVERA & MRS. DONA ANUSHA SANJEEWANI WEERASINGHE
MLABENEDICTMARKLAWRENCEAJIT,MR.M.L.A.BENEDICT MARK LAWRENCE AJIT,individual,,1,1899424.8,1899424.8,0,0,0,MR.M.L.A.BENEDICT MARK LAWRENCE AJIT
LHMMKUMARIHAMI,Mrs L.H.M.M.Kumarihami,individual,,1,1887803.4,1887803.4,0,0,0,Mrs L.H.M.M.Kumarihami
FAYFARAZ,MS. F.A.Y. FARAZ,individual,,1,1871555.5,1871555.5,0,0,0,MS. F.A.Y. FARAZ
MUMAZMI,MR. M.U.M. AZMI,individual,,1,1868187.5,1868187.5,0,0,0,MR. M.U.M. AZMI
HASMADANAYAKAHIRANARJUNASUREN,MR.H.A.S.MADANAYAKA HIRAN ARJUNA SUREN,individual,,1,1832220,1832220,0,0,0,MR.H.A.S.MADANAYAKA HIRAN ARJUNA SUREN
BASIPERERA,Mr. B.A.S.I Perera,individual,,1,1818040.0,1823926.94293029,0,0,0,Mr. B.A.S.I Perera
GCSRAMANAYAKE,MR. G. C. S. RAMANAYAKE,individual,,1,1804862.5,1804862.5,0,0,0,MR. G. C. S. RAMANAYAKE
PHKUARANASINGHE,Mr. P.H.K.U.A. Ranasinghe,individual,,1,1802856,1802856.0,0,0,0,Mr. P.H.K.U.A. Ranasinghe
BNADARAJAH,Mr.B.Nadarajah,individual,,1,1800000,1800000,0,0,0,Mr.B.Nadarajah
DRWICKRAMASEKARA,Mr.D.R.Wickramasekara,individual,,1,1800000,1800000,0,0,0,Mr.D.R.Wickramasekara
RAHATHIRAMANI,Mr R.A.Hathiramani,individual,,1,1788771.6,1788771.6,0,0,0,Mr R.A.Hathiramani
SMIUKSENEVIRATHNE,Mr. S.M.I.U.K. Senevirathne,individual,,1,1788006.1,1793795.79102424,0,0,0,Mr. S.M.I.U.K. Senevirathne
KGTDGUNATHILAKE,MR. K. G. T. D. GUNATHILAKE,individual,,1,1771017.5,1771017.5,0,0,0,MR. K. G. T. D. GUNATHILAKE
RGGWIJESURIYAANDMAMALIYADDA,R.G.G.Wijesuriya & M.A.Maliyadda,joint,,1,1768200,1768200,0,0,0,Merchant Bank of S L & Finance /R.G.G.Wijesuriya & M.A.Maliyadda
KNISHATH,MRS. K. NISHATH,individual,,1,1765810.8,1765810.8,0,0,0,MRS. K. NISHATH
MSFHAQQUEANDSIHAQQUE,MR. M.S.F. Haqque and Mrs. S.I.Haqque,joint,,1,1765008.8,1770724.02412986,0,0,0,MR. M.S.F. Haqque and Mrs. S.I.Haqque
DSASAMARAWEERA,Dr. D.S.A. Samaraweera,individual,,1,1759600,1759600,0,0,0,Dr. D.S.A. Samaraweera
CSWANIGASEKARA,MISS. C.S. WANIGASEKARA,individual,,1,1740480,1740480,0,0,0,MISS. C.S. WANIGASEKARA
JHEWAWANITUNGA,J.HEWAWANITUNGA,individual,,1,1716000,1716000,0,0,0,MERCHANT BANK OF SRI LANKA & FINANCE PLC/J.HEWAWANITUNGA
GKKULATILLEKE,MR. G.K. KULATILLEKE,individual,,1,1705760,1705760,0,0,0,MR. G.K. KULATILLEKE
UCBANDARANAYAKELBANDARANAYAKE,Mr. U.C. Bandaranayake/Mrs. L. Bandaranayake,joint,,1,1690000,1690000,0,0,0,Mr. U.C. Bandaranayake/Mrs. L. Bandaranayake
DAMBADENIYAMULTYPURPOSECOOPERATIVESOCIETY,DAMBADENIYA MULTY PURPOSE CO-OPERATIVE SOCIETY LIMITED,company,,1,1688840.4,1688840.4,0,0,0,DAMBADENIYA MULTY PURPOSE CO-OPERATIVE SOCIETY LIMITED
RAMKTBANDARA,MR. R.A.M.K.T. BANDARA,individual,,1,1684726.4,1684726.4,0,0,0,MR. R.A.M.K.T. BANDARA
RMSPRATHNAYAKA,Mr R.M.S.P.Rathnayaka,individual,,1,1680957.6,1680957.6,0,0,0,Mr R.M.S.P.Rathnayaka
GWKARUNARATNE,Dr.G.W.Karunaratne,individual,,1,1680000,1680000,0,0,0,Dr.G.W.Karunaratne
RTPURASINGHE,Mrs.R.T.Purasinghe,individual,,1,1680000,1680000,0,0,0,Mrs.R.T.Purasinghe
HASAPPUHAMI,Mr.H A S Appuhami,individual,,1,1631020.8,1631020.8,0,0,0,Mr.H A S Appuhami
MERCHANTBANKOFSLANDFINANCEBAMADUSHANTHA,Merchant Bank of S L & Finance PLC B.A.Madushantha,company,,1,1618654.8,1618654.8,0,0,0,Merchant Bank of S L & Finance PLC B.A.Madushantha
VLMSDEMEL,V.L.M.S.DE MEL,individual,,1,1560000,1560000,0,0,0,HATTON NATIONAL BANK PLC/V.L.M.S.DE MEL
ARAJARATNAM,Mr.A.Rajaratnam,individual,,1,1560000,1560000,0,0,0,Mr.A.Rajaratnam
RSKFERNANDO,MR. R.S.K. FERNANDO,individual,,1,1549701.0,1549701.0,0,0,0,MR. R.S.K. FERNANDO
PTMIGTHILAKARATNE,P.T.M.I.G.THILAKARATNE,individual,,1,1522500,1522500,0,0,0,SENKADAGALA FINANCE PLC/P.T.M.I.G.THILAKARATNE
BADINDRASIRI,MR. B.A.D. INDRASIRI,individual,,1,1496400,1496400,0,0,0,MR. B.A.D. INDRASIRI
PBPANABOKKE,Mr. P B Panabokke,individual,,1,1491826,1491826,0,0,0,Mr. P B Panabokke
YRPDE,Y R P DE,individual,,1,1472228,1472228,0,0,0,MERCHANT BANK OF SRI LANKA & FINANCE PLC/Y R P DE
DPATHIRANA,MR. D. PATHIRANA,individual,,1,1452984,1452984,0,0,0,MR. D. PATHIRANA
LKSEPALAGE,Mr. L.K. Sepalage,individual,,1,1448832,1448832,0,0,0,Mr. L.K. Sepalage
PRAJANSZ,Mr.P.R.A.Jansz,individual,,1,1440000.0,1440000.0,0,0,0,Mr.P.R.A.Jansz
BMRDDASANAYAKE,MR. B.M.R.D. DASANAYAKE,individual,,1,1439053.2,1439053.2,0,0,0,MR. B.M.R.D. DASANAYAKE
SPRIYADARSHAN,Mr. S. Priyadarshan,individual,,1,1436500,1436500,0,0,0,Mr. S. Priyadarshan
WARNAKULASURIYATHUSITHAJANANISASHIKAFERNANDO,Mrs. Warnakulasuriya Thusitha Janani Sashika Fernando,individual,,1,1391167.8,1391167.8,0,0,0,Mrs. Warnakulasuriya Thusitha Janani Sashika Fernando
MWMDWEERARATNE,MR. M.W.M.D. WEERARATNE,individual,,1,1368124.8,1368124.8,0,0,0,MR. M.W.M.D. WEERARATNE
ISIRISUMANA,REV. I. SIRISUMANA,individual,,1,1337625,1337625,0,0,0,REV. I. SIRISUMANA
KMOHAMEDRIHAN,Mr. K. Mohamed Rihan,individual,,1,1326131.2,1326131.2,0,0,0,Mr. K. Mohamed Rihan
PUBLICTRUSTEEASEXECUTOROFTHEESRATEOFDSKAHAWITA,The Public Trustee as Executor of The Esrate Of D S Kahawita,trust,,1,1307900,1307900,0,0,0,The Public Trustee as Executor of The Esrate Of D S Kahawita
MNATHTHAS,MR. M.N. ATHTHAS,individual,,1,1303982.4,1303982.4,0,0,0,MR. M.N. ATHTHAS
HMCMABEWARDANA,H.M.C.M. ABEWARDANA,individual,,1,1289008.0,1289008.0,0,0,0,MERCHANT BANK OF SRI LANKA & FINANCE PLC/H.M.C.M. ABEWARDANA
K,MR.K,individual,,1,1284519.6,1284519.6,0,0,0,PEOPLES LEASING & FINANCE PLC/MR.K
SMCNSAMARAKOON,MR. S.M.C.N. SAMARAKOON,individual,,1,1258566.4,1258566.4,0,0,0,MR. S.M.C.N. SAMARAKOON
MALIMAGETREHANMARIOFRANCISCOPERERA,Mr. Malimage Trehan Mario Francisco Perera,individual,,1,1254508.2,1254508.2,0,0,0,Mr. Malimage Trehan Mario Francisco Perera
TACMADUSHAN,MR. T.A.C. MADUSHAN,individual,,1,1252800.0,1252800.0,0,0,0,MR. T.A.C. MADUSHAN
SDNGHEWABARANIGE,Mr.S D N G Hewabaranige,individual,,1,1248459.6,1248459.6,0,0,0,Mr.S D N G Hewabaranige
SIVALINGAMGOBINATH,Mr. Sivalingam Gobinath,individual,,1,1247400,1247400,0,0,0,Mr. Sivalingam Gobinath
PAGTPATTANAYAKE,MR. P.A.G.T.P. Attanayake,individual,,1,1238094,1238094,0,0,0,MR. P.A.G.T.P. Attanayake
HALKERANASINGHEMUDIYANSELAGETHUSHARALAKSHMANRANASINGHE,Mr. Halke Ranasinghe Mudiyanselage Thushara Lakshman Ranasinghe,individual,,1,1222155,1222155,0,0,0,Mr. Halke Ranasinghe Mudiyanselage Thushara Lakshman Ranasinghe
WMDIPABEYRATHNE,W.M.D.I.P.ABEYRATHNE,individual,,1,1208865,1208865,0,0,0,PEOPLE S LEASING AND FINANCE PLC/W.M.D.I.P.ABEYRATHNE
APRIYANTHAKUMARA,Mr. A. Priyantha Kumara,individual,,1,1184102.4,1184102.4,0,0,0,Mr. A. Priyantha Kumara
KKUDWEERASINGHE,MISS. K.K.U.D. WEERASINGHE,individual,,1,1164419.2,1164419.2,0,0,0,MISS. K.K.U.D. WEERASINGHE
KAHANDAWALAARACHCHIGEDONAJANTHAMETHTHASENA,Mr. Kahandawala Arachchige Don Ajantha Meththasena,individual,,1,1148400,1148400,0,0,0,Mr. Kahandawala Arachchige Don Ajantha Meththasena
BVLCHAMARA,Mr. B.V.L. Chamara,individual,,1,1135923.75,1135923.75,0,0,0,Mr. B.V.L. Chamara
MAUGNANATHILAKE,MR. M. A. U. GNANATHILAKE,individual,,1,1135120,1135120,0,0,0,PEOPLE'S LEASING & FINANCE PLC/MR. M. A. U. GNANATHILAKE
MMASLAMJIFFRY,MR. M. M. ASLAM JIFFRY,individual,,1,1125635,1125635,0,0,0,MR. M. M. ASLAM JIFFRY
MRMSIMSAN,MR. M. R. M. SIMSAN,individual,,1,1124952.5,1124952.5,0,0,0,MR. M. R. M. SIMSAN
MURUGESUMAHIBALAN,MR. MURUGESU MAHIBALAN,individual,,1,1121251.5,1121251.5,0,0,0,MR. MURUGESU MAHIBALAN
JDVITHANAGERPPRIYADARSHANI,Mr. J.D. Vithanage/Mrs. R.P. Priyadarshani,joint,,1,1098500,1098500,0,0,0,Mr. J.D. Vithanage/Mrs. R.P. Priyadarshani
MATGMANCHANAYAKA,MR. M. A. T. G. MANCHANAYAKA,individual,,1,1094590,1094590,0,0,0,MR. M. A. T. G. MANCHANAYAKA
WASPDESARAMANDWISDESERAM,MR. W.A.S.P. DE SARAM & MRS. W.I.S.DE SERAM,joint,,1,1076451,1076451,0,0,0,MR. W.A.S.P. DE SARAM & MRS. W.I.S.DE SERAM
KAUKODITHUWAKKU,Mrs. K.A.U. Kodithuwakku,individual,,1,1070784,1070784,0,0,0,Mrs. K.A.U. Kodithuwakku
WGAFERNANDO,Mr. W.G.A. Fernando,individual,,1,1058937,1058937,0,0,0,Mr. W.G.A. Fernando
KAAIKODITHUWAKKU,MR. K. A. A. I. KODITHUWAKKU,individual,,1,1050000,1050000,0,0,0,MR. K. A. A. I. KODITHUWAKKU
ANURABANDARASAMARAKOON,Dr. Anura Bandara Samarakoon,individual,,1,1036530,1036530,0,0,0,Dr. Anura Bandara Samarakoon
SRPWANIGASURIYA,Mr. S.R.P. Wanigasuriya,individual,,1,1024000,1024000,0,0,0,Mr. S.R.P. Wanigasuriya
RMSPRBANDARA,R.M.S.P.R.BANDARA,individual,,1,1018144.6,1018144.6,0,0,0,SENKADAGALA FINANCE PLC/R.M.S.P.R.BANDARA
APLDDNFERNANDO,Mrs. A.P.L.D.D.N. Fernando,individual,,1,1012500.0,1012500.0,0,0,0,Mrs. A.P.L.D.D.N. Fernando
CTHAMOTHARAMPILLAI,Mr. C. Thamotharampillai,individual,,1,1012500.0,1012500.0,0,0,0,Mr. C. Thamotharampillai
WEERASINGHEARACHCHIGESANTHUSHITHACHATHUMADHURA,MR. WEERASINGHE ARACHCHIGE SANTHUSHITHA CHATHUMADHURA,individual,,1,1010000.0,1010000.0,0,0,0,MR. WEERASINGHE ARACHCHIGE SANTHUSHITHA CHATHUMADHURA
MRLAFFIR,MR. M.R. LAFFIR,individual,,1,1000500.0,1000500.0,0,0,0,MR. M.R. LAFFIR
MOHAMEDABDEENMOHAMEDSHAMEEL,Mr. Mohamed Abdeen Mohamed Shameel,individual,,1,990000,990000,0,0,0,Mr. Mohamed Abdeen Mohamed Shameel
WEERASEKARAMUDIYANSELAGENILANTHIKUMARIWEERASEKARA,Mrs. Weerasekara Mudiyanselage Nilanthi Kumari Weerasekara,individual,,1,990000,990000,0,0,0,Mrs. Weerasekara Mudiyanselage Nilanthi Kumari Weerasekara
MBJMTUBJAYASEKARA,MR. M.B.J.M.T.U.B. Jayasekara,individual,,1,984193.0,984193.0,0,0,0,MR. M.B.J.M.T.U.B. Jayasekara
ABDULAZEESMOHAMEDANAS,Mr. Abdul Azees Mohamed Anas,individual,,1,972180,972180,0,0,0,Mr. Abdul Azees Mohamed Anas
APGAMAGE,MR. A.P.GAMAGE,individual,,1,958457.1,958457.1,0,0,0,MR. A.P.GAMAGE
PHAMARASINGHE,MR. P.H. Amarasinghe,individual,,1,944587,944587,0,0,0,MR. P.H. Amarasinghe
SSMIRANDA,MR. S S MIRANDA,individual,,1,922892.9,922892.9,0,0,0,MR. S S MIRANDA
MIRISSAGENALAKAPREETHISUDARSHANASILVA,Dr. Mirissage Nalaka Preethi Sudarshana Silva,individual,,1,915789.6,915789.6,0,0,0,Dr. Mirissage Nalaka Preethi Sudarshana Silva
WKDJKUMARA,DR. W.K.D.J. Kumara,individual,,1,912596.3,912596.3,0,0,0,DR. W.K.D.J. Kumara
LHRPERERA,MR. L.H.R. PERERA,individual,,1,909524.1,909524.1,0,0,0,MR. L.H.R. PERERA
PLSOMARATNE,Mr. P.L. Somaratne,individual,,1,894300.0,894300,0,0,0,Mr. P.L. Somaratne
NITHILAHARISANDUTALGASWATTE,Mr. Nithila Harisandu Talgaswatte,individual,,1,891000,891000,0,0,0,Mr. Nithila Harisandu Talgaswatte
PDTHALPEPANDITHAGE,MR. P.D. THALPE PANDITHAGE,individual,,1,874384.8,874384.8,0,0,0,MR. P.D. THALPE PANDITHAGE
JAPDJAYASURIYA,MR. J.A.P.D. JAYASURIYA,individual,,1,870000.0,870000.0,0,0,0,MR. J.A.P.D. JAYASURIYA
EKANAYAKEMUDIYANSELAGEPALLEGEDARAJANAKABANDARAEKANAYAKE,Mr. Ekanayake Mudiyanselage Palle Gedara Janaka Bandara Ekanayake,individual,,1,863280,863280,0,0,0,Mr. Ekanayake Mudiyanselage Palle Gedara Janaka Bandara Ekanayake
MRAMASUBBU,DR.M. Ramasubbu,individual,,1,861900,861900,0,0,0,DFCC Bank PLC/DR.M. Ramasubbu
JWLCBOTEJU,Mr. J.W.L.C. Boteju,individual,,1,849056,849056,0,0,0,Mr. J.W.L.C. Boteju
AMPEMOHOTTIAPPUHAMILAGEDONTHARAKASAMPATHPRIYANKARA,Mr. Ampemohotti Appuhamilage Don Tharaka Sampath Priyankara,individual,,1,845460,845460,0,0,0,Mr. Ampemohotti Appuhamilage Don Tharaka Sampath Priyankara
ESTOFLATDMGPERERA,Est. of LAT D.M.G. Perera,estate,,1,845000,845000,0,0,0,Est. of LAT D.M.G. Perera
JALOYSIUSDECEASED,Mrs. J. Aloysius,individual,,1,845000,845000,0,0,0,Mrs. J. Aloysius (Deceased)
HUSHASANKA,Mr. H.U. Shasanka,individual,,1,819200.0,819200.0,0,0,0,Mr. H.U. Shasanka
RMIPRANASINGHE,Ms. R M I P Ranasinghe,individual,,1,699777.6,699777.6,0,0,0,Ms. R M I P Ranasinghe
GCGOONETILEKE,Mr. G C Goonetileke,individual,,1,695400,695400,0,0,0,Mr. G C Goonetileke
HKUDLAMARASIRI,MR. H.K.U.D.L. Amarasiri,individual,,1,692778,692778,0,0,0,MR. H.K.U.D.L. Amarasiri
MAAHAMEDZAHVIE,Mr. M.A. Ahamed Zahvie,individual,,1,660000,660000,0,0,0,Mr. M.A. Ahamed Zahvie
KADIRAPPULIGELANKAPRIYADHARSHANAFERNANDO,MR. KADIRAPPULIGE LANKA PRIYADHARSHANA FERNANDO,individual,,1,656500.0,656500.0,0,0,0,MR. KADIRAPPULIGE LANKA PRIYADHARSHANA FERNANDO
DMMDISSANAYAKE,Mr. D.M.M. Dissanayake,individual,,1,653268,653268,0,0,0,Mr. D.M.M. Dissanayake
GONNAGELUCIANSENARATHLIVERA,MR. GONNAGE LUCIAN SENARATH LIVERA,individual,,1,652460,652460,0,0,0,MR. GONNAGE LUCIAN SENARATH LIVERA
SESATARASINGHE,Miss S.E. Satarasinghe,individual,,1,629760.0,629760.0,0,0,0,Miss S.E. Satarasinghe
HDDSPERERA,Mr. H.D.D.S Perera,individual,,1,585816,585816,0,0,0,Mr. H.D.D.S Perera
MOHAMEDHUSSAINNASSIMHUSSAIN,MR. MOHAMED HUSSAIN NASSIM HUSSAIN,individual,,1,575629.3,575629.3,0,0,0,MR. MOHAMED HUSSAIN NASSIM HUSSAIN
HETTIGODACITY,Hettigoda City Pvt Ltd,company,,1,570000,570000,0,0,0,Hettigoda City Pvt Ltd
PULAHINGEKASUNERANGARODRIGO,MR. PULAHINGE KASUN ERANGA RODRIGO,individual,,1,555893.9,555893.9,0,0,0,MR. PULAHINGE KASUN ERANGA RODRIGO
PANNALAKOTTALBADDAARACHCHIGEMUDANTHAMAHESHAKAPANNALA,MR. PANNALA KOTTALBADDA ARACHCHIGE MUDANTHA MAHESHAKA PANNALA,individual,,1,525200,525200,0,0,0,MR. PANNALA KOTTALBADDA ARACHCHIGE MUDANTHA MAHESHAKA PANNALA
LISTED:AHUN,AITKEN SPENCE HOTEL HOLDINGS PLC,listed,AHUN,1,0,0,0,0,0,AITKEN SPENCE HOTEL HOLDINGS PLC
VRJAYASINGHE,MRS. V.R. JAYASINGHE,individual,,1,0,0,0,0,0,MRS. V.R. JAYASINGHE
AITKENSPENCEHOTELS,AITKEN SPENCE HOTELS LTD.,company,,1,0,0,0,0,0,AITKEN SPENCE HOTELS LTD.
HERITANCE,HERITANCE (PRIVATE) LIMITED,company,,1,0,0,0,0,0,HERITANCE (PRIVATE) LIMITED
SDWEVELDENIYA,MR. S.D. WEVELDENIYA,individual,,1,0,0,0,0,0,MR. S.D. WEVELDENIYA
KANDALAMAHOTELS,KANDALAMA HOTELS LTD.,company,,1,0,0,0,0,0,KANDALAMA HOTELS LTD.
CSSILVAPULLE,MRS. C.S. SILVAPULLE,individual,,1,0,0,0,0,0,MRS. C.S. SILVAPULLE
MESBGEXESTAFFPROVIDENTASSO,MES B.G. EXE STAFF PROVIDENT ASSO.,institution,,1,0,0,0,0,0,MES B.G. EXE STAFF PROVIDENT ASSO.
DAYAGROUP,DAYA GROUP (PRIVATE) LIMITED,company,,1,0,0,0,0,0,DAYA GROUP (PRIVATE) LIMITED | PEOPLE'S LEASING & FINANCE PLC/DAYA GROUP (PVT) LTD
AGAMAGE,MRS. A. GAMAGE,individual,,1,0,0,0,0,0,MRS. A. GAMAGE
DKGAMAGE,MR. D.K. GAMAGE,individual,,1,0,0,0,0,0,MR. D.K. GAMAGE
OLYMPUSCONSTRUCTION,OLYMPUS CONSTRUCTION (PRIVATE) LIMITED,company,,1,0,0,0,0,0,OLYMPUS CONSTRUCTION (PRIVATE) LIMITED | PEOPLE'S LEASING & FINANCE PLC/OLYMPUS CONSTRUCTION (PVT) LTD
DAYAAPPARELEXPORT,DAYA APPAREL EXPORT (PVT) LTD,company,,1,0,0,0,0,0,DAYA APPAREL EXPORT (PVT) LTD | COMMERCIAL BANK OF CEYLON PLC/DAYA APPAREL EXPORT (PVT) LTD | PEOPLE'S LEASING & FINANCE PLC/DAYA APPAREL EXPORT (PVT) LTD
PMKGAMAGE,MISS. P.M.K. GAMAGE,individual,,1,0,0,0,0,0,MISS. P.M.K. GAMAGE
CKGAMAGE,MR. C.K. GAMAGE,individual,,1,0,0,0,0,0,MR. C.K. GAMAGE
UWJPASUMATHIPALA,MR. U.W.J.P.A. SUMATHIPALA,individual,,1,0,0,0,0,0,MR. U.W.J.P.A. SUMATHIPALA
KARAGODALOKUGAMAGEUDAYANANDA,KARAGODA LOKU GAMAGE UDAYANANDA,individual,,1,0,0,0,0,0,SEYLAN BANK PLC/KARAGODA LOKU GAMAGE UDAYANANDA
DNSENANAYAKE,MR. D.N. SENANAYAKE,individual,,1,0,0,0,0,0,MR. D.N. SENANAYAKE
AHOSHAN,MR. A. HOSHAN,individual,,1,0,0,0,0,0,MR. A. HOSHAN
KLUDAYANANDA,K.L.UDAYANANDA,individual,,1,0,0,0,0,0,PEOPLE'S LEASING & FINANCE PLC/K.L.UDAYANANDA
KDCSOMALATHAANDKNANDASIRISHARESHELDBYOTHERS,K.D.C. SOMALATHA AND K. NANDASIRI Shares held by others,joint,,1,0,0,0,0,0,CITIZENS DEVELOPMENT BUSINESS FINANCE PLC/K.D.C. SOMALATHA AND K. NANDASIRI Shares held by others
CEYLINCOCAPITALINVESTMENTCOPVT,Ceylinco Capital Investment Co(Pvt) Ltd,company,,1,0,0,0,0,0,Ceylinco Capital Investment Co(Pvt) Ltd
JWMJPKRATNAYAKE,Mr.J.W.M.J.P.K.Ratnayake,individual,,1,0,0,0,0,0,Mr.J.W.M.J.P.K.Ratnayake
JLBKOTELAWALA,Mr. J.L.B Kotelawala,individual,,1,0,0,0,0,0,Mr. J.L.B Kotelawala
JLBKOTELAWALAANDSPCKOTELAWALAJOINTLY,Mr. J.L.B Kotelawala & S.P.C.Kotelawala (Jointly),joint,,1,0,0,0,0,0,Mr. J.L.B Kotelawala & S.P.C.Kotelawala (Jointly)
SPCKOTELAWALA,Ms S.P.C.Kotelawala,individual,,1,0,0,0,0,0,Ms S.P.C.Kotelawala
FINANCEANDGUARANTEEPROPERTYDEVELOPERS,Finance And Guarantee Property Developers (Pvt) Ltd.,company,,1,0,0,0,0,0,Finance And Guarantee Property Developers (Pvt) Ltd.
ASHAFINANCIALSERVICESCNPAKIANATHAN,Asha Financial Services Ltd - Mr C.N.Pakianathan,company,,1,0,0,0,0,0,Asha Financial Services Ltd - Mr C.N.Pakianathan
WLGUNASENA,Mr W.L.Gunasena,individual,,1,0,0,0,0,0,Mr W.L.Gunasena
KPADMAKUMARA,Mr.K. Padmakumara,individual,,1,0,0,0,0,0,Mr.K. Padmakumara
OXFORDGARMENTINDUSTRIES,Oxford Garment Industries Ltd,company,,1,0,0,0,0,0,Oxford Garment Industries Ltd
SMPATHIRANAGE,S M Pathiranage,individual,,1,0,0,0,0,0,Merchant Bank of Sri Lanka Plc/ S M Pathiranage
PERIS,Mr.Peris,individual,,1,0,0,0,0,0,Mr.Peris
FERNANDO,Mrs.Fernando,individual,,1,0,0,0,0,0,Mrs.Fernando
KBRRKARIYAVASAM,Mr.K B R.R Kariyavasam,individual,,1,0,0,0,0,0,Mr.K B R.R Kariyavasam
MYTHILYRASANAYAGAM,Mrs.Mythily Rasanayagam,individual,,1,0,0,0,0,0,Mrs.Mythily Rasanayagam
RMSAMARAKKODY,R.M.Samarakkody,individual,,1,0,0,0,0,0,Peoples Marchant Finance PLC/R.M.Samarakkody
NEWINTERORS,New Interors (Pvt) Ltd,company,,1,0,0,0,0,0,New Interors (Pvt) Ltd
MKNIROSHAGAYANTHI,Miss M K Nirosha Gayanthi,individual,,1,0,0,0,0,0,Miss M K Nirosha Gayanthi
SINGHECAPITALINVESTMENT,Singhe Capital Investment Limited,company,,1,0,0,0,0,1,Singhe Capital Investment Limited
MUTUALHOLDINGS,Mutual Holdings Limited,company,,1,0,0,0,0,0,Mutual Holdings Limited
NSACOORAY,Mr. N S A Cooray,individual,,1,0,0,0,0,0,Mr. N S A Cooray
DUNAMISCAPITAL,Dunamis Capital PLC,company,,1,0,0,0,0,0,Dunamis Capital PLC
AJCSENATHIPATHY,Mr. A J C Senathipathy,individual,,1,0,0,0,0,0,Mr. A J C Senathipathy
SHAMARASEKERA,Mr. S H Amarasekera,individual,,1,0,0,0,0,0,Mr. S H Amarasekera
AKAMAJEED,Mr. A K A Majeed,individual,,1,0,0,0,0,0,Mr. A K A Majeed
MFCADER,Mr. M F Cader,individual,,1,0,0,0,0,0,Mr. M F Cader
APDHAMMIKA,Mr. A P Dhammika,individual,,1,0,0,0,0,0,Mr. A P Dhammika
NDPJAYATUNGA,Ms.N D P Jayatunga,individual,,1,0,0,0,0,0,Ms.N D P Jayatunga
CENTRALINVESTMENTSANDFINANCEUNDERLIQUI,Central Investments & Finance Limited (Under Liqui.),company,,1,0,0,0,0,0,Central Investments & Finance Limited (Under Liqui.)
WADSSANJEEWANI,Ms. W A D S Sanjeewani,individual,,1,0,0,0,0,0,Ms. W A D S Sanjeewani
TYOSHIDA,MR. T Yoshida,individual,,1,0,0,0,0,0,MR. T Yoshida
MVPNCHANDRAKUMARA,Mr. M V P N Chandrakumara,individual,,1,0,0,0,0,0,Mr. M V P N Chandrakumara
LESINGHELA,Lesing Hela Limited,company,,1,0,0,0,0,1,Lesing Hela Limited
TARSINVESTMENTSLANKA,Tars Investments Lanka (Pvt) Ltd.,company,,1,0,0,0,0,0,Tars Investments Lanka (Pvt) Ltd.
PLDJINADASA,Mr. P.L.D. Jinadasa,individual,,1,0,0,0,0,0,Mr. P.L.D. Jinadasa
PANADURALIYANAGEDILANKAJINADASA,Panadura Liyanage Dilanka Jinadasa,individual,,1,0,0,0,0,0,DFCC Bank PLC / Panadura Liyanage Dilanka Jinadasa
DEHMCVEY,Mr D.E.H Mcvey,individual,,1,0,0,0,0,0,Mr D.E.H Mcvey
TCUJAYANETTI,Mr T.C.U Jayanetti,individual,,1,0,0,0,0,0,Mr T.C.U Jayanetti
RSPAMARATUNGA,Mr. R.S.P. Amaratunga,individual,,1,0,0,0,0,0,Mr. R.S.P. Amaratunga
DCRBOTEJU,Mrs D.C.R Boteju,individual,,1,0,0,0,0,0,Mrs D.C.R Boteju
ARRASIAH,Mr. A.R. Rasiah,individual,,1,0,0,0,0,0,Mr. A.R. Rasiah
MADESILVA,Mr M.A. De Silva,individual,,1,0,0,0,0,0,Mr M.A. De Silva
PSVFERNANDO,Mr. P.S.V. Fernando,individual,,1,0,0,0,0,0,Mr. P.S.V. Fernando
DMBERUWALAGE,Mr. D.M. Beruwalage,individual,,1,0,0,0,0,0,Mr. D.M. Beruwalage
SRAJEEWAN,Mrs S Rajeewan,individual,,1,0,0,0,0,0,Mrs S Rajeewan
SONALISENARATNA,Sonali Senaratna,individual,,1,0,0,0,0,0,Hatton National Bank PLC/ Sonali Senaratna
AUFFASMIYA,Mrs. A.U.F. Fasmiya,individual,,1,0,0,0,0,0,Mrs. A.U.F. Fasmiya
